trackers|deqalloc|guerraoui_ext_bst_ticket|200000|100|192|False|2geibr
trackers|deqalloc_genericdeque|guerraoui_ext_bst_ticket|200000|100|192|False|2geibr
trackers|mimalloc|guerraoui_ext_bst_ticket|200000|100|192|False|2geibr
trackers|jemalloc|guerraoui_ext_bst_ticket|200000|100|192|True|2geibr_df
trackers|snmalloc|guerraoui_ext_bst_ticket|200000|100|192|False|2geibr
trackers|hoard|guerraoui_ext_bst_ticket|200000|100|192|True|2geibr
trackers|tcmalloc|guerraoui_ext_bst_ticket|200000|100|192|False|2geibr_df
trackers|tbbmalloc|guerraoui_ext_bst_ticket|200000|100|192|False|2geibr_df
trackers|lockfree|guerraoui_ext_bst_ticket|200000|100|192|True|2geibr_df
trackers|rpmalloc|guerraoui_ext_bst_ticket|200000|100|192|False|2geibr_df
trackers|glibc|guerraoui_ext_bst_ticket|200000|100|192|False|2geibr
trackers|deqalloc|guerraoui_ext_bst_ticket|200000|100|192|False|debra
trackers|deqalloc_genericdeque|guerraoui_ext_bst_ticket|200000|100|192|False|debra
trackers|mimalloc|guerraoui_ext_bst_ticket|200000|100|192|False|debra
trackers|jemalloc|guerraoui_ext_bst_ticket|200000|100|192|True|debra_df
trackers|snmalloc|guerraoui_ext_bst_ticket|200000|100|192|False|debra
trackers|hoard|guerraoui_ext_bst_ticket|200000|100|192|True|debra
trackers|tcmalloc|guerraoui_ext_bst_ticket|200000|100|192|False|debra_df
trackers|tbbmalloc|guerraoui_ext_bst_ticket|200000|100|192|False|debra_df
trackers|lockfree|guerraoui_ext_bst_ticket|200000|100|192|True|debra_df
trackers|rpmalloc|guerraoui_ext_bst_ticket|200000|100|192|False|debra_df
trackers|glibc|guerraoui_ext_bst_ticket|200000|100|192|False|debra
trackers|deqalloc|guerraoui_ext_bst_ticket|200000|100|192|False|he
trackers|deqalloc_genericdeque|guerraoui_ext_bst_ticket|200000|100|192|False|he
trackers|mimalloc|guerraoui_ext_bst_ticket|200000|100|192|False|he
trackers|jemalloc|guerraoui_ext_bst_ticket|200000|100|192|True|he_df
trackers|snmalloc|guerraoui_ext_bst_ticket|200000|100|192|False|he
trackers|hoard|guerraoui_ext_bst_ticket|200000|100|192|True|he
trackers|tcmalloc|guerraoui_ext_bst_ticket|200000|100|192|False|he_df
trackers|tbbmalloc|guerraoui_ext_bst_ticket|200000|100|192|False|he_df
trackers|lockfree|guerraoui_ext_bst_ticket|200000|100|192|True|he_df
trackers|rpmalloc|guerraoui_ext_bst_ticket|200000|100|192|False|he_df
trackers|glibc|guerraoui_ext_bst_ticket|200000|100|192|False|he
trackers|deqalloc|guerraoui_ext_bst_ticket|200000|100|192|False|ibr_hp
trackers|deqalloc_genericdeque|guerraoui_ext_bst_ticket|200000|100|192|False|ibr_hp
trackers|mimalloc|guerraoui_ext_bst_ticket|200000|100|192|False|ibr_hp
trackers|jemalloc|guerraoui_ext_bst_ticket|200000|100|192|True|ibr_hp_df
trackers|snmalloc|guerraoui_ext_bst_ticket|200000|100|192|False|ibr_hp
trackers|hoard|guerraoui_ext_bst_ticket|200000|100|192|True|ibr_hp
trackers|tcmalloc|guerraoui_ext_bst_ticket|200000|100|192|False|ibr_hp_df
trackers|tbbmalloc|guerraoui_ext_bst_ticket|200000|100|192|False|ibr_hp_df
trackers|lockfree|guerraoui_ext_bst_ticket|200000|100|192|True|ibr_hp_df
trackers|rpmalloc|guerraoui_ext_bst_ticket|200000|100|192|False|ibr_hp_df
trackers|glibc|guerraoui_ext_bst_ticket|200000|100|192|False|ibr_hp
trackers|deqalloc|guerraoui_ext_bst_ticket|200000|100|192|False|ibr_rcu
trackers|deqalloc_genericdeque|guerraoui_ext_bst_ticket|200000|100|192|False|ibr_rcu
trackers|mimalloc|guerraoui_ext_bst_ticket|200000|100|192|False|ibr_rcu
trackers|jemalloc|guerraoui_ext_bst_ticket|200000|100|192|True|ibr_rcu_df
trackers|snmalloc|guerraoui_ext_bst_ticket|200000|100|192|False|ibr_rcu
trackers|hoard|guerraoui_ext_bst_ticket|200000|100|192|True|ibr_rcu
trackers|tcmalloc|guerraoui_ext_bst_ticket|200000|100|192|False|ibr_rcu_df
trackers|tbbmalloc|guerraoui_ext_bst_ticket|200000|100|192|False|ibr_rcu_df
trackers|lockfree|guerraoui_ext_bst_ticket|200000|100|192|True|ibr_rcu_df
trackers|rpmalloc|guerraoui_ext_bst_ticket|200000|100|192|False|ibr_rcu_df
trackers|glibc|guerraoui_ext_bst_ticket|200000|100|192|False|ibr_rcu
trackers|deqalloc|guerraoui_ext_bst_ticket|200000|100|192|False|nbrplus
trackers|deqalloc_genericdeque|guerraoui_ext_bst_ticket|200000|100|192|False|nbrplus
trackers|mimalloc|guerraoui_ext_bst_ticket|200000|100|192|False|nbrplus
trackers|jemalloc|guerraoui_ext_bst_ticket|200000|100|192|True|nbrplus_df
trackers|snmalloc|guerraoui_ext_bst_ticket|200000|100|192|False|nbrplus
trackers|hoard|guerraoui_ext_bst_ticket|200000|100|192|True|nbrplus
trackers|tcmalloc|guerraoui_ext_bst_ticket|200000|100|192|False|nbrplus_df
trackers|tbbmalloc|guerraoui_ext_bst_ticket|200000|100|192|False|nbrplus_df
trackers|lockfree|guerraoui_ext_bst_ticket|200000|100|192|True|nbrplus_df
trackers|rpmalloc|guerraoui_ext_bst_ticket|200000|100|192|False|nbrplus_df
trackers|glibc|guerraoui_ext_bst_ticket|200000|100|192|False|nbrplus
trackers|deqalloc|guerraoui_ext_bst_ticket|200000|100|192|False|qsbr
trackers|deqalloc_genericdeque|guerraoui_ext_bst_ticket|200000|100|192|False|qsbr
trackers|mimalloc|guerraoui_ext_bst_ticket|200000|100|192|False|qsbr
trackers|jemalloc|guerraoui_ext_bst_ticket|200000|100|192|True|qsbr_df
trackers|snmalloc|guerraoui_ext_bst_ticket|200000|100|192|False|qsbr
trackers|hoard|guerraoui_ext_bst_ticket|200000|100|192|True|qsbr
trackers|tcmalloc|guerraoui_ext_bst_ticket|200000|100|192|False|qsbr_df
trackers|tbbmalloc|guerraoui_ext_bst_ticket|200000|100|192|False|qsbr_df
trackers|lockfree|guerraoui_ext_bst_ticket|200000|100|192|True|qsbr_df
trackers|rpmalloc|guerraoui_ext_bst_ticket|200000|100|192|False|qsbr_df
trackers|glibc|guerraoui_ext_bst_ticket|200000|100|192|False|qsbr
trackers|deqalloc|guerraoui_ext_bst_ticket|200000|100|192|False|wfe
trackers|deqalloc_genericdeque|guerraoui_ext_bst_ticket|200000|100|192|False|wfe
trackers|mimalloc|guerraoui_ext_bst_ticket|200000|100|192|False|wfe
trackers|jemalloc|guerraoui_ext_bst_ticket|200000|100|192|True|wfe_df
trackers|snmalloc|guerraoui_ext_bst_ticket|200000|100|192|False|wfe
trackers|hoard|guerraoui_ext_bst_ticket|200000|100|192|True|wfe
trackers|tcmalloc|guerraoui_ext_bst_ticket|200000|100|192|False|wfe_df
trackers|tbbmalloc|guerraoui_ext_bst_ticket|200000|100|192|False|wfe_df
trackers|lockfree|guerraoui_ext_bst_ticket|200000|100|192|True|wfe_df
trackers|rpmalloc|guerraoui_ext_bst_ticket|200000|100|192|False|wfe_df
trackers|glibc|guerraoui_ext_bst_ticket|200000|100|192|False|wfe
trackers|deqalloc|guerraoui_ext_bst_ticket|200000|100|192|False|token4
trackers|deqalloc_genericdeque|guerraoui_ext_bst_ticket|200000|100|192|False|token4
trackers|mimalloc|guerraoui_ext_bst_ticket|200000|100|192|False|token4
trackers|jemalloc|guerraoui_ext_bst_ticket|200000|100|192|True|token4_df
trackers|snmalloc|guerraoui_ext_bst_ticket|200000|100|192|False|token4
trackers|hoard|guerraoui_ext_bst_ticket|200000|100|192|True|token4
trackers|tcmalloc|guerraoui_ext_bst_ticket|200000|100|192|False|token4_df
trackers|tbbmalloc|guerraoui_ext_bst_ticket|200000|100|192|False|token4_df
trackers|lockfree|guerraoui_ext_bst_ticket|200000|100|192|True|token4_df
trackers|rpmalloc|guerraoui_ext_bst_ticket|200000|100|192|False|token4_df
trackers|glibc|guerraoui_ext_bst_ticket|200000|100|192|False|token4
trackers|deqalloc|brown_ext_abtree_lf|200000|100|192|False|2geibr
trackers|deqalloc_genericdeque|brown_ext_abtree_lf|200000|100|192|False|2geibr
trackers|mimalloc|brown_ext_abtree_lf|200000|100|192|False|2geibr
trackers|jemalloc|brown_ext_abtree_lf|200000|100|192|True|2geibr_df
trackers|snmalloc|brown_ext_abtree_lf|200000|100|192|False|2geibr
trackers|hoard|brown_ext_abtree_lf|200000|100|192|True|2geibr
trackers|tcmalloc|brown_ext_abtree_lf|200000|100|192|False|2geibr_df
trackers|tbbmalloc|brown_ext_abtree_lf|200000|100|192|False|2geibr_df
trackers|lockfree|brown_ext_abtree_lf|200000|100|192|True|2geibr_df
trackers|rpmalloc|brown_ext_abtree_lf|200000|100|192|False|2geibr_df
trackers|glibc|brown_ext_abtree_lf|200000|100|192|False|2geibr
trackers|deqalloc|brown_ext_abtree_lf|200000|100|192|False|debra
trackers|deqalloc_genericdeque|brown_ext_abtree_lf|200000|100|192|False|debra
trackers|mimalloc|brown_ext_abtree_lf|200000|100|192|False|debra
trackers|jemalloc|brown_ext_abtree_lf|200000|100|192|True|debra_df
trackers|snmalloc|brown_ext_abtree_lf|200000|100|192|False|debra
trackers|hoard|brown_ext_abtree_lf|200000|100|192|True|debra
trackers|tcmalloc|brown_ext_abtree_lf|200000|100|192|False|debra_df
trackers|tbbmalloc|brown_ext_abtree_lf|200000|100|192|False|debra_df
trackers|lockfree|brown_ext_abtree_lf|200000|100|192|True|debra_df
trackers|rpmalloc|brown_ext_abtree_lf|200000|100|192|False|debra_df
trackers|glibc|brown_ext_abtree_lf|200000|100|192|False|debra
trackers|deqalloc|brown_ext_abtree_lf|200000|100|192|False|he
trackers|deqalloc_genericdeque|brown_ext_abtree_lf|200000|100|192|False|he
trackers|mimalloc|brown_ext_abtree_lf|200000|100|192|False|he
trackers|jemalloc|brown_ext_abtree_lf|200000|100|192|True|he_df
trackers|snmalloc|brown_ext_abtree_lf|200000|100|192|False|he
trackers|hoard|brown_ext_abtree_lf|200000|100|192|True|he
trackers|tcmalloc|brown_ext_abtree_lf|200000|100|192|False|he_df
trackers|tbbmalloc|brown_ext_abtree_lf|200000|100|192|False|he_df
trackers|lockfree|brown_ext_abtree_lf|200000|100|192|True|he_df
trackers|rpmalloc|brown_ext_abtree_lf|200000|100|192|False|he_df
trackers|glibc|brown_ext_abtree_lf|200000|100|192|False|he
trackers|deqalloc|brown_ext_abtree_lf|200000|100|192|False|ibr_hp
trackers|deqalloc_genericdeque|brown_ext_abtree_lf|200000|100|192|False|ibr_hp
trackers|mimalloc|brown_ext_abtree_lf|200000|100|192|False|ibr_hp
trackers|jemalloc|brown_ext_abtree_lf|200000|100|192|True|ibr_hp_df
trackers|snmalloc|brown_ext_abtree_lf|200000|100|192|False|ibr_hp
trackers|hoard|brown_ext_abtree_lf|200000|100|192|True|ibr_hp
trackers|tcmalloc|brown_ext_abtree_lf|200000|100|192|False|ibr_hp_df
trackers|tbbmalloc|brown_ext_abtree_lf|200000|100|192|False|ibr_hp_df
trackers|lockfree|brown_ext_abtree_lf|200000|100|192|True|ibr_hp_df
trackers|rpmalloc|brown_ext_abtree_lf|200000|100|192|False|ibr_hp_df
trackers|glibc|brown_ext_abtree_lf|200000|100|192|False|ibr_hp
trackers|deqalloc|brown_ext_abtree_lf|200000|100|192|False|ibr_rcu
trackers|deqalloc_genericdeque|brown_ext_abtree_lf|200000|100|192|False|ibr_rcu
trackers|mimalloc|brown_ext_abtree_lf|200000|100|192|False|ibr_rcu
trackers|jemalloc|brown_ext_abtree_lf|200000|100|192|True|ibr_rcu_df
trackers|snmalloc|brown_ext_abtree_lf|200000|100|192|False|ibr_rcu
trackers|hoard|brown_ext_abtree_lf|200000|100|192|True|ibr_rcu
trackers|tcmalloc|brown_ext_abtree_lf|200000|100|192|False|ibr_rcu_df
trackers|tbbmalloc|brown_ext_abtree_lf|200000|100|192|False|ibr_rcu_df
trackers|lockfree|brown_ext_abtree_lf|200000|100|192|True|ibr_rcu_df
trackers|rpmalloc|brown_ext_abtree_lf|200000|100|192|False|ibr_rcu_df
trackers|glibc|brown_ext_abtree_lf|200000|100|192|False|ibr_rcu
trackers|deqalloc|brown_ext_abtree_lf|200000|100|192|False|nbrplus
trackers|deqalloc_genericdeque|brown_ext_abtree_lf|200000|100|192|False|nbrplus
trackers|mimalloc|brown_ext_abtree_lf|200000|100|192|False|nbrplus
trackers|jemalloc|brown_ext_abtree_lf|200000|100|192|True|nbrplus_df
trackers|snmalloc|brown_ext_abtree_lf|200000|100|192|False|nbrplus
trackers|hoard|brown_ext_abtree_lf|200000|100|192|True|nbrplus
trackers|tcmalloc|brown_ext_abtree_lf|200000|100|192|False|nbrplus_df
trackers|tbbmalloc|brown_ext_abtree_lf|200000|100|192|False|nbrplus_df
trackers|lockfree|brown_ext_abtree_lf|200000|100|192|True|nbrplus_df
trackers|rpmalloc|brown_ext_abtree_lf|200000|100|192|False|nbrplus_df
trackers|glibc|brown_ext_abtree_lf|200000|100|192|False|nbrplus
trackers|deqalloc|brown_ext_abtree_lf|200000|100|192|False|qsbr
trackers|deqalloc_genericdeque|brown_ext_abtree_lf|200000|100|192|False|qsbr
trackers|mimalloc|brown_ext_abtree_lf|200000|100|192|False|qsbr
trackers|jemalloc|brown_ext_abtree_lf|200000|100|192|True|qsbr_df
trackers|snmalloc|brown_ext_abtree_lf|200000|100|192|False|qsbr
trackers|hoard|brown_ext_abtree_lf|200000|100|192|True|qsbr
trackers|tcmalloc|brown_ext_abtree_lf|200000|100|192|False|qsbr_df
trackers|tbbmalloc|brown_ext_abtree_lf|200000|100|192|False|qsbr_df
trackers|lockfree|brown_ext_abtree_lf|200000|100|192|True|qsbr_df
trackers|rpmalloc|brown_ext_abtree_lf|200000|100|192|False|qsbr_df
trackers|glibc|brown_ext_abtree_lf|200000|100|192|False|qsbr
trackers|deqalloc|brown_ext_abtree_lf|200000|100|192|False|wfe
trackers|deqalloc_genericdeque|brown_ext_abtree_lf|200000|100|192|False|wfe
trackers|mimalloc|brown_ext_abtree_lf|200000|100|192|False|wfe
trackers|jemalloc|brown_ext_abtree_lf|200000|100|192|True|wfe_df
trackers|snmalloc|brown_ext_abtree_lf|200000|100|192|False|wfe
trackers|hoard|brown_ext_abtree_lf|200000|100|192|True|wfe
trackers|tcmalloc|brown_ext_abtree_lf|200000|100|192|False|wfe_df
trackers|tbbmalloc|brown_ext_abtree_lf|200000|100|192|False|wfe_df
trackers|lockfree|brown_ext_abtree_lf|200000|100|192|True|wfe_df
trackers|rpmalloc|brown_ext_abtree_lf|200000|100|192|False|wfe_df
trackers|glibc|brown_ext_abtree_lf|200000|100|192|False|wfe
trackers|deqalloc|brown_ext_abtree_lf|200000|100|192|False|token4
trackers|deqalloc_genericdeque|brown_ext_abtree_lf|200000|100|192|False|token4
trackers|mimalloc|brown_ext_abtree_lf|200000|100|192|False|token4
trackers|jemalloc|brown_ext_abtree_lf|200000|100|192|True|token4_df
trackers|snmalloc|brown_ext_abtree_lf|200000|100|192|False|token4
trackers|hoard|brown_ext_abtree_lf|200000|100|192|True|token4
trackers|tcmalloc|brown_ext_abtree_lf|200000|100|192|False|token4_df
trackers|tbbmalloc|brown_ext_abtree_lf|200000|100|192|False|token4_df
trackers|lockfree|brown_ext_abtree_lf|200000|100|192|True|token4_df
trackers|rpmalloc|brown_ext_abtree_lf|200000|100|192|False|token4_df
trackers|glibc|brown_ext_abtree_lf|200000|100|192|False|token4
trackers|deqalloc|hm_hashtable|200000|100|192|False|2geibr
trackers|deqalloc_genericdeque|hm_hashtable|200000|100|192|False|2geibr
trackers|mimalloc|hm_hashtable|200000|100|192|False|2geibr
trackers|jemalloc|hm_hashtable|200000|100|192|True|2geibr_df
trackers|snmalloc|hm_hashtable|200000|100|192|False|2geibr
trackers|hoard|hm_hashtable|200000|100|192|True|2geibr
trackers|tcmalloc|hm_hashtable|200000|100|192|False|2geibr_df
trackers|tbbmalloc|hm_hashtable|200000|100|192|False|2geibr_df
trackers|lockfree|hm_hashtable|200000|100|192|True|2geibr_df
trackers|rpmalloc|hm_hashtable|200000|100|192|False|2geibr_df
trackers|glibc|hm_hashtable|200000|100|192|False|2geibr
trackers|deqalloc|hm_hashtable|200000|100|192|False|debra
trackers|deqalloc_genericdeque|hm_hashtable|200000|100|192|False|debra
trackers|mimalloc|hm_hashtable|200000|100|192|False|debra
trackers|jemalloc|hm_hashtable|200000|100|192|True|debra_df
trackers|snmalloc|hm_hashtable|200000|100|192|False|debra
trackers|hoard|hm_hashtable|200000|100|192|True|debra
trackers|tcmalloc|hm_hashtable|200000|100|192|False|debra_df
trackers|tbbmalloc|hm_hashtable|200000|100|192|False|debra_df
trackers|lockfree|hm_hashtable|200000|100|192|True|debra_df
trackers|rpmalloc|hm_hashtable|200000|100|192|False|debra_df
trackers|glibc|hm_hashtable|200000|100|192|False|debra
trackers|deqalloc|hm_hashtable|200000|100|192|False|he
trackers|deqalloc_genericdeque|hm_hashtable|200000|100|192|False|he
trackers|mimalloc|hm_hashtable|200000|100|192|False|he
trackers|jemalloc|hm_hashtable|200000|100|192|True|he_df
trackers|snmalloc|hm_hashtable|200000|100|192|False|he
trackers|hoard|hm_hashtable|200000|100|192|True|he
trackers|tcmalloc|hm_hashtable|200000|100|192|False|he_df
trackers|tbbmalloc|hm_hashtable|200000|100|192|False|he_df
trackers|lockfree|hm_hashtable|200000|100|192|True|he_df
trackers|rpmalloc|hm_hashtable|200000|100|192|False|he_df
trackers|glibc|hm_hashtable|200000|100|192|False|he
trackers|deqalloc|hm_hashtable|200000|100|192|False|ibr_hp
trackers|deqalloc_genericdeque|hm_hashtable|200000|100|192|False|ibr_hp
trackers|mimalloc|hm_hashtable|200000|100|192|False|ibr_hp
trackers|jemalloc|hm_hashtable|200000|100|192|True|ibr_hp_df
trackers|snmalloc|hm_hashtable|200000|100|192|False|ibr_hp
trackers|hoard|hm_hashtable|200000|100|192|True|ibr_hp
trackers|tcmalloc|hm_hashtable|200000|100|192|False|ibr_hp_df
trackers|tbbmalloc|hm_hashtable|200000|100|192|False|ibr_hp_df
trackers|lockfree|hm_hashtable|200000|100|192|True|ibr_hp_df
trackers|rpmalloc|hm_hashtable|200000|100|192|False|ibr_hp_df
trackers|glibc|hm_hashtable|200000|100|192|False|ibr_hp
trackers|deqalloc|hm_hashtable|200000|100|192|False|ibr_rcu
trackers|deqalloc_genericdeque|hm_hashtable|200000|100|192|False|ibr_rcu
trackers|mimalloc|hm_hashtable|200000|100|192|False|ibr_rcu
trackers|jemalloc|hm_hashtable|200000|100|192|True|ibr_rcu_df
trackers|snmalloc|hm_hashtable|200000|100|192|False|ibr_rcu
trackers|hoard|hm_hashtable|200000|100|192|True|ibr_rcu
trackers|tcmalloc|hm_hashtable|200000|100|192|False|ibr_rcu_df
trackers|tbbmalloc|hm_hashtable|200000|100|192|False|ibr_rcu_df
trackers|lockfree|hm_hashtable|200000|100|192|True|ibr_rcu_df
trackers|rpmalloc|hm_hashtable|200000|100|192|False|ibr_rcu_df
trackers|glibc|hm_hashtable|200000|100|192|False|ibr_rcu
trackers|deqalloc|hm_hashtable|200000|100|192|False|nbrplus
trackers|deqalloc_genericdeque|hm_hashtable|200000|100|192|False|nbrplus
trackers|mimalloc|hm_hashtable|200000|100|192|False|nbrplus
trackers|jemalloc|hm_hashtable|200000|100|192|True|nbrplus_df
trackers|snmalloc|hm_hashtable|200000|100|192|False|nbrplus
trackers|hoard|hm_hashtable|200000|100|192|True|nbrplus
trackers|tcmalloc|hm_hashtable|200000|100|192|False|nbrplus_df
trackers|tbbmalloc|hm_hashtable|200000|100|192|False|nbrplus_df
trackers|lockfree|hm_hashtable|200000|100|192|True|nbrplus_df
trackers|rpmalloc|hm_hashtable|200000|100|192|False|nbrplus_df
trackers|glibc|hm_hashtable|200000|100|192|False|nbrplus
trackers|deqalloc|hm_hashtable|200000|100|192|False|qsbr
trackers|deqalloc_genericdeque|hm_hashtable|200000|100|192|False|qsbr
trackers|mimalloc|hm_hashtable|200000|100|192|False|qsbr
trackers|jemalloc|hm_hashtable|200000|100|192|True|qsbr_df
trackers|snmalloc|hm_hashtable|200000|100|192|False|qsbr
trackers|hoard|hm_hashtable|200000|100|192|True|qsbr
trackers|tcmalloc|hm_hashtable|200000|100|192|False|qsbr_df
trackers|tbbmalloc|hm_hashtable|200000|100|192|False|qsbr_df
trackers|lockfree|hm_hashtable|200000|100|192|True|qsbr_df
trackers|rpmalloc|hm_hashtable|200000|100|192|False|qsbr_df
trackers|glibc|hm_hashtable|200000|100|192|False|qsbr
trackers|deqalloc|hm_hashtable|200000|100|192|False|wfe
trackers|deqalloc_genericdeque|hm_hashtable|200000|100|192|False|wfe
trackers|mimalloc|hm_hashtable|200000|100|192|False|wfe
trackers|jemalloc|hm_hashtable|200000|100|192|True|wfe_df
trackers|snmalloc|hm_hashtable|200000|100|192|False|wfe
trackers|hoard|hm_hashtable|200000|100|192|True|wfe
trackers|tcmalloc|hm_hashtable|200000|100|192|False|wfe_df
trackers|tbbmalloc|hm_hashtable|200000|100|192|False|wfe_df
trackers|lockfree|hm_hashtable|200000|100|192|True|wfe_df
trackers|rpmalloc|hm_hashtable|200000|100|192|False|wfe_df
trackers|glibc|hm_hashtable|200000|100|192|False|wfe
trackers|deqalloc|hm_hashtable|200000|100|192|False|token4
trackers|deqalloc_genericdeque|hm_hashtable|200000|100|192|False|token4
trackers|mimalloc|hm_hashtable|200000|100|192|False|token4
trackers|jemalloc|hm_hashtable|200000|100|192|True|token4_df
trackers|snmalloc|hm_hashtable|200000|100|192|False|token4
trackers|hoard|hm_hashtable|200000|100|192|True|token4
trackers|tcmalloc|hm_hashtable|200000|100|192|False|token4_df
trackers|tbbmalloc|hm_hashtable|200000|100|192|False|token4_df
trackers|lockfree|hm_hashtable|200000|100|192|True|token4_df
trackers|rpmalloc|hm_hashtable|200000|100|192|False|token4_df
trackers|glibc|hm_hashtable|200000|100|192|False|token4
trackers|deqalloc|hmlist|2000|100|192|False|2geibr
trackers|deqalloc_genericdeque|hmlist|2000|100|192|False|2geibr
trackers|mimalloc|hmlist|2000|100|192|False|2geibr
trackers|jemalloc|hmlist|2000|100|192|True|2geibr_df
trackers|snmalloc|hmlist|2000|100|192|False|2geibr
trackers|hoard|hmlist|2000|100|192|True|2geibr
trackers|tcmalloc|hmlist|2000|100|192|False|2geibr_df
trackers|tbbmalloc|hmlist|2000|100|192|False|2geibr_df
trackers|lockfree|hmlist|2000|100|192|True|2geibr_df
trackers|rpmalloc|hmlist|2000|100|192|False|2geibr_df
trackers|glibc|hmlist|2000|100|192|False|2geibr
trackers|deqalloc|hmlist|2000|100|192|False|debra
trackers|deqalloc_genericdeque|hmlist|2000|100|192|False|debra
trackers|mimalloc|hmlist|2000|100|192|False|debra
trackers|jemalloc|hmlist|2000|100|192|True|debra_df
trackers|snmalloc|hmlist|2000|100|192|False|debra
trackers|hoard|hmlist|2000|100|192|True|debra
trackers|tcmalloc|hmlist|2000|100|192|False|debra_df
trackers|tbbmalloc|hmlist|2000|100|192|False|debra_df
trackers|lockfree|hmlist|2000|100|192|True|debra_df
trackers|rpmalloc|hmlist|2000|100|192|False|debra_df
trackers|glibc|hmlist|2000|100|192|False|debra
trackers|deqalloc|hmlist|2000|100|192|False|he
trackers|deqalloc_genericdeque|hmlist|2000|100|192|False|he
trackers|mimalloc|hmlist|2000|100|192|False|he
trackers|jemalloc|hmlist|2000|100|192|True|he_df
trackers|snmalloc|hmlist|2000|100|192|False|he
trackers|hoard|hmlist|2000|100|192|True|he
trackers|tcmalloc|hmlist|2000|100|192|False|he_df
trackers|tbbmalloc|hmlist|2000|100|192|False|he_df
trackers|lockfree|hmlist|2000|100|192|True|he_df
trackers|rpmalloc|hmlist|2000|100|192|False|he_df
trackers|glibc|hmlist|2000|100|192|False|he
trackers|deqalloc|hmlist|2000|100|192|False|ibr_hp
trackers|deqalloc_genericdeque|hmlist|2000|100|192|False|ibr_hp
trackers|mimalloc|hmlist|2000|100|192|False|ibr_hp
trackers|jemalloc|hmlist|2000|100|192|True|ibr_hp_df
trackers|snmalloc|hmlist|2000|100|192|False|ibr_hp
trackers|hoard|hmlist|2000|100|192|True|ibr_hp
trackers|tcmalloc|hmlist|2000|100|192|False|ibr_hp_df
trackers|tbbmalloc|hmlist|2000|100|192|False|ibr_hp_df
trackers|lockfree|hmlist|2000|100|192|True|ibr_hp_df
trackers|rpmalloc|hmlist|2000|100|192|False|ibr_hp_df
trackers|glibc|hmlist|2000|100|192|False|ibr_hp
trackers|deqalloc|hmlist|2000|100|192|False|ibr_rcu
trackers|deqalloc_genericdeque|hmlist|2000|100|192|False|ibr_rcu
trackers|mimalloc|hmlist|2000|100|192|False|ibr_rcu
trackers|jemalloc|hmlist|2000|100|192|True|ibr_rcu_df
trackers|snmalloc|hmlist|2000|100|192|False|ibr_rcu
trackers|hoard|hmlist|2000|100|192|True|ibr_rcu
trackers|tcmalloc|hmlist|2000|100|192|False|ibr_rcu_df
trackers|tbbmalloc|hmlist|2000|100|192|False|ibr_rcu_df
trackers|lockfree|hmlist|2000|100|192|True|ibr_rcu_df
trackers|rpmalloc|hmlist|2000|100|192|False|ibr_rcu_df
trackers|glibc|hmlist|2000|100|192|False|ibr_rcu
trackers|deqalloc|hmlist|2000|100|192|False|nbrplus
trackers|deqalloc_genericdeque|hmlist|2000|100|192|False|nbrplus
trackers|mimalloc|hmlist|2000|100|192|False|nbrplus
trackers|jemalloc|hmlist|2000|100|192|True|nbrplus_df
trackers|snmalloc|hmlist|2000|100|192|False|nbrplus
trackers|hoard|hmlist|2000|100|192|True|nbrplus
trackers|tcmalloc|hmlist|2000|100|192|False|nbrplus_df
trackers|tbbmalloc|hmlist|2000|100|192|False|nbrplus_df
trackers|lockfree|hmlist|2000|100|192|True|nbrplus_df
trackers|rpmalloc|hmlist|2000|100|192|False|nbrplus_df
trackers|glibc|hmlist|2000|100|192|False|nbrplus
trackers|deqalloc|hmlist|2000|100|192|False|qsbr
trackers|deqalloc_genericdeque|hmlist|2000|100|192|False|qsbr
trackers|mimalloc|hmlist|2000|100|192|False|qsbr
trackers|jemalloc|hmlist|2000|100|192|True|qsbr_df
trackers|snmalloc|hmlist|2000|100|192|False|qsbr
trackers|hoard|hmlist|2000|100|192|True|qsbr
trackers|tcmalloc|hmlist|2000|100|192|False|qsbr_df
trackers|tbbmalloc|hmlist|2000|100|192|False|qsbr_df
trackers|lockfree|hmlist|2000|100|192|True|qsbr_df
trackers|rpmalloc|hmlist|2000|100|192|False|qsbr_df
trackers|glibc|hmlist|2000|100|192|False|qsbr
trackers|deqalloc|hmlist|2000|100|192|False|wfe
trackers|deqalloc_genericdeque|hmlist|2000|100|192|False|wfe
trackers|mimalloc|hmlist|2000|100|192|False|wfe
trackers|jemalloc|hmlist|2000|100|192|True|wfe_df
trackers|snmalloc|hmlist|2000|100|192|False|wfe
trackers|hoard|hmlist|2000|100|192|True|wfe
trackers|tcmalloc|hmlist|2000|100|192|False|wfe_df
trackers|tbbmalloc|hmlist|2000|100|192|False|wfe_df
trackers|lockfree|hmlist|2000|100|192|True|wfe_df
trackers|rpmalloc|hmlist|2000|100|192|False|wfe_df
trackers|glibc|hmlist|2000|100|192|False|wfe
trackers|deqalloc|hmlist|2000|100|192|False|token4
trackers|deqalloc_genericdeque|hmlist|2000|100|192|False|token4
trackers|mimalloc|hmlist|2000|100|192|False|token4
trackers|jemalloc|hmlist|2000|100|192|True|token4_df
trackers|snmalloc|hmlist|2000|100|192|False|token4
trackers|hoard|hmlist|2000|100|192|True|token4
trackers|tcmalloc|hmlist|2000|100|192|False|token4_df
trackers|tbbmalloc|hmlist|2000|100|192|False|token4_df
trackers|lockfree|hmlist|2000|100|192|True|token4_df
trackers|rpmalloc|hmlist|2000|100|192|False|token4_df
trackers|glibc|hmlist|2000|100|192|False|token4
updates|deqalloc|guerraoui_ext_bst_ticket|200000|0|192|False|debra
updates|deqalloc_genericdeque|guerraoui_ext_bst_ticket|200000|0|192|False|debra
updates|mimalloc|guerraoui_ext_bst_ticket|200000|0|192|False|debra
updates|jemalloc|guerraoui_ext_bst_ticket|200000|0|192|True|debra_df
updates|snmalloc|guerraoui_ext_bst_ticket|200000|0|192|False|debra
updates|hoard|guerraoui_ext_bst_ticket|200000|0|192|True|debra
updates|tcmalloc|guerraoui_ext_bst_ticket|200000|0|192|False|debra_df
updates|tbbmalloc|guerraoui_ext_bst_ticket|200000|0|192|False|debra_df
updates|lockfree|guerraoui_ext_bst_ticket|200000|0|192|True|debra_df
updates|rpmalloc|guerraoui_ext_bst_ticket|200000|0|192|False|debra_df
updates|glibc|guerraoui_ext_bst_ticket|200000|0|192|False|debra
updates|deqalloc|guerraoui_ext_bst_ticket|200000|1|192|False|debra
updates|deqalloc_genericdeque|guerraoui_ext_bst_ticket|200000|1|192|False|debra
updates|mimalloc|guerraoui_ext_bst_ticket|200000|1|192|False|debra
updates|jemalloc|guerraoui_ext_bst_ticket|200000|1|192|True|debra_df
updates|snmalloc|guerraoui_ext_bst_ticket|200000|1|192|False|debra
updates|hoard|guerraoui_ext_bst_ticket|200000|1|192|True|debra
updates|tcmalloc|guerraoui_ext_bst_ticket|200000|1|192|False|debra_df
updates|tbbmalloc|guerraoui_ext_bst_ticket|200000|1|192|False|debra_df
updates|lockfree|guerraoui_ext_bst_ticket|200000|1|192|True|debra_df
updates|rpmalloc|guerraoui_ext_bst_ticket|200000|1|192|False|debra_df
updates|glibc|guerraoui_ext_bst_ticket|200000|1|192|False|debra
updates|deqalloc|guerraoui_ext_bst_ticket|200000|5|192|False|debra
updates|deqalloc_genericdeque|guerraoui_ext_bst_ticket|200000|5|192|False|debra
updates|mimalloc|guerraoui_ext_bst_ticket|200000|5|192|False|debra
updates|jemalloc|guerraoui_ext_bst_ticket|200000|5|192|True|debra_df
updates|snmalloc|guerraoui_ext_bst_ticket|200000|5|192|False|debra
updates|hoard|guerraoui_ext_bst_ticket|200000|5|192|True|debra
updates|tcmalloc|guerraoui_ext_bst_ticket|200000|5|192|False|debra_df
updates|tbbmalloc|guerraoui_ext_bst_ticket|200000|5|192|False|debra_df
updates|lockfree|guerraoui_ext_bst_ticket|200000|5|192|True|debra_df
updates|rpmalloc|guerraoui_ext_bst_ticket|200000|5|192|False|debra_df
updates|glibc|guerraoui_ext_bst_ticket|200000|5|192|False|debra
updates|deqalloc|guerraoui_ext_bst_ticket|200000|50|192|False|debra
updates|deqalloc_genericdeque|guerraoui_ext_bst_ticket|200000|50|192|False|debra
updates|mimalloc|guerraoui_ext_bst_ticket|200000|50|192|False|debra
updates|jemalloc|guerraoui_ext_bst_ticket|200000|50|192|True|debra_df
updates|snmalloc|guerraoui_ext_bst_ticket|200000|50|192|False|debra
updates|hoard|guerraoui_ext_bst_ticket|200000|50|192|True|debra
updates|tcmalloc|guerraoui_ext_bst_ticket|200000|50|192|False|debra_df
updates|tbbmalloc|guerraoui_ext_bst_ticket|200000|50|192|False|debra_df
updates|lockfree|guerraoui_ext_bst_ticket|200000|50|192|True|debra_df
updates|rpmalloc|guerraoui_ext_bst_ticket|200000|50|192|False|debra_df
updates|glibc|guerraoui_ext_bst_ticket|200000|50|192|False|debra
updates|deqalloc|guerraoui_ext_bst_ticket|200000|90|192|False|debra
updates|deqalloc_genericdeque|guerraoui_ext_bst_ticket|200000|90|192|False|debra
updates|mimalloc|guerraoui_ext_bst_ticket|200000|90|192|False|debra
updates|jemalloc|guerraoui_ext_bst_ticket|200000|90|192|True|debra_df
updates|snmalloc|guerraoui_ext_bst_ticket|200000|90|192|False|debra
updates|hoard|guerraoui_ext_bst_ticket|200000|90|192|True|debra
updates|tcmalloc|guerraoui_ext_bst_ticket|200000|90|192|False|debra_df
updates|tbbmalloc|guerraoui_ext_bst_ticket|200000|90|192|False|debra_df
updates|lockfree|guerraoui_ext_bst_ticket|200000|90|192|True|debra_df
updates|rpmalloc|guerraoui_ext_bst_ticket|200000|90|192|False|debra_df
updates|glibc|guerraoui_ext_bst_ticket|200000|90|192|False|debra
updates|deqalloc|guerraoui_ext_bst_ticket|200000|100|192|False|debra
updates|deqalloc_genericdeque|guerraoui_ext_bst_ticket|200000|100|192|False|debra
updates|mimalloc|guerraoui_ext_bst_ticket|200000|100|192|False|debra
updates|jemalloc|guerraoui_ext_bst_ticket|200000|100|192|True|debra_df
updates|snmalloc|guerraoui_ext_bst_ticket|200000|100|192|False|debra
updates|hoard|guerraoui_ext_bst_ticket|200000|100|192|True|debra
updates|tcmalloc|guerraoui_ext_bst_ticket|200000|100|192|False|debra_df
updates|tbbmalloc|guerraoui_ext_bst_ticket|200000|100|192|False|debra_df
updates|lockfree|guerraoui_ext_bst_ticket|200000|100|192|True|debra_df
updates|rpmalloc|guerraoui_ext_bst_ticket|200000|100|192|False|debra_df
updates|glibc|guerraoui_ext_bst_ticket|200000|100|192|False|debra
updates|deqalloc|brown_ext_abtree_lf|200000|0|192|False|debra
updates|deqalloc_genericdeque|brown_ext_abtree_lf|200000|0|192|False|debra
updates|mimalloc|brown_ext_abtree_lf|200000|0|192|False|debra
updates|jemalloc|brown_ext_abtree_lf|200000|0|192|True|debra_df
updates|snmalloc|brown_ext_abtree_lf|200000|0|192|False|debra
updates|hoard|brown_ext_abtree_lf|200000|0|192|True|debra
updates|tcmalloc|brown_ext_abtree_lf|200000|0|192|False|debra_df
updates|tbbmalloc|brown_ext_abtree_lf|200000|0|192|False|debra_df
updates|lockfree|brown_ext_abtree_lf|200000|0|192|True|debra_df
updates|rpmalloc|brown_ext_abtree_lf|200000|0|192|False|debra_df
updates|glibc|brown_ext_abtree_lf|200000|0|192|False|debra
updates|deqalloc|brown_ext_abtree_lf|200000|1|192|False|debra
updates|deqalloc_genericdeque|brown_ext_abtree_lf|200000|1|192|False|debra
updates|mimalloc|brown_ext_abtree_lf|200000|1|192|False|debra
updates|jemalloc|brown_ext_abtree_lf|200000|1|192|True|debra_df
updates|snmalloc|brown_ext_abtree_lf|200000|1|192|False|debra
updates|hoard|brown_ext_abtree_lf|200000|1|192|True|debra
updates|tcmalloc|brown_ext_abtree_lf|200000|1|192|False|debra_df
updates|tbbmalloc|brown_ext_abtree_lf|200000|1|192|False|debra_df
updates|lockfree|brown_ext_abtree_lf|200000|1|192|True|debra_df
updates|rpmalloc|brown_ext_abtree_lf|200000|1|192|False|debra_df
updates|glibc|brown_ext_abtree_lf|200000|1|192|False|debra
updates|deqalloc|brown_ext_abtree_lf|200000|5|192|False|debra
updates|deqalloc_genericdeque|brown_ext_abtree_lf|200000|5|192|False|debra
updates|mimalloc|brown_ext_abtree_lf|200000|5|192|False|debra
updates|jemalloc|brown_ext_abtree_lf|200000|5|192|True|debra_df
updates|snmalloc|brown_ext_abtree_lf|200000|5|192|False|debra
updates|hoard|brown_ext_abtree_lf|200000|5|192|True|debra
updates|tcmalloc|brown_ext_abtree_lf|200000|5|192|False|debra_df
updates|tbbmalloc|brown_ext_abtree_lf|200000|5|192|False|debra_df
updates|lockfree|brown_ext_abtree_lf|200000|5|192|True|debra_df
updates|rpmalloc|brown_ext_abtree_lf|200000|5|192|False|debra_df
updates|glibc|brown_ext_abtree_lf|200000|5|192|False|debra
updates|deqalloc|brown_ext_abtree_lf|200000|50|192|False|debra
updates|deqalloc_genericdeque|brown_ext_abtree_lf|200000|50|192|False|debra
updates|mimalloc|brown_ext_abtree_lf|200000|50|192|False|debra
updates|jemalloc|brown_ext_abtree_lf|200000|50|192|True|debra_df
updates|snmalloc|brown_ext_abtree_lf|200000|50|192|False|debra
updates|hoard|brown_ext_abtree_lf|200000|50|192|True|debra
updates|tcmalloc|brown_ext_abtree_lf|200000|50|192|False|debra_df
updates|tbbmalloc|brown_ext_abtree_lf|200000|50|192|False|debra_df
updates|lockfree|brown_ext_abtree_lf|200000|50|192|True|debra_df
updates|rpmalloc|brown_ext_abtree_lf|200000|50|192|False|debra_df
updates|glibc|brown_ext_abtree_lf|200000|50|192|False|debra
updates|deqalloc|brown_ext_abtree_lf|200000|90|192|False|debra
updates|deqalloc_genericdeque|brown_ext_abtree_lf|200000|90|192|False|debra
updates|mimalloc|brown_ext_abtree_lf|200000|90|192|False|debra
updates|jemalloc|brown_ext_abtree_lf|200000|90|192|True|debra_df
updates|snmalloc|brown_ext_abtree_lf|200000|90|192|False|debra
updates|hoard|brown_ext_abtree_lf|200000|90|192|True|debra
updates|tcmalloc|brown_ext_abtree_lf|200000|90|192|False|debra_df
updates|tbbmalloc|brown_ext_abtree_lf|200000|90|192|False|debra_df
updates|lockfree|brown_ext_abtree_lf|200000|90|192|True|debra_df
updates|rpmalloc|brown_ext_abtree_lf|200000|90|192|False|debra_df
updates|glibc|brown_ext_abtree_lf|200000|90|192|False|debra
updates|deqalloc|brown_ext_abtree_lf|200000|100|192|False|debra
updates|deqalloc_genericdeque|brown_ext_abtree_lf|200000|100|192|False|debra
updates|mimalloc|brown_ext_abtree_lf|200000|100|192|False|debra
updates|jemalloc|brown_ext_abtree_lf|200000|100|192|True|debra_df
updates|snmalloc|brown_ext_abtree_lf|200000|100|192|False|debra
updates|hoard|brown_ext_abtree_lf|200000|100|192|True|debra
updates|tcmalloc|brown_ext_abtree_lf|200000|100|192|False|debra_df
updates|tbbmalloc|brown_ext_abtree_lf|200000|100|192|False|debra_df
updates|lockfree|brown_ext_abtree_lf|200000|100|192|True|debra_df
updates|rpmalloc|brown_ext_abtree_lf|200000|100|192|False|debra_df
updates|glibc|brown_ext_abtree_lf|200000|100|192|False|debra
updates|deqalloc|hm_hashtable|200000|0|192|False|debra
updates|deqalloc_genericdeque|hm_hashtable|200000|0|192|False|debra
updates|mimalloc|hm_hashtable|200000|0|192|False|debra
updates|jemalloc|hm_hashtable|200000|0|192|True|debra_df
updates|snmalloc|hm_hashtable|200000|0|192|False|debra
updates|hoard|hm_hashtable|200000|0|192|True|debra
updates|tcmalloc|hm_hashtable|200000|0|192|False|debra_df
updates|tbbmalloc|hm_hashtable|200000|0|192|False|debra_df
updates|lockfree|hm_hashtable|200000|0|192|True|debra_df
updates|rpmalloc|hm_hashtable|200000|0|192|False|debra_df
updates|glibc|hm_hashtable|200000|0|192|False|debra
updates|deqalloc|hm_hashtable|200000|1|192|False|debra
updates|deqalloc_genericdeque|hm_hashtable|200000|1|192|False|debra
updates|mimalloc|hm_hashtable|200000|1|192|False|debra
updates|jemalloc|hm_hashtable|200000|1|192|True|debra_df
updates|snmalloc|hm_hashtable|200000|1|192|False|debra
updates|hoard|hm_hashtable|200000|1|192|True|debra
updates|tcmalloc|hm_hashtable|200000|1|192|False|debra_df
updates|tbbmalloc|hm_hashtable|200000|1|192|False|debra_df
updates|lockfree|hm_hashtable|200000|1|192|True|debra_df
updates|rpmalloc|hm_hashtable|200000|1|192|False|debra_df
updates|glibc|hm_hashtable|200000|1|192|False|debra
updates|deqalloc|hm_hashtable|200000|5|192|False|debra
updates|deqalloc_genericdeque|hm_hashtable|200000|5|192|False|debra
updates|mimalloc|hm_hashtable|200000|5|192|False|debra
updates|jemalloc|hm_hashtable|200000|5|192|True|debra_df
updates|snmalloc|hm_hashtable|200000|5|192|False|debra
updates|hoard|hm_hashtable|200000|5|192|True|debra
updates|tcmalloc|hm_hashtable|200000|5|192|False|debra_df
updates|tbbmalloc|hm_hashtable|200000|5|192|False|debra_df
updates|lockfree|hm_hashtable|200000|5|192|True|debra_df
updates|rpmalloc|hm_hashtable|200000|5|192|False|debra_df
updates|glibc|hm_hashtable|200000|5|192|False|debra
updates|deqalloc|hm_hashtable|200000|50|192|False|debra
updates|deqalloc_genericdeque|hm_hashtable|200000|50|192|False|debra
updates|mimalloc|hm_hashtable|200000|50|192|False|debra
updates|jemalloc|hm_hashtable|200000|50|192|True|debra_df
updates|snmalloc|hm_hashtable|200000|50|192|False|debra
updates|hoard|hm_hashtable|200000|50|192|True|debra
updates|tcmalloc|hm_hashtable|200000|50|192|False|debra_df
updates|tbbmalloc|hm_hashtable|200000|50|192|False|debra_df
updates|lockfree|hm_hashtable|200000|50|192|True|debra_df
updates|rpmalloc|hm_hashtable|200000|50|192|False|debra_df
updates|glibc|hm_hashtable|200000|50|192|False|debra
updates|deqalloc|hm_hashtable|200000|90|192|False|debra
updates|deqalloc_genericdeque|hm_hashtable|200000|90|192|False|debra
updates|mimalloc|hm_hashtable|200000|90|192|False|debra
updates|jemalloc|hm_hashtable|200000|90|192|True|debra_df
updates|snmalloc|hm_hashtable|200000|90|192|False|debra
updates|hoard|hm_hashtable|200000|90|192|True|debra
updates|tcmalloc|hm_hashtable|200000|90|192|False|debra_df
updates|tbbmalloc|hm_hashtable|200000|90|192|False|debra_df
updates|lockfree|hm_hashtable|200000|90|192|True|debra_df
updates|rpmalloc|hm_hashtable|200000|90|192|False|debra_df
updates|glibc|hm_hashtable|200000|90|192|False|debra
updates|deqalloc|hm_hashtable|200000|100|192|False|debra
updates|deqalloc_genericdeque|hm_hashtable|200000|100|192|False|debra
updates|mimalloc|hm_hashtable|200000|100|192|False|debra
updates|jemalloc|hm_hashtable|200000|100|192|True|debra_df
updates|snmalloc|hm_hashtable|200000|100|192|False|debra
updates|hoard|hm_hashtable|200000|100|192|True|debra
updates|tcmalloc|hm_hashtable|200000|100|192|False|debra_df
updates|tbbmalloc|hm_hashtable|200000|100|192|False|debra_df
updates|lockfree|hm_hashtable|200000|100|192|True|debra_df
updates|rpmalloc|hm_hashtable|200000|100|192|False|debra_df
updates|glibc|hm_hashtable|200000|100|192|False|debra
updates|deqalloc|hmlist|2000|0|192|False|debra
updates|deqalloc_genericdeque|hmlist|2000|0|192|False|debra
updates|mimalloc|hmlist|2000|0|192|False|debra
updates|jemalloc|hmlist|2000|0|192|True|debra_df
updates|snmalloc|hmlist|2000|0|192|False|debra
updates|hoard|hmlist|2000|0|192|True|debra
updates|tcmalloc|hmlist|2000|0|192|False|debra_df
updates|tbbmalloc|hmlist|2000|0|192|False|debra_df
updates|lockfree|hmlist|2000|0|192|True|debra_df
updates|rpmalloc|hmlist|2000|0|192|False|debra_df
updates|glibc|hmlist|2000|0|192|False|debra
updates|deqalloc|hmlist|2000|1|192|False|debra
updates|deqalloc_genericdeque|hmlist|2000|1|192|False|debra
updates|mimalloc|hmlist|2000|1|192|False|debra
updates|jemalloc|hmlist|2000|1|192|True|debra_df
updates|snmalloc|hmlist|2000|1|192|False|debra
updates|hoard|hmlist|2000|1|192|True|debra
updates|tcmalloc|hmlist|2000|1|192|False|debra_df
updates|tbbmalloc|hmlist|2000|1|192|False|debra_df
updates|lockfree|hmlist|2000|1|192|True|debra_df
updates|rpmalloc|hmlist|2000|1|192|False|debra_df
updates|glibc|hmlist|2000|1|192|False|debra
updates|deqalloc|hmlist|2000|5|192|False|debra
updates|deqalloc_genericdeque|hmlist|2000|5|192|False|debra
updates|mimalloc|hmlist|2000|5|192|False|debra
updates|jemalloc|hmlist|2000|5|192|True|debra_df
updates|snmalloc|hmlist|2000|5|192|False|debra
updates|hoard|hmlist|2000|5|192|True|debra
updates|tcmalloc|hmlist|2000|5|192|False|debra_df
updates|tbbmalloc|hmlist|2000|5|192|False|debra_df
updates|lockfree|hmlist|2000|5|192|True|debra_df
updates|rpmalloc|hmlist|2000|5|192|False|debra_df
updates|glibc|hmlist|2000|5|192|False|debra
updates|deqalloc|hmlist|2000|50|192|False|debra
updates|deqalloc_genericdeque|hmlist|2000|50|192|False|debra
updates|mimalloc|hmlist|2000|50|192|False|debra
updates|jemalloc|hmlist|2000|50|192|True|debra_df
updates|snmalloc|hmlist|2000|50|192|False|debra
updates|hoard|hmlist|2000|50|192|True|debra
updates|tcmalloc|hmlist|2000|50|192|False|debra_df
updates|tbbmalloc|hmlist|2000|50|192|False|debra_df
updates|lockfree|hmlist|2000|50|192|True|debra_df
updates|rpmalloc|hmlist|2000|50|192|False|debra_df
updates|glibc|hmlist|2000|50|192|False|debra
updates|deqalloc|hmlist|2000|90|192|False|debra
updates|deqalloc_genericdeque|hmlist|2000|90|192|False|debra
updates|mimalloc|hmlist|2000|90|192|False|debra
updates|jemalloc|hmlist|2000|90|192|True|debra_df
updates|snmalloc|hmlist|2000|90|192|False|debra
updates|hoard|hmlist|2000|90|192|True|debra
updates|tcmalloc|hmlist|2000|90|192|False|debra_df
updates|tbbmalloc|hmlist|2000|90|192|False|debra_df
updates|lockfree|hmlist|2000|90|192|True|debra_df
updates|rpmalloc|hmlist|2000|90|192|False|debra_df
updates|glibc|hmlist|2000|90|192|False|debra
updates|deqalloc|hmlist|2000|100|192|False|debra
updates|deqalloc_genericdeque|hmlist|2000|100|192|False|debra
updates|mimalloc|hmlist|2000|100|192|False|debra
updates|jemalloc|hmlist|2000|100|192|True|debra_df
updates|snmalloc|hmlist|2000|100|192|False|debra
updates|hoard|hmlist|2000|100|192|True|debra
updates|tcmalloc|hmlist|2000|100|192|False|debra_df
updates|tbbmalloc|hmlist|2000|100|192|False|debra_df
updates|lockfree|hmlist|2000|100|192|True|debra_df
updates|rpmalloc|hmlist|2000|100|192|False|debra_df
updates|glibc|hmlist|2000|100|192|False|debra
threads|deqalloc|guerraoui_ext_bst_ticket|200000|100|1|False|debra
threads|deqalloc_genericdeque|guerraoui_ext_bst_ticket|200000|100|1|False|debra
threads|mimalloc|guerraoui_ext_bst_ticket|200000|100|1|False|debra
threads|jemalloc|guerraoui_ext_bst_ticket|200000|100|1|True|debra_df
threads|snmalloc|guerraoui_ext_bst_ticket|200000|100|1|False|debra
threads|hoard|guerraoui_ext_bst_ticket|200000|100|1|True|debra
threads|tcmalloc|guerraoui_ext_bst_ticket|200000|100|1|False|debra_df
threads|tbbmalloc|guerraoui_ext_bst_ticket|200000|100|1|False|debra_df
threads|lockfree|guerraoui_ext_bst_ticket|200000|100|1|True|debra_df
threads|rpmalloc|guerraoui_ext_bst_ticket|200000|100|1|False|debra_df
threads|glibc|guerraoui_ext_bst_ticket|200000|100|1|False|debra
threads|deqalloc|guerraoui_ext_bst_ticket|200000|100|2|False|debra
threads|deqalloc_genericdeque|guerraoui_ext_bst_ticket|200000|100|2|False|debra
threads|mimalloc|guerraoui_ext_bst_ticket|200000|100|2|False|debra
threads|jemalloc|guerraoui_ext_bst_ticket|200000|100|2|True|debra_df
threads|snmalloc|guerraoui_ext_bst_ticket|200000|100|2|False|debra
threads|hoard|guerraoui_ext_bst_ticket|200000|100|2|True|debra
threads|tcmalloc|guerraoui_ext_bst_ticket|200000|100|2|False|debra_df
threads|tbbmalloc|guerraoui_ext_bst_ticket|200000|100|2|False|debra_df
threads|lockfree|guerraoui_ext_bst_ticket|200000|100|2|True|debra_df
threads|rpmalloc|guerraoui_ext_bst_ticket|200000|100|2|False|debra_df
threads|glibc|guerraoui_ext_bst_ticket|200000|100|2|False|debra
threads|deqalloc|guerraoui_ext_bst_ticket|200000|100|4|False|debra
threads|deqalloc_genericdeque|guerraoui_ext_bst_ticket|200000|100|4|False|debra
threads|mimalloc|guerraoui_ext_bst_ticket|200000|100|4|False|debra
threads|jemalloc|guerraoui_ext_bst_ticket|200000|100|4|True|debra_df
threads|snmalloc|guerraoui_ext_bst_ticket|200000|100|4|False|debra
threads|hoard|guerraoui_ext_bst_ticket|200000|100|4|True|debra
threads|tcmalloc|guerraoui_ext_bst_ticket|200000|100|4|False|debra_df
threads|tbbmalloc|guerraoui_ext_bst_ticket|200000|100|4|False|debra_df
threads|lockfree|guerraoui_ext_bst_ticket|200000|100|4|True|debra_df
threads|rpmalloc|guerraoui_ext_bst_ticket|200000|100|4|False|debra_df
threads|glibc|guerraoui_ext_bst_ticket|200000|100|4|False|debra
threads|deqalloc|guerraoui_ext_bst_ticket|200000|100|8|False|debra
threads|deqalloc_genericdeque|guerraoui_ext_bst_ticket|200000|100|8|False|debra
threads|mimalloc|guerraoui_ext_bst_ticket|200000|100|8|False|debra
threads|jemalloc|guerraoui_ext_bst_ticket|200000|100|8|True|debra_df
threads|snmalloc|guerraoui_ext_bst_ticket|200000|100|8|False|debra
threads|hoard|guerraoui_ext_bst_ticket|200000|100|8|True|debra
threads|tcmalloc|guerraoui_ext_bst_ticket|200000|100|8|False|debra_df
threads|tbbmalloc|guerraoui_ext_bst_ticket|200000|100|8|False|debra_df
threads|lockfree|guerraoui_ext_bst_ticket|200000|100|8|True|debra_df
threads|rpmalloc|guerraoui_ext_bst_ticket|200000|100|8|False|debra_df
threads|glibc|guerraoui_ext_bst_ticket|200000|100|8|False|debra
threads|deqalloc|guerraoui_ext_bst_ticket|200000|100|16|False|debra
threads|deqalloc_genericdeque|guerraoui_ext_bst_ticket|200000|100|16|False|debra
threads|mimalloc|guerraoui_ext_bst_ticket|200000|100|16|False|debra
threads|jemalloc|guerraoui_ext_bst_ticket|200000|100|16|True|debra_df
threads|snmalloc|guerraoui_ext_bst_ticket|200000|100|16|False|debra
threads|hoard|guerraoui_ext_bst_ticket|200000|100|16|True|debra
threads|tcmalloc|guerraoui_ext_bst_ticket|200000|100|16|False|debra_df
threads|tbbmalloc|guerraoui_ext_bst_ticket|200000|100|16|False|debra_df
threads|lockfree|guerraoui_ext_bst_ticket|200000|100|16|True|debra_df
threads|rpmalloc|guerraoui_ext_bst_ticket|200000|100|16|False|debra_df
threads|glibc|guerraoui_ext_bst_ticket|200000|100|16|False|debra
threads|deqalloc|guerraoui_ext_bst_ticket|200000|100|32|False|debra
threads|deqalloc_genericdeque|guerraoui_ext_bst_ticket|200000|100|32|False|debra
threads|mimalloc|guerraoui_ext_bst_ticket|200000|100|32|False|debra
threads|jemalloc|guerraoui_ext_bst_ticket|200000|100|32|True|debra_df
threads|snmalloc|guerraoui_ext_bst_ticket|200000|100|32|False|debra
threads|hoard|guerraoui_ext_bst_ticket|200000|100|32|True|debra
threads|tcmalloc|guerraoui_ext_bst_ticket|200000|100|32|False|debra_df
threads|tbbmalloc|guerraoui_ext_bst_ticket|200000|100|32|False|debra_df
threads|lockfree|guerraoui_ext_bst_ticket|200000|100|32|True|debra_df
threads|rpmalloc|guerraoui_ext_bst_ticket|200000|100|32|False|debra_df
threads|glibc|guerraoui_ext_bst_ticket|200000|100|32|False|debra
threads|deqalloc|guerraoui_ext_bst_ticket|200000|100|64|False|debra
threads|deqalloc_genericdeque|guerraoui_ext_bst_ticket|200000|100|64|False|debra
threads|mimalloc|guerraoui_ext_bst_ticket|200000|100|64|False|debra
threads|jemalloc|guerraoui_ext_bst_ticket|200000|100|64|True|debra_df
threads|snmalloc|guerraoui_ext_bst_ticket|200000|100|64|False|debra
threads|hoard|guerraoui_ext_bst_ticket|200000|100|64|True|debra
threads|tcmalloc|guerraoui_ext_bst_ticket|200000|100|64|False|debra_df
threads|tbbmalloc|guerraoui_ext_bst_ticket|200000|100|64|False|debra_df
threads|lockfree|guerraoui_ext_bst_ticket|200000|100|64|True|debra_df
threads|rpmalloc|guerraoui_ext_bst_ticket|200000|100|64|False|debra_df
threads|glibc|guerraoui_ext_bst_ticket|200000|100|64|False|debra
threads|deqalloc|guerraoui_ext_bst_ticket|200000|100|96|False|debra
threads|deqalloc_genericdeque|guerraoui_ext_bst_ticket|200000|100|96|False|debra
threads|mimalloc|guerraoui_ext_bst_ticket|200000|100|96|False|debra
threads|jemalloc|guerraoui_ext_bst_ticket|200000|100|96|True|debra_df
threads|snmalloc|guerraoui_ext_bst_ticket|200000|100|96|False|debra
threads|hoard|guerraoui_ext_bst_ticket|200000|100|96|True|debra
threads|tcmalloc|guerraoui_ext_bst_ticket|200000|100|96|False|debra_df
threads|tbbmalloc|guerraoui_ext_bst_ticket|200000|100|96|False|debra_df
threads|lockfree|guerraoui_ext_bst_ticket|200000|100|96|True|debra_df
threads|rpmalloc|guerraoui_ext_bst_ticket|200000|100|96|False|debra_df
threads|glibc|guerraoui_ext_bst_ticket|200000|100|96|False|debra
threads|deqalloc|guerraoui_ext_bst_ticket|200000|100|128|False|debra
threads|deqalloc_genericdeque|guerraoui_ext_bst_ticket|200000|100|128|False|debra
threads|mimalloc|guerraoui_ext_bst_ticket|200000|100|128|False|debra
threads|jemalloc|guerraoui_ext_bst_ticket|200000|100|128|True|debra_df
threads|snmalloc|guerraoui_ext_bst_ticket|200000|100|128|False|debra
threads|hoard|guerraoui_ext_bst_ticket|200000|100|128|True|debra
threads|tcmalloc|guerraoui_ext_bst_ticket|200000|100|128|False|debra_df
threads|tbbmalloc|guerraoui_ext_bst_ticket|200000|100|128|False|debra_df
threads|lockfree|guerraoui_ext_bst_ticket|200000|100|128|True|debra_df
threads|rpmalloc|guerraoui_ext_bst_ticket|200000|100|128|False|debra_df
threads|glibc|guerraoui_ext_bst_ticket|200000|100|128|False|debra
threads|deqalloc|guerraoui_ext_bst_ticket|200000|100|192|False|debra
threads|deqalloc_genericdeque|guerraoui_ext_bst_ticket|200000|100|192|False|debra
threads|mimalloc|guerraoui_ext_bst_ticket|200000|100|192|False|debra
threads|jemalloc|guerraoui_ext_bst_ticket|200000|100|192|True|debra_df
threads|snmalloc|guerraoui_ext_bst_ticket|200000|100|192|False|debra
threads|hoard|guerraoui_ext_bst_ticket|200000|100|192|True|debra
threads|tcmalloc|guerraoui_ext_bst_ticket|200000|100|192|False|debra_df
threads|tbbmalloc|guerraoui_ext_bst_ticket|200000|100|192|False|debra_df
threads|lockfree|guerraoui_ext_bst_ticket|200000|100|192|True|debra_df
threads|rpmalloc|guerraoui_ext_bst_ticket|200000|100|192|False|debra_df
threads|glibc|guerraoui_ext_bst_ticket|200000|100|192|False|debra
threads|deqalloc|guerraoui_ext_bst_ticket|200000|100|384|False|debra
threads|deqalloc_genericdeque|guerraoui_ext_bst_ticket|200000|100|384|False|debra
threads|mimalloc|guerraoui_ext_bst_ticket|200000|100|384|False|debra
threads|jemalloc|guerraoui_ext_bst_ticket|200000|100|384|True|debra_df
threads|snmalloc|guerraoui_ext_bst_ticket|200000|100|384|False|debra
threads|hoard|guerraoui_ext_bst_ticket|200000|100|384|True|debra
threads|tcmalloc|guerraoui_ext_bst_ticket|200000|100|384|False|debra_df
threads|tbbmalloc|guerraoui_ext_bst_ticket|200000|100|384|False|debra_df
threads|lockfree|guerraoui_ext_bst_ticket|200000|100|384|True|debra_df
threads|rpmalloc|guerraoui_ext_bst_ticket|200000|100|384|False|debra_df
threads|glibc|guerraoui_ext_bst_ticket|200000|100|384|False|debra
threads|deqalloc|brown_ext_abtree_lf|200000|100|1|False|debra
threads|deqalloc_genericdeque|brown_ext_abtree_lf|200000|100|1|False|debra
threads|mimalloc|brown_ext_abtree_lf|200000|100|1|False|debra
threads|jemalloc|brown_ext_abtree_lf|200000|100|1|True|debra_df
threads|snmalloc|brown_ext_abtree_lf|200000|100|1|False|debra
threads|hoard|brown_ext_abtree_lf|200000|100|1|True|debra
threads|tcmalloc|brown_ext_abtree_lf|200000|100|1|False|debra_df
threads|tbbmalloc|brown_ext_abtree_lf|200000|100|1|False|debra_df
threads|lockfree|brown_ext_abtree_lf|200000|100|1|True|debra_df
threads|rpmalloc|brown_ext_abtree_lf|200000|100|1|False|debra_df
threads|glibc|brown_ext_abtree_lf|200000|100|1|False|debra
threads|deqalloc|brown_ext_abtree_lf|200000|100|2|False|debra
threads|deqalloc_genericdeque|brown_ext_abtree_lf|200000|100|2|False|debra
threads|mimalloc|brown_ext_abtree_lf|200000|100|2|False|debra
threads|jemalloc|brown_ext_abtree_lf|200000|100|2|True|debra_df
threads|snmalloc|brown_ext_abtree_lf|200000|100|2|False|debra
threads|hoard|brown_ext_abtree_lf|200000|100|2|True|debra
threads|tcmalloc|brown_ext_abtree_lf|200000|100|2|False|debra_df
threads|tbbmalloc|brown_ext_abtree_lf|200000|100|2|False|debra_df
threads|lockfree|brown_ext_abtree_lf|200000|100|2|True|debra_df
threads|rpmalloc|brown_ext_abtree_lf|200000|100|2|False|debra_df
threads|glibc|brown_ext_abtree_lf|200000|100|2|False|debra
threads|deqalloc|brown_ext_abtree_lf|200000|100|4|False|debra
threads|deqalloc_genericdeque|brown_ext_abtree_lf|200000|100|4|False|debra
threads|mimalloc|brown_ext_abtree_lf|200000|100|4|False|debra
threads|jemalloc|brown_ext_abtree_lf|200000|100|4|True|debra_df
threads|snmalloc|brown_ext_abtree_lf|200000|100|4|False|debra
threads|hoard|brown_ext_abtree_lf|200000|100|4|True|debra
threads|tcmalloc|brown_ext_abtree_lf|200000|100|4|False|debra_df
threads|tbbmalloc|brown_ext_abtree_lf|200000|100|4|False|debra_df
threads|lockfree|brown_ext_abtree_lf|200000|100|4|True|debra_df
threads|rpmalloc|brown_ext_abtree_lf|200000|100|4|False|debra_df
threads|glibc|brown_ext_abtree_lf|200000|100|4|False|debra
threads|deqalloc|brown_ext_abtree_lf|200000|100|8|False|debra
threads|deqalloc_genericdeque|brown_ext_abtree_lf|200000|100|8|False|debra
threads|mimalloc|brown_ext_abtree_lf|200000|100|8|False|debra
threads|jemalloc|brown_ext_abtree_lf|200000|100|8|True|debra_df
threads|snmalloc|brown_ext_abtree_lf|200000|100|8|False|debra
threads|hoard|brown_ext_abtree_lf|200000|100|8|True|debra
threads|tcmalloc|brown_ext_abtree_lf|200000|100|8|False|debra_df
threads|tbbmalloc|brown_ext_abtree_lf|200000|100|8|False|debra_df
threads|lockfree|brown_ext_abtree_lf|200000|100|8|True|debra_df
threads|rpmalloc|brown_ext_abtree_lf|200000|100|8|False|debra_df
threads|glibc|brown_ext_abtree_lf|200000|100|8|False|debra
threads|deqalloc|brown_ext_abtree_lf|200000|100|16|False|debra
threads|deqalloc_genericdeque|brown_ext_abtree_lf|200000|100|16|False|debra
threads|mimalloc|brown_ext_abtree_lf|200000|100|16|False|debra
threads|jemalloc|brown_ext_abtree_lf|200000|100|16|True|debra_df
threads|snmalloc|brown_ext_abtree_lf|200000|100|16|False|debra
threads|hoard|brown_ext_abtree_lf|200000|100|16|True|debra
threads|tcmalloc|brown_ext_abtree_lf|200000|100|16|False|debra_df
threads|tbbmalloc|brown_ext_abtree_lf|200000|100|16|False|debra_df
threads|lockfree|brown_ext_abtree_lf|200000|100|16|True|debra_df
threads|rpmalloc|brown_ext_abtree_lf|200000|100|16|False|debra_df
threads|glibc|brown_ext_abtree_lf|200000|100|16|False|debra
threads|deqalloc|brown_ext_abtree_lf|200000|100|32|False|debra
threads|deqalloc_genericdeque|brown_ext_abtree_lf|200000|100|32|False|debra
threads|mimalloc|brown_ext_abtree_lf|200000|100|32|False|debra
threads|jemalloc|brown_ext_abtree_lf|200000|100|32|True|debra_df
threads|snmalloc|brown_ext_abtree_lf|200000|100|32|False|debra
threads|hoard|brown_ext_abtree_lf|200000|100|32|True|debra
threads|tcmalloc|brown_ext_abtree_lf|200000|100|32|False|debra_df
threads|tbbmalloc|brown_ext_abtree_lf|200000|100|32|False|debra_df
threads|lockfree|brown_ext_abtree_lf|200000|100|32|True|debra_df
threads|rpmalloc|brown_ext_abtree_lf|200000|100|32|False|debra_df
threads|glibc|brown_ext_abtree_lf|200000|100|32|False|debra
threads|deqalloc|brown_ext_abtree_lf|200000|100|64|False|debra
threads|deqalloc_genericdeque|brown_ext_abtree_lf|200000|100|64|False|debra
threads|mimalloc|brown_ext_abtree_lf|200000|100|64|False|debra
threads|jemalloc|brown_ext_abtree_lf|200000|100|64|True|debra_df
threads|snmalloc|brown_ext_abtree_lf|200000|100|64|False|debra
threads|hoard|brown_ext_abtree_lf|200000|100|64|True|debra
threads|tcmalloc|brown_ext_abtree_lf|200000|100|64|False|debra_df
threads|tbbmalloc|brown_ext_abtree_lf|200000|100|64|False|debra_df
threads|lockfree|brown_ext_abtree_lf|200000|100|64|True|debra_df
threads|rpmalloc|brown_ext_abtree_lf|200000|100|64|False|debra_df
threads|glibc|brown_ext_abtree_lf|200000|100|64|False|debra
threads|deqalloc|brown_ext_abtree_lf|200000|100|96|False|debra
threads|deqalloc_genericdeque|brown_ext_abtree_lf|200000|100|96|False|debra
threads|mimalloc|brown_ext_abtree_lf|200000|100|96|False|debra
threads|jemalloc|brown_ext_abtree_lf|200000|100|96|True|debra_df
threads|snmalloc|brown_ext_abtree_lf|200000|100|96|False|debra
threads|hoard|brown_ext_abtree_lf|200000|100|96|True|debra
threads|tcmalloc|brown_ext_abtree_lf|200000|100|96|False|debra_df
threads|tbbmalloc|brown_ext_abtree_lf|200000|100|96|False|debra_df
threads|lockfree|brown_ext_abtree_lf|200000|100|96|True|debra_df
threads|rpmalloc|brown_ext_abtree_lf|200000|100|96|False|debra_df
threads|glibc|brown_ext_abtree_lf|200000|100|96|False|debra
threads|deqalloc|brown_ext_abtree_lf|200000|100|128|False|debra
threads|deqalloc_genericdeque|brown_ext_abtree_lf|200000|100|128|False|debra
threads|mimalloc|brown_ext_abtree_lf|200000|100|128|False|debra
threads|jemalloc|brown_ext_abtree_lf|200000|100|128|True|debra_df
threads|snmalloc|brown_ext_abtree_lf|200000|100|128|False|debra
threads|hoard|brown_ext_abtree_lf|200000|100|128|True|debra
threads|tcmalloc|brown_ext_abtree_lf|200000|100|128|False|debra_df
threads|tbbmalloc|brown_ext_abtree_lf|200000|100|128|False|debra_df
threads|lockfree|brown_ext_abtree_lf|200000|100|128|True|debra_df
threads|rpmalloc|brown_ext_abtree_lf|200000|100|128|False|debra_df
threads|glibc|brown_ext_abtree_lf|200000|100|128|False|debra
threads|deqalloc|brown_ext_abtree_lf|200000|100|192|False|debra
threads|deqalloc_genericdeque|brown_ext_abtree_lf|200000|100|192|False|debra
threads|mimalloc|brown_ext_abtree_lf|200000|100|192|False|debra
threads|jemalloc|brown_ext_abtree_lf|200000|100|192|True|debra_df
threads|snmalloc|brown_ext_abtree_lf|200000|100|192|False|debra
threads|hoard|brown_ext_abtree_lf|200000|100|192|True|debra
threads|tcmalloc|brown_ext_abtree_lf|200000|100|192|False|debra_df
threads|tbbmalloc|brown_ext_abtree_lf|200000|100|192|False|debra_df
threads|lockfree|brown_ext_abtree_lf|200000|100|192|True|debra_df
threads|rpmalloc|brown_ext_abtree_lf|200000|100|192|False|debra_df
threads|glibc|brown_ext_abtree_lf|200000|100|192|False|debra
threads|deqalloc|brown_ext_abtree_lf|200000|100|384|False|debra
threads|deqalloc_genericdeque|brown_ext_abtree_lf|200000|100|384|False|debra
threads|mimalloc|brown_ext_abtree_lf|200000|100|384|False|debra
threads|jemalloc|brown_ext_abtree_lf|200000|100|384|True|debra_df
threads|snmalloc|brown_ext_abtree_lf|200000|100|384|False|debra
threads|hoard|brown_ext_abtree_lf|200000|100|384|True|debra
threads|tcmalloc|brown_ext_abtree_lf|200000|100|384|False|debra_df
threads|tbbmalloc|brown_ext_abtree_lf|200000|100|384|False|debra_df
threads|lockfree|brown_ext_abtree_lf|200000|100|384|True|debra_df
threads|rpmalloc|brown_ext_abtree_lf|200000|100|384|False|debra_df
threads|glibc|brown_ext_abtree_lf|200000|100|384|False|debra
threads|deqalloc|hm_hashtable|200000|100|1|False|debra
threads|deqalloc_genericdeque|hm_hashtable|200000|100|1|False|debra
threads|mimalloc|hm_hashtable|200000|100|1|False|debra
threads|jemalloc|hm_hashtable|200000|100|1|True|debra_df
threads|snmalloc|hm_hashtable|200000|100|1|False|debra
threads|hoard|hm_hashtable|200000|100|1|True|debra
threads|tcmalloc|hm_hashtable|200000|100|1|False|debra_df
threads|tbbmalloc|hm_hashtable|200000|100|1|False|debra_df
threads|lockfree|hm_hashtable|200000|100|1|True|debra_df
threads|rpmalloc|hm_hashtable|200000|100|1|False|debra_df
threads|glibc|hm_hashtable|200000|100|1|False|debra
threads|deqalloc|hm_hashtable|200000|100|2|False|debra
threads|deqalloc_genericdeque|hm_hashtable|200000|100|2|False|debra
threads|mimalloc|hm_hashtable|200000|100|2|False|debra
threads|jemalloc|hm_hashtable|200000|100|2|True|debra_df
threads|snmalloc|hm_hashtable|200000|100|2|False|debra
threads|hoard|hm_hashtable|200000|100|2|True|debra
threads|tcmalloc|hm_hashtable|200000|100|2|False|debra_df
threads|tbbmalloc|hm_hashtable|200000|100|2|False|debra_df
threads|lockfree|hm_hashtable|200000|100|2|True|debra_df
threads|rpmalloc|hm_hashtable|200000|100|2|False|debra_df
threads|glibc|hm_hashtable|200000|100|2|False|debra
threads|deqalloc|hm_hashtable|200000|100|4|False|debra
threads|deqalloc_genericdeque|hm_hashtable|200000|100|4|False|debra
threads|mimalloc|hm_hashtable|200000|100|4|False|debra
threads|jemalloc|hm_hashtable|200000|100|4|True|debra_df
threads|snmalloc|hm_hashtable|200000|100|4|False|debra
threads|hoard|hm_hashtable|200000|100|4|True|debra
threads|tcmalloc|hm_hashtable|200000|100|4|False|debra_df
threads|tbbmalloc|hm_hashtable|200000|100|4|False|debra_df
threads|lockfree|hm_hashtable|200000|100|4|True|debra_df
threads|rpmalloc|hm_hashtable|200000|100|4|False|debra_df
threads|glibc|hm_hashtable|200000|100|4|False|debra
threads|deqalloc|hm_hashtable|200000|100|8|False|debra
threads|deqalloc_genericdeque|hm_hashtable|200000|100|8|False|debra
threads|mimalloc|hm_hashtable|200000|100|8|False|debra
threads|jemalloc|hm_hashtable|200000|100|8|True|debra_df
threads|snmalloc|hm_hashtable|200000|100|8|False|debra
threads|hoard|hm_hashtable|200000|100|8|True|debra
threads|tcmalloc|hm_hashtable|200000|100|8|False|debra_df
threads|tbbmalloc|hm_hashtable|200000|100|8|False|debra_df
threads|lockfree|hm_hashtable|200000|100|8|True|debra_df
threads|rpmalloc|hm_hashtable|200000|100|8|False|debra_df
threads|glibc|hm_hashtable|200000|100|8|False|debra
threads|deqalloc|hm_hashtable|200000|100|16|False|debra
threads|deqalloc_genericdeque|hm_hashtable|200000|100|16|False|debra
threads|mimalloc|hm_hashtable|200000|100|16|False|debra
threads|jemalloc|hm_hashtable|200000|100|16|True|debra_df
threads|snmalloc|hm_hashtable|200000|100|16|False|debra
threads|hoard|hm_hashtable|200000|100|16|True|debra
threads|tcmalloc|hm_hashtable|200000|100|16|False|debra_df
threads|tbbmalloc|hm_hashtable|200000|100|16|False|debra_df
threads|lockfree|hm_hashtable|200000|100|16|True|debra_df
threads|rpmalloc|hm_hashtable|200000|100|16|False|debra_df
threads|glibc|hm_hashtable|200000|100|16|False|debra
threads|deqalloc|hm_hashtable|200000|100|32|False|debra
threads|deqalloc_genericdeque|hm_hashtable|200000|100|32|False|debra
threads|mimalloc|hm_hashtable|200000|100|32|False|debra
threads|jemalloc|hm_hashtable|200000|100|32|True|debra_df
threads|snmalloc|hm_hashtable|200000|100|32|False|debra
threads|hoard|hm_hashtable|200000|100|32|True|debra
threads|tcmalloc|hm_hashtable|200000|100|32|False|debra_df
threads|tbbmalloc|hm_hashtable|200000|100|32|False|debra_df
threads|lockfree|hm_hashtable|200000|100|32|True|debra_df
threads|rpmalloc|hm_hashtable|200000|100|32|False|debra_df
threads|glibc|hm_hashtable|200000|100|32|False|debra
threads|deqalloc|hm_hashtable|200000|100|64|False|debra
threads|deqalloc_genericdeque|hm_hashtable|200000|100|64|False|debra
threads|mimalloc|hm_hashtable|200000|100|64|False|debra
threads|jemalloc|hm_hashtable|200000|100|64|True|debra_df
threads|snmalloc|hm_hashtable|200000|100|64|False|debra
threads|hoard|hm_hashtable|200000|100|64|True|debra
threads|tcmalloc|hm_hashtable|200000|100|64|False|debra_df
threads|tbbmalloc|hm_hashtable|200000|100|64|False|debra_df
threads|lockfree|hm_hashtable|200000|100|64|True|debra_df
threads|rpmalloc|hm_hashtable|200000|100|64|False|debra_df
threads|glibc|hm_hashtable|200000|100|64|False|debra
threads|deqalloc|hm_hashtable|200000|100|96|False|debra
threads|deqalloc_genericdeque|hm_hashtable|200000|100|96|False|debra
threads|mimalloc|hm_hashtable|200000|100|96|False|debra
threads|jemalloc|hm_hashtable|200000|100|96|True|debra_df
threads|snmalloc|hm_hashtable|200000|100|96|False|debra
threads|hoard|hm_hashtable|200000|100|96|True|debra
threads|tcmalloc|hm_hashtable|200000|100|96|False|debra_df
threads|tbbmalloc|hm_hashtable|200000|100|96|False|debra_df
threads|lockfree|hm_hashtable|200000|100|96|True|debra_df
threads|rpmalloc|hm_hashtable|200000|100|96|False|debra_df
threads|glibc|hm_hashtable|200000|100|96|False|debra
threads|deqalloc|hm_hashtable|200000|100|128|False|debra
threads|deqalloc_genericdeque|hm_hashtable|200000|100|128|False|debra
threads|mimalloc|hm_hashtable|200000|100|128|False|debra
threads|jemalloc|hm_hashtable|200000|100|128|True|debra_df
threads|snmalloc|hm_hashtable|200000|100|128|False|debra
threads|hoard|hm_hashtable|200000|100|128|True|debra
threads|tcmalloc|hm_hashtable|200000|100|128|False|debra_df
threads|tbbmalloc|hm_hashtable|200000|100|128|False|debra_df
threads|lockfree|hm_hashtable|200000|100|128|True|debra_df
threads|rpmalloc|hm_hashtable|200000|100|128|False|debra_df
threads|glibc|hm_hashtable|200000|100|128|False|debra
threads|deqalloc|hm_hashtable|200000|100|192|False|debra
threads|deqalloc_genericdeque|hm_hashtable|200000|100|192|False|debra
threads|mimalloc|hm_hashtable|200000|100|192|False|debra
threads|jemalloc|hm_hashtable|200000|100|192|True|debra_df
threads|snmalloc|hm_hashtable|200000|100|192|False|debra
threads|hoard|hm_hashtable|200000|100|192|True|debra
threads|tcmalloc|hm_hashtable|200000|100|192|False|debra_df
threads|tbbmalloc|hm_hashtable|200000|100|192|False|debra_df
threads|lockfree|hm_hashtable|200000|100|192|True|debra_df
threads|rpmalloc|hm_hashtable|200000|100|192|False|debra_df
threads|glibc|hm_hashtable|200000|100|192|False|debra
threads|deqalloc|hm_hashtable|200000|100|384|False|debra
threads|deqalloc_genericdeque|hm_hashtable|200000|100|384|False|debra
threads|mimalloc|hm_hashtable|200000|100|384|False|debra
threads|jemalloc|hm_hashtable|200000|100|384|True|debra_df
threads|snmalloc|hm_hashtable|200000|100|384|False|debra
threads|hoard|hm_hashtable|200000|100|384|True|debra
threads|tcmalloc|hm_hashtable|200000|100|384|False|debra_df
threads|tbbmalloc|hm_hashtable|200000|100|384|False|debra_df
threads|lockfree|hm_hashtable|200000|100|384|True|debra_df
threads|rpmalloc|hm_hashtable|200000|100|384|False|debra_df
threads|glibc|hm_hashtable|200000|100|384|False|debra
threads|deqalloc|hmlist|2000|100|1|False|debra
threads|deqalloc_genericdeque|hmlist|2000|100|1|False|debra
threads|mimalloc|hmlist|2000|100|1|False|debra
threads|jemalloc|hmlist|2000|100|1|True|debra_df
threads|snmalloc|hmlist|2000|100|1|False|debra
threads|hoard|hmlist|2000|100|1|True|debra
threads|tcmalloc|hmlist|2000|100|1|False|debra_df
threads|tbbmalloc|hmlist|2000|100|1|False|debra_df
threads|lockfree|hmlist|2000|100|1|True|debra_df
threads|rpmalloc|hmlist|2000|100|1|False|debra_df
threads|glibc|hmlist|2000|100|1|False|debra
threads|deqalloc|hmlist|2000|100|2|False|debra
threads|deqalloc_genericdeque|hmlist|2000|100|2|False|debra
threads|mimalloc|hmlist|2000|100|2|False|debra
threads|jemalloc|hmlist|2000|100|2|True|debra_df
threads|snmalloc|hmlist|2000|100|2|False|debra
threads|hoard|hmlist|2000|100|2|True|debra
threads|tcmalloc|hmlist|2000|100|2|False|debra_df
threads|tbbmalloc|hmlist|2000|100|2|False|debra_df
threads|lockfree|hmlist|2000|100|2|True|debra_df
threads|rpmalloc|hmlist|2000|100|2|False|debra_df
threads|glibc|hmlist|2000|100|2|False|debra
threads|deqalloc|hmlist|2000|100|4|False|debra
threads|deqalloc_genericdeque|hmlist|2000|100|4|False|debra
threads|mimalloc|hmlist|2000|100|4|False|debra
threads|jemalloc|hmlist|2000|100|4|True|debra_df
threads|snmalloc|hmlist|2000|100|4|False|debra
threads|hoard|hmlist|2000|100|4|True|debra
threads|tcmalloc|hmlist|2000|100|4|False|debra_df
threads|tbbmalloc|hmlist|2000|100|4|False|debra_df
threads|lockfree|hmlist|2000|100|4|True|debra_df
threads|rpmalloc|hmlist|2000|100|4|False|debra_df
threads|glibc|hmlist|2000|100|4|False|debra
threads|deqalloc|hmlist|2000|100|8|False|debra
threads|deqalloc_genericdeque|hmlist|2000|100|8|False|debra
threads|mimalloc|hmlist|2000|100|8|False|debra
threads|jemalloc|hmlist|2000|100|8|True|debra_df
threads|snmalloc|hmlist|2000|100|8|False|debra
threads|hoard|hmlist|2000|100|8|True|debra
threads|tcmalloc|hmlist|2000|100|8|False|debra_df
threads|tbbmalloc|hmlist|2000|100|8|False|debra_df
threads|lockfree|hmlist|2000|100|8|True|debra_df
threads|rpmalloc|hmlist|2000|100|8|False|debra_df
threads|glibc|hmlist|2000|100|8|False|debra
threads|deqalloc|hmlist|2000|100|16|False|debra
threads|deqalloc_genericdeque|hmlist|2000|100|16|False|debra
threads|mimalloc|hmlist|2000|100|16|False|debra
threads|jemalloc|hmlist|2000|100|16|True|debra_df
threads|snmalloc|hmlist|2000|100|16|False|debra
threads|hoard|hmlist|2000|100|16|True|debra
threads|tcmalloc|hmlist|2000|100|16|False|debra_df
threads|tbbmalloc|hmlist|2000|100|16|False|debra_df
threads|lockfree|hmlist|2000|100|16|True|debra_df
threads|rpmalloc|hmlist|2000|100|16|False|debra_df
threads|glibc|hmlist|2000|100|16|False|debra
threads|deqalloc|hmlist|2000|100|32|False|debra
threads|deqalloc_genericdeque|hmlist|2000|100|32|False|debra
threads|mimalloc|hmlist|2000|100|32|False|debra
threads|jemalloc|hmlist|2000|100|32|True|debra_df
threads|snmalloc|hmlist|2000|100|32|False|debra
threads|hoard|hmlist|2000|100|32|True|debra
threads|tcmalloc|hmlist|2000|100|32|False|debra_df
threads|tbbmalloc|hmlist|2000|100|32|False|debra_df
threads|lockfree|hmlist|2000|100|32|True|debra_df
threads|rpmalloc|hmlist|2000|100|32|False|debra_df
threads|glibc|hmlist|2000|100|32|False|debra
threads|deqalloc|hmlist|2000|100|64|False|debra
threads|deqalloc_genericdeque|hmlist|2000|100|64|False|debra
threads|mimalloc|hmlist|2000|100|64|False|debra
threads|jemalloc|hmlist|2000|100|64|True|debra_df
threads|snmalloc|hmlist|2000|100|64|False|debra
threads|hoard|hmlist|2000|100|64|True|debra
threads|tcmalloc|hmlist|2000|100|64|False|debra_df
threads|tbbmalloc|hmlist|2000|100|64|False|debra_df
threads|lockfree|hmlist|2000|100|64|True|debra_df
threads|rpmalloc|hmlist|2000|100|64|False|debra_df
threads|glibc|hmlist|2000|100|64|False|debra
threads|deqalloc|hmlist|2000|100|96|False|debra
threads|deqalloc_genericdeque|hmlist|2000|100|96|False|debra
threads|mimalloc|hmlist|2000|100|96|False|debra
threads|jemalloc|hmlist|2000|100|96|True|debra_df
threads|snmalloc|hmlist|2000|100|96|False|debra
threads|hoard|hmlist|2000|100|96|True|debra
threads|tcmalloc|hmlist|2000|100|96|False|debra_df
threads|tbbmalloc|hmlist|2000|100|96|False|debra_df
threads|lockfree|hmlist|2000|100|96|True|debra_df
threads|rpmalloc|hmlist|2000|100|96|False|debra_df
threads|glibc|hmlist|2000|100|96|False|debra
threads|deqalloc|hmlist|2000|100|128|False|debra
threads|deqalloc_genericdeque|hmlist|2000|100|128|False|debra
threads|mimalloc|hmlist|2000|100|128|False|debra
threads|jemalloc|hmlist|2000|100|128|True|debra_df
threads|snmalloc|hmlist|2000|100|128|False|debra
threads|hoard|hmlist|2000|100|128|True|debra
threads|tcmalloc|hmlist|2000|100|128|False|debra_df
threads|tbbmalloc|hmlist|2000|100|128|False|debra_df
threads|lockfree|hmlist|2000|100|128|True|debra_df
threads|rpmalloc|hmlist|2000|100|128|False|debra_df
threads|glibc|hmlist|2000|100|128|False|debra
threads|deqalloc|hmlist|2000|100|192|False|debra
threads|deqalloc_genericdeque|hmlist|2000|100|192|False|debra
threads|mimalloc|hmlist|2000|100|192|False|debra
threads|jemalloc|hmlist|2000|100|192|True|debra_df
threads|snmalloc|hmlist|2000|100|192|False|debra
threads|hoard|hmlist|2000|100|192|True|debra
threads|tcmalloc|hmlist|2000|100|192|False|debra_df
threads|tbbmalloc|hmlist|2000|100|192|False|debra_df
threads|lockfree|hmlist|2000|100|192|True|debra_df
threads|rpmalloc|hmlist|2000|100|192|False|debra_df
threads|glibc|hmlist|2000|100|192|False|debra
threads|deqalloc|hmlist|2000|100|384|False|debra
threads|deqalloc_genericdeque|hmlist|2000|100|384|False|debra
threads|mimalloc|hmlist|2000|100|384|False|debra
threads|jemalloc|hmlist|2000|100|384|True|debra_df
threads|snmalloc|hmlist|2000|100|384|False|debra
threads|hoard|hmlist|2000|100|384|True|debra
threads|tcmalloc|hmlist|2000|100|384|False|debra_df
threads|tbbmalloc|hmlist|2000|100|384|False|debra_df
threads|lockfree|hmlist|2000|100|384|True|debra_df
threads|rpmalloc|hmlist|2000|100|384|False|debra_df
threads|glibc|hmlist|2000|100|384|False|debra
sizes|deqalloc|guerraoui_ext_bst_ticket|5000|100|192|False|debra
sizes|deqalloc_genericdeque|guerraoui_ext_bst_ticket|5000|100|192|False|debra
sizes|mimalloc|guerraoui_ext_bst_ticket|5000|100|192|False|debra
sizes|jemalloc|guerraoui_ext_bst_ticket|5000|100|192|True|debra_df
sizes|snmalloc|guerraoui_ext_bst_ticket|5000|100|192|False|debra
sizes|hoard|guerraoui_ext_bst_ticket|5000|100|192|True|debra
sizes|tcmalloc|guerraoui_ext_bst_ticket|5000|100|192|False|debra_df
sizes|tbbmalloc|guerraoui_ext_bst_ticket|5000|100|192|False|debra_df
sizes|lockfree|guerraoui_ext_bst_ticket|5000|100|192|True|debra_df
sizes|rpmalloc|guerraoui_ext_bst_ticket|5000|100|192|False|debra_df
sizes|glibc|guerraoui_ext_bst_ticket|5000|100|192|False|debra
sizes|deqalloc|brown_ext_abtree_lf|5000|100|192|False|debra
sizes|deqalloc_genericdeque|brown_ext_abtree_lf|5000|100|192|False|debra
sizes|mimalloc|brown_ext_abtree_lf|5000|100|192|False|debra
sizes|jemalloc|brown_ext_abtree_lf|5000|100|192|True|debra_df
sizes|snmalloc|brown_ext_abtree_lf|5000|100|192|False|debra
sizes|hoard|brown_ext_abtree_lf|5000|100|192|True|debra
sizes|tcmalloc|brown_ext_abtree_lf|5000|100|192|False|debra_df
sizes|tbbmalloc|brown_ext_abtree_lf|5000|100|192|False|debra_df
sizes|lockfree|brown_ext_abtree_lf|5000|100|192|True|debra_df
sizes|rpmalloc|brown_ext_abtree_lf|5000|100|192|False|debra_df
sizes|glibc|brown_ext_abtree_lf|5000|100|192|False|debra
sizes|deqalloc|hm_hashtable|5000|100|192|False|debra
sizes|deqalloc_genericdeque|hm_hashtable|5000|100|192|False|debra
sizes|mimalloc|hm_hashtable|5000|100|192|False|debra
sizes|jemalloc|hm_hashtable|5000|100|192|True|debra_df
sizes|snmalloc|hm_hashtable|5000|100|192|False|debra
sizes|hoard|hm_hashtable|5000|100|192|True|debra
sizes|tcmalloc|hm_hashtable|5000|100|192|False|debra_df
sizes|tbbmalloc|hm_hashtable|5000|100|192|False|debra_df
sizes|lockfree|hm_hashtable|5000|100|192|True|debra_df
sizes|rpmalloc|hm_hashtable|5000|100|192|False|debra_df
sizes|glibc|hm_hashtable|5000|100|192|False|debra
sizes|deqalloc|hmlist|500|100|192|False|debra
sizes|deqalloc_genericdeque|hmlist|500|100|192|False|debra
sizes|mimalloc|hmlist|500|100|192|False|debra
sizes|jemalloc|hmlist|500|100|192|True|debra_df
sizes|snmalloc|hmlist|500|100|192|False|debra
sizes|hoard|hmlist|500|100|192|True|debra
sizes|tcmalloc|hmlist|500|100|192|False|debra_df
sizes|tbbmalloc|hmlist|500|100|192|False|debra_df
sizes|lockfree|hmlist|500|100|192|True|debra_df
sizes|rpmalloc|hmlist|500|100|192|False|debra_df
sizes|glibc|hmlist|500|100|192|False|debra
sizes|deqalloc|guerraoui_ext_bst_ticket|200000|100|192|False|debra
sizes|deqalloc_genericdeque|guerraoui_ext_bst_ticket|200000|100|192|False|debra
sizes|mimalloc|guerraoui_ext_bst_ticket|200000|100|192|False|debra
sizes|jemalloc|guerraoui_ext_bst_ticket|200000|100|192|True|debra_df
sizes|snmalloc|guerraoui_ext_bst_ticket|200000|100|192|False|debra
sizes|hoard|guerraoui_ext_bst_ticket|200000|100|192|True|debra
sizes|tcmalloc|guerraoui_ext_bst_ticket|200000|100|192|False|debra_df
sizes|tbbmalloc|guerraoui_ext_bst_ticket|200000|100|192|False|debra_df
sizes|lockfree|guerraoui_ext_bst_ticket|200000|100|192|True|debra_df
sizes|rpmalloc|guerraoui_ext_bst_ticket|200000|100|192|False|debra_df
sizes|glibc|guerraoui_ext_bst_ticket|200000|100|192|False|debra
sizes|deqalloc|brown_ext_abtree_lf|200000|100|192|False|debra
sizes|deqalloc_genericdeque|brown_ext_abtree_lf|200000|100|192|False|debra
sizes|mimalloc|brown_ext_abtree_lf|200000|100|192|False|debra
sizes|jemalloc|brown_ext_abtree_lf|200000|100|192|True|debra_df
sizes|snmalloc|brown_ext_abtree_lf|200000|100|192|False|debra
sizes|hoard|brown_ext_abtree_lf|200000|100|192|True|debra
sizes|tcmalloc|brown_ext_abtree_lf|200000|100|192|False|debra_df
sizes|tbbmalloc|brown_ext_abtree_lf|200000|100|192|False|debra_df
sizes|lockfree|brown_ext_abtree_lf|200000|100|192|True|debra_df
sizes|rpmalloc|brown_ext_abtree_lf|200000|100|192|False|debra_df
sizes|glibc|brown_ext_abtree_lf|200000|100|192|False|debra
sizes|deqalloc|hm_hashtable|200000|100|192|False|debra
sizes|deqalloc_genericdeque|hm_hashtable|200000|100|192|False|debra
sizes|mimalloc|hm_hashtable|200000|100|192|False|debra
sizes|jemalloc|hm_hashtable|200000|100|192|True|debra_df
sizes|snmalloc|hm_hashtable|200000|100|192|False|debra
sizes|hoard|hm_hashtable|200000|100|192|True|debra
sizes|tcmalloc|hm_hashtable|200000|100|192|False|debra_df
sizes|tbbmalloc|hm_hashtable|200000|100|192|False|debra_df
sizes|lockfree|hm_hashtable|200000|100|192|True|debra_df
sizes|rpmalloc|hm_hashtable|200000|100|192|False|debra_df
sizes|glibc|hm_hashtable|200000|100|192|False|debra
sizes|deqalloc|hmlist|2000|100|192|False|debra
sizes|deqalloc_genericdeque|hmlist|2000|100|192|False|debra
sizes|mimalloc|hmlist|2000|100|192|False|debra
sizes|jemalloc|hmlist|2000|100|192|True|debra_df
sizes|snmalloc|hmlist|2000|100|192|False|debra
sizes|hoard|hmlist|2000|100|192|True|debra
sizes|tcmalloc|hmlist|2000|100|192|False|debra_df
sizes|tbbmalloc|hmlist|2000|100|192|False|debra_df
sizes|lockfree|hmlist|2000|100|192|True|debra_df
sizes|rpmalloc|hmlist|2000|100|192|False|debra_df
sizes|glibc|hmlist|2000|100|192|False|debra
sizes|deqalloc|guerraoui_ext_bst_ticket|20000000|100|192|False|debra
sizes|deqalloc_genericdeque|guerraoui_ext_bst_ticket|20000000|100|192|False|debra
sizes|mimalloc|guerraoui_ext_bst_ticket|20000000|100|192|False|debra
sizes|jemalloc|guerraoui_ext_bst_ticket|20000000|100|192|True|debra_df
sizes|snmalloc|guerraoui_ext_bst_ticket|20000000|100|192|False|debra
sizes|hoard|guerraoui_ext_bst_ticket|20000000|100|192|True|debra
sizes|tcmalloc|guerraoui_ext_bst_ticket|20000000|100|192|False|debra_df
sizes|tbbmalloc|guerraoui_ext_bst_ticket|20000000|100|192|False|debra_df
sizes|lockfree|guerraoui_ext_bst_ticket|20000000|100|192|True|debra_df
sizes|rpmalloc|guerraoui_ext_bst_ticket|20000000|100|192|False|debra_df
sizes|glibc|guerraoui_ext_bst_ticket|20000000|100|192|False|debra
sizes|deqalloc|brown_ext_abtree_lf|20000000|100|192|False|debra
sizes|deqalloc_genericdeque|brown_ext_abtree_lf|20000000|100|192|False|debra
sizes|mimalloc|brown_ext_abtree_lf|20000000|100|192|False|debra
sizes|jemalloc|brown_ext_abtree_lf|20000000|100|192|True|debra_df
sizes|snmalloc|brown_ext_abtree_lf|20000000|100|192|False|debra
sizes|hoard|brown_ext_abtree_lf|20000000|100|192|True|debra
sizes|tcmalloc|brown_ext_abtree_lf|20000000|100|192|False|debra_df
sizes|tbbmalloc|brown_ext_abtree_lf|20000000|100|192|False|debra_df
sizes|lockfree|brown_ext_abtree_lf|20000000|100|192|True|debra_df
sizes|rpmalloc|brown_ext_abtree_lf|20000000|100|192|False|debra_df
sizes|glibc|brown_ext_abtree_lf|20000000|100|192|False|debra
sizes|deqalloc|hm_hashtable|20000000|100|192|False|debra
sizes|deqalloc_genericdeque|hm_hashtable|20000000|100|192|False|debra
sizes|mimalloc|hm_hashtable|20000000|100|192|False|debra
sizes|jemalloc|hm_hashtable|20000000|100|192|True|debra_df
sizes|snmalloc|hm_hashtable|20000000|100|192|False|debra
sizes|hoard|hm_hashtable|20000000|100|192|True|debra
sizes|tcmalloc|hm_hashtable|20000000|100|192|False|debra_df
sizes|tbbmalloc|hm_hashtable|20000000|100|192|False|debra_df
sizes|lockfree|hm_hashtable|20000000|100|192|True|debra_df
sizes|rpmalloc|hm_hashtable|20000000|100|192|False|debra_df
sizes|glibc|hm_hashtable|20000000|100|192|False|debra
sizes|deqalloc|hmlist|10000|100|192|False|debra
sizes|deqalloc_genericdeque|hmlist|10000|100|192|False|debra
sizes|mimalloc|hmlist|10000|100|192|False|debra
sizes|jemalloc|hmlist|10000|100|192|True|debra_df
sizes|snmalloc|hmlist|10000|100|192|False|debra
sizes|hoard|hmlist|10000|100|192|True|debra
sizes|tcmalloc|hmlist|10000|100|192|False|debra_df
sizes|tbbmalloc|hmlist|10000|100|192|False|debra_df
sizes|lockfree|hmlist|10000|100|192|True|debra_df
sizes|rpmalloc|hmlist|10000|100|192|False|debra_df
sizes|glibc|hmlist|10000|100|192|False|debra
sizes|deqalloc|guerraoui_ext_bst_ticket|200000000|100|192|False|debra
sizes|deqalloc_genericdeque|guerraoui_ext_bst_ticket|200000000|100|192|False|debra
sizes|mimalloc|guerraoui_ext_bst_ticket|200000000|100|192|False|debra
sizes|jemalloc|guerraoui_ext_bst_ticket|200000000|100|192|True|debra_df
sizes|snmalloc|guerraoui_ext_bst_ticket|200000000|100|192|False|debra
sizes|hoard|guerraoui_ext_bst_ticket|200000000|100|192|True|debra
sizes|tcmalloc|guerraoui_ext_bst_ticket|200000000|100|192|False|debra_df
sizes|tbbmalloc|guerraoui_ext_bst_ticket|200000000|100|192|False|debra_df
sizes|lockfree|guerraoui_ext_bst_ticket|200000000|100|192|True|debra_df
sizes|rpmalloc|guerraoui_ext_bst_ticket|200000000|100|192|False|debra_df
sizes|glibc|guerraoui_ext_bst_ticket|200000000|100|192|False|debra
sizes|deqalloc|brown_ext_abtree_lf|200000000|100|192|False|debra
sizes|deqalloc_genericdeque|brown_ext_abtree_lf|200000000|100|192|False|debra
sizes|mimalloc|brown_ext_abtree_lf|200000000|100|192|False|debra
sizes|jemalloc|brown_ext_abtree_lf|200000000|100|192|True|debra_df
sizes|snmalloc|brown_ext_abtree_lf|200000000|100|192|False|debra
sizes|hoard|brown_ext_abtree_lf|200000000|100|192|True|debra
sizes|tcmalloc|brown_ext_abtree_lf|200000000|100|192|False|debra_df
sizes|tbbmalloc|brown_ext_abtree_lf|200000000|100|192|False|debra_df
sizes|lockfree|brown_ext_abtree_lf|200000000|100|192|True|debra_df
sizes|rpmalloc|brown_ext_abtree_lf|200000000|100|192|False|debra_df
sizes|glibc|brown_ext_abtree_lf|200000000|100|192|False|debra
sizes|deqalloc|hm_hashtable|100000000|100|192|False|debra
sizes|deqalloc_genericdeque|hm_hashtable|100000000|100|192|False|debra
sizes|mimalloc|hm_hashtable|100000000|100|192|False|debra
sizes|jemalloc|hm_hashtable|100000000|100|192|True|debra_df
sizes|snmalloc|hm_hashtable|100000000|100|192|False|debra
sizes|hoard|hm_hashtable|100000000|100|192|True|debra
sizes|tcmalloc|hm_hashtable|100000000|100|192|False|debra_df
sizes|tbbmalloc|hm_hashtable|100000000|100|192|False|debra_df
sizes|lockfree|hm_hashtable|100000000|100|192|True|debra_df
sizes|rpmalloc|hm_hashtable|100000000|100|192|False|debra_df
sizes|glibc|hm_hashtable|100000000|100|192|False|debra
sizes|deqalloc|hmlist|20000|100|192|False|debra
sizes|deqalloc_genericdeque|hmlist|20000|100|192|False|debra
sizes|mimalloc|hmlist|20000|100|192|False|debra
sizes|jemalloc|hmlist|20000|100|192|True|debra_df
sizes|snmalloc|hmlist|20000|100|192|False|debra
sizes|hoard|hmlist|20000|100|192|True|debra
sizes|tcmalloc|hmlist|20000|100|192|False|debra_df
sizes|tbbmalloc|hmlist|20000|100|192|False|debra_df
sizes|lockfree|hmlist|20000|100|192|True|debra_df
sizes|rpmalloc|hmlist|20000|100|192|False|debra_df
sizes|glibc|hmlist|20000|100|192|False|debra
ablation_localseglist_sizes|deqalloc|guerraoui_ext_bst_ticket|5000|100|192|False|debra
ablation_localseglist_sizes|deqalloc_localseglist|guerraoui_ext_bst_ticket|5000|100|192|False|debra
ablation_localseglist_sizes|deqalloc|brown_ext_abtree_lf|5000|100|192|False|debra
ablation_localseglist_sizes|deqalloc_localseglist|brown_ext_abtree_lf|5000|100|192|False|debra
ablation_localseglist_sizes|deqalloc|hm_hashtable|5000|100|192|False|debra
ablation_localseglist_sizes|deqalloc_localseglist|hm_hashtable|5000|100|192|False|debra
ablation_localseglist_sizes|deqalloc|hmlist|500|100|192|False|debra
ablation_localseglist_sizes|deqalloc_localseglist|hmlist|500|100|192|False|debra
ablation_localseglist_sizes|deqalloc|guerraoui_ext_bst_ticket|200000|100|192|False|debra
ablation_localseglist_sizes|deqalloc_localseglist|guerraoui_ext_bst_ticket|200000|100|192|False|debra
ablation_localseglist_sizes|deqalloc|brown_ext_abtree_lf|200000|100|192|False|debra
ablation_localseglist_sizes|deqalloc_localseglist|brown_ext_abtree_lf|200000|100|192|False|debra
ablation_localseglist_sizes|deqalloc|hm_hashtable|200000|100|192|False|debra
ablation_localseglist_sizes|deqalloc_localseglist|hm_hashtable|200000|100|192|False|debra
ablation_localseglist_sizes|deqalloc|hmlist|2000|100|192|False|debra
ablation_localseglist_sizes|deqalloc_localseglist|hmlist|2000|100|192|False|debra
ablation_localseglist_sizes|deqalloc|guerraoui_ext_bst_ticket|20000000|100|192|False|debra
ablation_localseglist_sizes|deqalloc_localseglist|guerraoui_ext_bst_ticket|20000000|100|192|False|debra
ablation_localseglist_sizes|deqalloc|brown_ext_abtree_lf|20000000|100|192|False|debra
ablation_localseglist_sizes|deqalloc_localseglist|brown_ext_abtree_lf|20000000|100|192|False|debra
ablation_localseglist_sizes|deqalloc|hm_hashtable|20000000|100|192|False|debra
ablation_localseglist_sizes|deqalloc_localseglist|hm_hashtable|20000000|100|192|False|debra
ablation_localseglist_sizes|deqalloc|hmlist|10000|100|192|False|debra
ablation_localseglist_sizes|deqalloc_localseglist|hmlist|10000|100|192|False|debra
ablation_localseglist_sizes|deqalloc|guerraoui_ext_bst_ticket|200000000|100|192|False|debra
ablation_localseglist_sizes|deqalloc_localseglist|guerraoui_ext_bst_ticket|200000000|100|192|False|debra
ablation_localseglist_sizes|deqalloc|brown_ext_abtree_lf|200000000|100|192|False|debra
ablation_localseglist_sizes|deqalloc_localseglist|brown_ext_abtree_lf|200000000|100|192|False|debra
ablation_localseglist_sizes|deqalloc|hm_hashtable|100000000|100|192|False|debra
ablation_localseglist_sizes|deqalloc_localseglist|hm_hashtable|100000000|100|192|False|debra
ablation_localseglist_sizes|deqalloc|hmlist|20000|100|192|False|debra
ablation_localseglist_sizes|deqalloc_localseglist|hmlist|20000|100|192|False|debra
ablation_localseglist_threads|deqalloc|guerraoui_ext_bst_ticket|200000|100|1|False|debra
ablation_localseglist_threads|deqalloc_localseglist|guerraoui_ext_bst_ticket|200000|100|1|False|debra
ablation_localseglist_threads|deqalloc|guerraoui_ext_bst_ticket|200000|100|2|False|debra
ablation_localseglist_threads|deqalloc_localseglist|guerraoui_ext_bst_ticket|200000|100|2|False|debra
ablation_localseglist_threads|deqalloc|guerraoui_ext_bst_ticket|200000|100|4|False|debra
ablation_localseglist_threads|deqalloc_localseglist|guerraoui_ext_bst_ticket|200000|100|4|False|debra
ablation_localseglist_threads|deqalloc|guerraoui_ext_bst_ticket|200000|100|8|False|debra
ablation_localseglist_threads|deqalloc_localseglist|guerraoui_ext_bst_ticket|200000|100|8|False|debra
ablation_localseglist_threads|deqalloc|guerraoui_ext_bst_ticket|200000|100|16|False|debra
ablation_localseglist_threads|deqalloc_localseglist|guerraoui_ext_bst_ticket|200000|100|16|False|debra
ablation_localseglist_threads|deqalloc|guerraoui_ext_bst_ticket|200000|100|32|False|debra
ablation_localseglist_threads|deqalloc_localseglist|guerraoui_ext_bst_ticket|200000|100|32|False|debra
ablation_localseglist_threads|deqalloc|guerraoui_ext_bst_ticket|200000|100|64|False|debra
ablation_localseglist_threads|deqalloc_localseglist|guerraoui_ext_bst_ticket|200000|100|64|False|debra
ablation_localseglist_threads|deqalloc|guerraoui_ext_bst_ticket|200000|100|96|False|debra
ablation_localseglist_threads|deqalloc_localseglist|guerraoui_ext_bst_ticket|200000|100|96|False|debra
ablation_localseglist_threads|deqalloc|guerraoui_ext_bst_ticket|200000|100|128|False|debra
ablation_localseglist_threads|deqalloc_localseglist|guerraoui_ext_bst_ticket|200000|100|128|False|debra
ablation_localseglist_threads|deqalloc|guerraoui_ext_bst_ticket|200000|100|192|False|debra
ablation_localseglist_threads|deqalloc_localseglist|guerraoui_ext_bst_ticket|200000|100|192|False|debra
ablation_localseglist_threads|deqalloc|guerraoui_ext_bst_ticket|200000|100|384|False|debra
ablation_localseglist_threads|deqalloc_localseglist|guerraoui_ext_bst_ticket|200000|100|384|False|debra
ablation_localseglist_threads|deqalloc|brown_ext_abtree_lf|200000|100|1|False|debra
ablation_localseglist_threads|deqalloc_localseglist|brown_ext_abtree_lf|200000|100|1|False|debra
ablation_localseglist_threads|deqalloc|brown_ext_abtree_lf|200000|100|2|False|debra
ablation_localseglist_threads|deqalloc_localseglist|brown_ext_abtree_lf|200000|100|2|False|debra
ablation_localseglist_threads|deqalloc|brown_ext_abtree_lf|200000|100|4|False|debra
ablation_localseglist_threads|deqalloc_localseglist|brown_ext_abtree_lf|200000|100|4|False|debra
ablation_localseglist_threads|deqalloc|brown_ext_abtree_lf|200000|100|8|False|debra
ablation_localseglist_threads|deqalloc_localseglist|brown_ext_abtree_lf|200000|100|8|False|debra
ablation_localseglist_threads|deqalloc|brown_ext_abtree_lf|200000|100|16|False|debra
ablation_localseglist_threads|deqalloc_localseglist|brown_ext_abtree_lf|200000|100|16|False|debra
ablation_localseglist_threads|deqalloc|brown_ext_abtree_lf|200000|100|32|False|debra
ablation_localseglist_threads|deqalloc_localseglist|brown_ext_abtree_lf|200000|100|32|False|debra
ablation_localseglist_threads|deqalloc|brown_ext_abtree_lf|200000|100|64|False|debra
ablation_localseglist_threads|deqalloc_localseglist|brown_ext_abtree_lf|200000|100|64|False|debra
ablation_localseglist_threads|deqalloc|brown_ext_abtree_lf|200000|100|96|False|debra
ablation_localseglist_threads|deqalloc_localseglist|brown_ext_abtree_lf|200000|100|96|False|debra
ablation_localseglist_threads|deqalloc|brown_ext_abtree_lf|200000|100|128|False|debra
ablation_localseglist_threads|deqalloc_localseglist|brown_ext_abtree_lf|200000|100|128|False|debra
ablation_localseglist_threads|deqalloc|brown_ext_abtree_lf|200000|100|192|False|debra
ablation_localseglist_threads|deqalloc_localseglist|brown_ext_abtree_lf|200000|100|192|False|debra
ablation_localseglist_threads|deqalloc|brown_ext_abtree_lf|200000|100|384|False|debra
ablation_localseglist_threads|deqalloc_localseglist|brown_ext_abtree_lf|200000|100|384|False|debra
ablation_localseglist_threads|deqalloc|hm_hashtable|200000|100|1|False|debra
ablation_localseglist_threads|deqalloc_localseglist|hm_hashtable|200000|100|1|False|debra
ablation_localseglist_threads|deqalloc|hm_hashtable|200000|100|2|False|debra
ablation_localseglist_threads|deqalloc_localseglist|hm_hashtable|200000|100|2|False|debra
ablation_localseglist_threads|deqalloc|hm_hashtable|200000|100|4|False|debra
ablation_localseglist_threads|deqalloc_localseglist|hm_hashtable|200000|100|4|False|debra
ablation_localseglist_threads|deqalloc|hm_hashtable|200000|100|8|False|debra
ablation_localseglist_threads|deqalloc_localseglist|hm_hashtable|200000|100|8|False|debra
ablation_localseglist_threads|deqalloc|hm_hashtable|200000|100|16|False|debra
ablation_localseglist_threads|deqalloc_localseglist|hm_hashtable|200000|100|16|False|debra
ablation_localseglist_threads|deqalloc|hm_hashtable|200000|100|32|False|debra
ablation_localseglist_threads|deqalloc_localseglist|hm_hashtable|200000|100|32|False|debra
ablation_localseglist_threads|deqalloc|hm_hashtable|200000|100|64|False|debra
ablation_localseglist_threads|deqalloc_localseglist|hm_hashtable|200000|100|64|False|debra
ablation_localseglist_threads|deqalloc|hm_hashtable|200000|100|96|False|debra
ablation_localseglist_threads|deqalloc_localseglist|hm_hashtable|200000|100|96|False|debra
ablation_localseglist_threads|deqalloc|hm_hashtable|200000|100|128|False|debra
ablation_localseglist_threads|deqalloc_localseglist|hm_hashtable|200000|100|128|False|debra
ablation_localseglist_threads|deqalloc|hm_hashtable|200000|100|192|False|debra
ablation_localseglist_threads|deqalloc_localseglist|hm_hashtable|200000|100|192|False|debra
ablation_localseglist_threads|deqalloc|hm_hashtable|200000|100|384|False|debra
ablation_localseglist_threads|deqalloc_localseglist|hm_hashtable|200000|100|384|False|debra
ablation_localseglist_threads|deqalloc|hmlist|2000|100|1|False|debra
ablation_localseglist_threads|deqalloc_localseglist|hmlist|2000|100|1|False|debra
ablation_localseglist_threads|deqalloc|hmlist|2000|100|2|False|debra
ablation_localseglist_threads|deqalloc_localseglist|hmlist|2000|100|2|False|debra
ablation_localseglist_threads|deqalloc|hmlist|2000|100|4|False|debra
ablation_localseglist_threads|deqalloc_localseglist|hmlist|2000|100|4|False|debra
ablation_localseglist_threads|deqalloc|hmlist|2000|100|8|False|debra
ablation_localseglist_threads|deqalloc_localseglist|hmlist|2000|100|8|False|debra
ablation_localseglist_threads|deqalloc|hmlist|2000|100|16|False|debra
ablation_localseglist_threads|deqalloc_localseglist|hmlist|2000|100|16|False|debra
ablation_localseglist_threads|deqalloc|hmlist|2000|100|32|False|debra
ablation_localseglist_threads|deqalloc_localseglist|hmlist|2000|100|32|False|debra
ablation_localseglist_threads|deqalloc|hmlist|2000|100|64|False|debra
ablation_localseglist_threads|deqalloc_localseglist|hmlist|2000|100|64|False|debra
ablation_localseglist_threads|deqalloc|hmlist|2000|100|96|False|debra
ablation_localseglist_threads|deqalloc_localseglist|hmlist|2000|100|96|False|debra
ablation_localseglist_threads|deqalloc|hmlist|2000|100|128|False|debra
ablation_localseglist_threads|deqalloc_localseglist|hmlist|2000|100|128|False|debra
ablation_localseglist_threads|deqalloc|hmlist|2000|100|192|False|debra
ablation_localseglist_threads|deqalloc_localseglist|hmlist|2000|100|192|False|debra
ablation_localseglist_threads|deqalloc|hmlist|2000|100|384|False|debra
ablation_localseglist_threads|deqalloc_localseglist|hmlist|2000|100|384|False|debra
ablation_deque|deqalloc|guerraoui_ext_bst_ticket|5000|100|192|False|debra
ablation_deque|deqalloc_genericdeque|guerraoui_ext_bst_ticket|5000|100|192|False|debra
ablation_deque|deqalloc|brown_ext_abtree_lf|5000|100|192|False|debra
ablation_deque|deqalloc_genericdeque|brown_ext_abtree_lf|5000|100|192|False|debra
ablation_deque|deqalloc|hm_hashtable|5000|100|192|False|debra
ablation_deque|deqalloc_genericdeque|hm_hashtable|5000|100|192|False|debra
ablation_deque|deqalloc|hmlist|500|100|192|False|debra
ablation_deque|deqalloc_genericdeque|hmlist|500|100|192|False|debra
ablation_deque|deqalloc|guerraoui_ext_bst_ticket|200000|100|192|False|debra
ablation_deque|deqalloc_genericdeque|guerraoui_ext_bst_ticket|200000|100|192|False|debra
ablation_deque|deqalloc|brown_ext_abtree_lf|200000|100|192|False|debra
ablation_deque|deqalloc_genericdeque|brown_ext_abtree_lf|200000|100|192|False|debra
ablation_deque|deqalloc|hm_hashtable|200000|100|192|False|debra
ablation_deque|deqalloc_genericdeque|hm_hashtable|200000|100|192|False|debra
ablation_deque|deqalloc|hmlist|2000|100|192|False|debra
ablation_deque|deqalloc_genericdeque|hmlist|2000|100|192|False|debra
ablation_deque|deqalloc|guerraoui_ext_bst_ticket|20000000|100|192|False|debra
ablation_deque|deqalloc_genericdeque|guerraoui_ext_bst_ticket|20000000|100|192|False|debra
ablation_deque|deqalloc|brown_ext_abtree_lf|20000000|100|192|False|debra
ablation_deque|deqalloc_genericdeque|brown_ext_abtree_lf|20000000|100|192|False|debra
ablation_deque|deqalloc|hm_hashtable|20000000|100|192|False|debra
ablation_deque|deqalloc_genericdeque|hm_hashtable|20000000|100|192|False|debra
ablation_deque|deqalloc|hmlist|10000|100|192|False|debra
ablation_deque|deqalloc_genericdeque|hmlist|10000|100|192|False|debra
ablation_deque|deqalloc|guerraoui_ext_bst_ticket|200000000|100|192|False|debra
ablation_deque|deqalloc_genericdeque|guerraoui_ext_bst_ticket|200000000|100|192|False|debra
ablation_deque|deqalloc|brown_ext_abtree_lf|200000000|100|192|False|debra
ablation_deque|deqalloc_genericdeque|brown_ext_abtree_lf|200000000|100|192|False|debra
ablation_deque|deqalloc|hm_hashtable|100000000|100|192|False|debra
ablation_deque|deqalloc_genericdeque|hm_hashtable|100000000|100|192|False|debra
ablation_deque|deqalloc|hmlist|20000|100|192|False|debra
ablation_deque|deqalloc_genericdeque|hmlist|20000|100|192|False|debra
ablation_remotefree|deqalloc|guerraoui_ext_bst_ticket|5000|100|192|False|debra
ablation_remotefree|deqalloc_genericdeque|guerraoui_ext_bst_ticket|5000|100|192|False|debra
ablation_remotefree|deqalloc_remotefree|guerraoui_ext_bst_ticket|5000|100|192|False|debra
ablation_remotefree|deqalloc|brown_ext_abtree_lf|5000|100|192|False|debra
ablation_remotefree|deqalloc_genericdeque|brown_ext_abtree_lf|5000|100|192|False|debra
ablation_remotefree|deqalloc_remotefree|brown_ext_abtree_lf|5000|100|192|False|debra
ablation_remotefree|deqalloc|hm_hashtable|5000|100|192|False|debra
ablation_remotefree|deqalloc_genericdeque|hm_hashtable|5000|100|192|False|debra
ablation_remotefree|deqalloc_remotefree|hm_hashtable|5000|100|192|False|debra
ablation_remotefree|deqalloc|hmlist|500|100|192|False|debra
ablation_remotefree|deqalloc_genericdeque|hmlist|500|100|192|False|debra
ablation_remotefree|deqalloc_remotefree|hmlist|500|100|192|False|debra
ablation_remotefree|deqalloc|guerraoui_ext_bst_ticket|200000|100|192|False|debra
ablation_remotefree|deqalloc_genericdeque|guerraoui_ext_bst_ticket|200000|100|192|False|debra
ablation_remotefree|deqalloc_remotefree|guerraoui_ext_bst_ticket|200000|100|192|False|debra
ablation_remotefree|deqalloc|brown_ext_abtree_lf|200000|100|192|False|debra
ablation_remotefree|deqalloc_genericdeque|brown_ext_abtree_lf|200000|100|192|False|debra
ablation_remotefree|deqalloc_remotefree|brown_ext_abtree_lf|200000|100|192|False|debra
ablation_remotefree|deqalloc|hm_hashtable|200000|100|192|False|debra
ablation_remotefree|deqalloc_genericdeque|hm_hashtable|200000|100|192|False|debra
ablation_remotefree|deqalloc_remotefree|hm_hashtable|200000|100|192|False|debra
ablation_remotefree|deqalloc|hmlist|2000|100|192|False|debra
ablation_remotefree|deqalloc_genericdeque|hmlist|2000|100|192|False|debra
ablation_remotefree|deqalloc_remotefree|hmlist|2000|100|192|False|debra
ablation_remotefree|deqalloc|guerraoui_ext_bst_ticket|20000000|100|192|False|debra
ablation_remotefree|deqalloc_genericdeque|guerraoui_ext_bst_ticket|20000000|100|192|False|debra
ablation_remotefree|deqalloc_remotefree|guerraoui_ext_bst_ticket|20000000|100|192|False|debra
ablation_remotefree|deqalloc|brown_ext_abtree_lf|20000000|100|192|False|debra
ablation_remotefree|deqalloc_genericdeque|brown_ext_abtree_lf|20000000|100|192|False|debra
ablation_remotefree|deqalloc_remotefree|brown_ext_abtree_lf|20000000|100|192|False|debra
ablation_remotefree|deqalloc|hm_hashtable|20000000|100|192|False|debra
ablation_remotefree|deqalloc_genericdeque|hm_hashtable|20000000|100|192|False|debra
ablation_remotefree|deqalloc_remotefree|hm_hashtable|20000000|100|192|False|debra
ablation_remotefree|deqalloc|hmlist|10000|100|192|False|debra
ablation_remotefree|deqalloc_genericdeque|hmlist|10000|100|192|False|debra
ablation_remotefree|deqalloc_remotefree|hmlist|10000|100|192|False|debra
ablation_remotefree|deqalloc|guerraoui_ext_bst_ticket|200000000|100|192|False|debra
ablation_remotefree|deqalloc_genericdeque|guerraoui_ext_bst_ticket|200000000|100|192|False|debra
ablation_remotefree|deqalloc_remotefree|guerraoui_ext_bst_ticket|200000000|100|192|False|debra
ablation_remotefree|deqalloc|brown_ext_abtree_lf|200000000|100|192|False|debra
ablation_remotefree|deqalloc_genericdeque|brown_ext_abtree_lf|200000000|100|192|False|debra
ablation_remotefree|deqalloc_remotefree|brown_ext_abtree_lf|200000000|100|192|False|debra
ablation_remotefree|deqalloc|hm_hashtable|100000000|100|192|False|debra
ablation_remotefree|deqalloc_genericdeque|hm_hashtable|100000000|100|192|False|debra
ablation_remotefree|deqalloc_remotefree|hm_hashtable|100000000|100|192|False|debra
ablation_remotefree|deqalloc|hmlist|20000|100|192|False|debra
ablation_remotefree|deqalloc_genericdeque|hmlist|20000|100|192|False|debra
ablation_remotefree|deqalloc_remotefree|hmlist|20000|100|192|False|debra
config|deqalloc|guerraoui_ext_bst_ticket|200000|100|192|False|debra
config|deqalloc|guerraoui_ext_bst_ticket|200000|100|192|True|debra
config|deqalloc|guerraoui_ext_bst_ticket|200000|100|192|False|debra_df
config|deqalloc|guerraoui_ext_bst_ticket|200000|100|192|True|debra_df
config|deqalloc_genericdeque|guerraoui_ext_bst_ticket|200000|100|192|False|debra
config|deqalloc_genericdeque|guerraoui_ext_bst_ticket|200000|100|192|True|debra
config|deqalloc_genericdeque|guerraoui_ext_bst_ticket|200000|100|192|False|debra_df
config|deqalloc_genericdeque|guerraoui_ext_bst_ticket|200000|100|192|True|debra_df
config|mimalloc|guerraoui_ext_bst_ticket|200000|100|192|False|debra
config|mimalloc|guerraoui_ext_bst_ticket|200000|100|192|True|debra
config|mimalloc|guerraoui_ext_bst_ticket|200000|100|192|False|debra_df
config|mimalloc|guerraoui_ext_bst_ticket|200000|100|192|True|debra_df
config|jemalloc|guerraoui_ext_bst_ticket|200000|100|192|False|debra
config|jemalloc|guerraoui_ext_bst_ticket|200000|100|192|True|debra
config|jemalloc|guerraoui_ext_bst_ticket|200000|100|192|False|debra_df
config|jemalloc|guerraoui_ext_bst_ticket|200000|100|192|True|debra_df
config|snmalloc|guerraoui_ext_bst_ticket|200000|100|192|False|debra
config|snmalloc|guerraoui_ext_bst_ticket|200000|100|192|True|debra
config|snmalloc|guerraoui_ext_bst_ticket|200000|100|192|False|debra_df
config|snmalloc|guerraoui_ext_bst_ticket|200000|100|192|True|debra_df
config|hoard|guerraoui_ext_bst_ticket|200000|100|192|False|debra
config|hoard|guerraoui_ext_bst_ticket|200000|100|192|True|debra
config|hoard|guerraoui_ext_bst_ticket|200000|100|192|False|debra_df
config|hoard|guerraoui_ext_bst_ticket|200000|100|192|True|debra_df
config|tcmalloc|guerraoui_ext_bst_ticket|200000|100|192|False|debra
config|tcmalloc|guerraoui_ext_bst_ticket|200000|100|192|True|debra
config|tcmalloc|guerraoui_ext_bst_ticket|200000|100|192|False|debra_df
config|tcmalloc|guerraoui_ext_bst_ticket|200000|100|192|True|debra_df
config|tbbmalloc|guerraoui_ext_bst_ticket|200000|100|192|False|debra
config|tbbmalloc|guerraoui_ext_bst_ticket|200000|100|192|True|debra
config|tbbmalloc|guerraoui_ext_bst_ticket|200000|100|192|False|debra_df
config|tbbmalloc|guerraoui_ext_bst_ticket|200000|100|192|True|debra_df
config|lockfree|guerraoui_ext_bst_ticket|200000|100|192|False|debra
config|lockfree|guerraoui_ext_bst_ticket|200000|100|192|True|debra
config|lockfree|guerraoui_ext_bst_ticket|200000|100|192|False|debra_df
config|lockfree|guerraoui_ext_bst_ticket|200000|100|192|True|debra_df
config|rpmalloc|guerraoui_ext_bst_ticket|200000|100|192|False|debra
config|rpmalloc|guerraoui_ext_bst_ticket|200000|100|192|True|debra
config|rpmalloc|guerraoui_ext_bst_ticket|200000|100|192|False|debra_df
config|rpmalloc|guerraoui_ext_bst_ticket|200000|100|192|True|debra_df
config|glibc|guerraoui_ext_bst_ticket|200000|100|192|False|debra
config|glibc|guerraoui_ext_bst_ticket|200000|100|192|True|debra
config|glibc|guerraoui_ext_bst_ticket|200000|100|192|False|debra_df
config|glibc|guerraoui_ext_bst_ticket|200000|100|192|True|debra_df
config|deqalloc|brown_ext_abtree_lf|200000|100|192|False|debra
config|deqalloc|brown_ext_abtree_lf|200000|100|192|True|debra
config|deqalloc|brown_ext_abtree_lf|200000|100|192|False|debra_df
config|deqalloc|brown_ext_abtree_lf|200000|100|192|True|debra_df
config|deqalloc_genericdeque|brown_ext_abtree_lf|200000|100|192|False|debra
config|deqalloc_genericdeque|brown_ext_abtree_lf|200000|100|192|True|debra
config|deqalloc_genericdeque|brown_ext_abtree_lf|200000|100|192|False|debra_df
config|deqalloc_genericdeque|brown_ext_abtree_lf|200000|100|192|True|debra_df
config|mimalloc|brown_ext_abtree_lf|200000|100|192|False|debra
config|mimalloc|brown_ext_abtree_lf|200000|100|192|True|debra
config|mimalloc|brown_ext_abtree_lf|200000|100|192|False|debra_df
config|mimalloc|brown_ext_abtree_lf|200000|100|192|True|debra_df
config|jemalloc|brown_ext_abtree_lf|200000|100|192|False|debra
config|jemalloc|brown_ext_abtree_lf|200000|100|192|True|debra
config|jemalloc|brown_ext_abtree_lf|200000|100|192|False|debra_df
config|jemalloc|brown_ext_abtree_lf|200000|100|192|True|debra_df
config|snmalloc|brown_ext_abtree_lf|200000|100|192|False|debra
config|snmalloc|brown_ext_abtree_lf|200000|100|192|True|debra
config|snmalloc|brown_ext_abtree_lf|200000|100|192|False|debra_df
config|snmalloc|brown_ext_abtree_lf|200000|100|192|True|debra_df
config|hoard|brown_ext_abtree_lf|200000|100|192|False|debra
config|hoard|brown_ext_abtree_lf|200000|100|192|True|debra
config|hoard|brown_ext_abtree_lf|200000|100|192|False|debra_df
config|hoard|brown_ext_abtree_lf|200000|100|192|True|debra_df
config|tcmalloc|brown_ext_abtree_lf|200000|100|192|False|debra
config|tcmalloc|brown_ext_abtree_lf|200000|100|192|True|debra
config|tcmalloc|brown_ext_abtree_lf|200000|100|192|False|debra_df
config|tcmalloc|brown_ext_abtree_lf|200000|100|192|True|debra_df
config|tbbmalloc|brown_ext_abtree_lf|200000|100|192|False|debra
config|tbbmalloc|brown_ext_abtree_lf|200000|100|192|True|debra
config|tbbmalloc|brown_ext_abtree_lf|200000|100|192|False|debra_df
config|tbbmalloc|brown_ext_abtree_lf|200000|100|192|True|debra_df
config|lockfree|brown_ext_abtree_lf|200000|100|192|False|debra
config|lockfree|brown_ext_abtree_lf|200000|100|192|True|debra
config|lockfree|brown_ext_abtree_lf|200000|100|192|False|debra_df
config|lockfree|brown_ext_abtree_lf|200000|100|192|True|debra_df
config|rpmalloc|brown_ext_abtree_lf|200000|100|192|False|debra
config|rpmalloc|brown_ext_abtree_lf|200000|100|192|True|debra
config|rpmalloc|brown_ext_abtree_lf|200000|100|192|False|debra_df
config|rpmalloc|brown_ext_abtree_lf|200000|100|192|True|debra_df
config|glibc|brown_ext_abtree_lf|200000|100|192|False|debra
config|glibc|brown_ext_abtree_lf|200000|100|192|True|debra
config|glibc|brown_ext_abtree_lf|200000|100|192|False|debra_df
config|glibc|brown_ext_abtree_lf|200000|100|192|True|debra_df
config|deqalloc|hm_hashtable|200000|100|192|False|debra
config|deqalloc|hm_hashtable|200000|100|192|True|debra
config|deqalloc|hm_hashtable|200000|100|192|False|debra_df
config|deqalloc|hm_hashtable|200000|100|192|True|debra_df
config|deqalloc_genericdeque|hm_hashtable|200000|100|192|False|debra
config|deqalloc_genericdeque|hm_hashtable|200000|100|192|True|debra
config|deqalloc_genericdeque|hm_hashtable|200000|100|192|False|debra_df
config|deqalloc_genericdeque|hm_hashtable|200000|100|192|True|debra_df
config|mimalloc|hm_hashtable|200000|100|192|False|debra
config|mimalloc|hm_hashtable|200000|100|192|True|debra
config|mimalloc|hm_hashtable|200000|100|192|False|debra_df
config|mimalloc|hm_hashtable|200000|100|192|True|debra_df
config|jemalloc|hm_hashtable|200000|100|192|False|debra
config|jemalloc|hm_hashtable|200000|100|192|True|debra
config|jemalloc|hm_hashtable|200000|100|192|False|debra_df
config|jemalloc|hm_hashtable|200000|100|192|True|debra_df
config|snmalloc|hm_hashtable|200000|100|192|False|debra
config|snmalloc|hm_hashtable|200000|100|192|True|debra
config|snmalloc|hm_hashtable|200000|100|192|False|debra_df
config|snmalloc|hm_hashtable|200000|100|192|True|debra_df
config|hoard|hm_hashtable|200000|100|192|False|debra
config|hoard|hm_hashtable|200000|100|192|True|debra
config|hoard|hm_hashtable|200000|100|192|False|debra_df
config|hoard|hm_hashtable|200000|100|192|True|debra_df
config|tcmalloc|hm_hashtable|200000|100|192|False|debra
config|tcmalloc|hm_hashtable|200000|100|192|True|debra
config|tcmalloc|hm_hashtable|200000|100|192|False|debra_df
config|tcmalloc|hm_hashtable|200000|100|192|True|debra_df
config|tbbmalloc|hm_hashtable|200000|100|192|False|debra
config|tbbmalloc|hm_hashtable|200000|100|192|True|debra
config|tbbmalloc|hm_hashtable|200000|100|192|False|debra_df
config|tbbmalloc|hm_hashtable|200000|100|192|True|debra_df
config|lockfree|hm_hashtable|200000|100|192|False|debra
config|lockfree|hm_hashtable|200000|100|192|True|debra
config|lockfree|hm_hashtable|200000|100|192|False|debra_df
config|lockfree|hm_hashtable|200000|100|192|True|debra_df
config|rpmalloc|hm_hashtable|200000|100|192|False|debra
config|rpmalloc|hm_hashtable|200000|100|192|True|debra
config|rpmalloc|hm_hashtable|200000|100|192|False|debra_df
config|rpmalloc|hm_hashtable|200000|100|192|True|debra_df
config|glibc|hm_hashtable|200000|100|192|False|debra
config|glibc|hm_hashtable|200000|100|192|True|debra
config|glibc|hm_hashtable|200000|100|192|False|debra_df
config|glibc|hm_hashtable|200000|100|192|True|debra_df
config|deqalloc|hmlist|2000|100|192|False|debra
config|deqalloc|hmlist|2000|100|192|True|debra
config|deqalloc|hmlist|2000|100|192|False|debra_df
config|deqalloc|hmlist|2000|100|192|True|debra_df
config|deqalloc_genericdeque|hmlist|2000|100|192|False|debra
config|deqalloc_genericdeque|hmlist|2000|100|192|True|debra
config|deqalloc_genericdeque|hmlist|2000|100|192|False|debra_df
config|deqalloc_genericdeque|hmlist|2000|100|192|True|debra_df
config|mimalloc|hmlist|2000|100|192|False|debra
config|mimalloc|hmlist|2000|100|192|True|debra
config|mimalloc|hmlist|2000|100|192|False|debra_df
config|mimalloc|hmlist|2000|100|192|True|debra_df
config|jemalloc|hmlist|2000|100|192|False|debra
config|jemalloc|hmlist|2000|100|192|True|debra
config|jemalloc|hmlist|2000|100|192|False|debra_df
config|jemalloc|hmlist|2000|100|192|True|debra_df
config|snmalloc|hmlist|2000|100|192|False|debra
config|snmalloc|hmlist|2000|100|192|True|debra
config|snmalloc|hmlist|2000|100|192|False|debra_df
config|snmalloc|hmlist|2000|100|192|True|debra_df
config|hoard|hmlist|2000|100|192|False|debra
config|hoard|hmlist|2000|100|192|True|debra
config|hoard|hmlist|2000|100|192|False|debra_df
config|hoard|hmlist|2000|100|192|True|debra_df
config|tcmalloc|hmlist|2000|100|192|False|debra
config|tcmalloc|hmlist|2000|100|192|True|debra
config|tcmalloc|hmlist|2000|100|192|False|debra_df
config|tcmalloc|hmlist|2000|100|192|True|debra_df
config|tbbmalloc|hmlist|2000|100|192|False|debra
config|tbbmalloc|hmlist|2000|100|192|True|debra
config|tbbmalloc|hmlist|2000|100|192|False|debra_df
config|tbbmalloc|hmlist|2000|100|192|True|debra_df
config|lockfree|hmlist|2000|100|192|False|debra
config|lockfree|hmlist|2000|100|192|True|debra
config|lockfree|hmlist|2000|100|192|False|debra_df
config|lockfree|hmlist|2000|100|192|True|debra_df
config|rpmalloc|hmlist|2000|100|192|False|debra
config|rpmalloc|hmlist|2000|100|192|True|debra
config|rpmalloc|hmlist|2000|100|192|False|debra_df
config|rpmalloc|hmlist|2000|100|192|True|debra_df
config|glibc|hmlist|2000|100|192|False|debra
config|glibc|hmlist|2000|100|192|True|debra
config|glibc|hmlist|2000|100|192|False|debra_df
config|glibc|hmlist|2000|100|192|True|debra_df
amortizedfree|deqalloc|guerraoui_ext_bst_ticket|5000|100|192|False|debra
amortizedfree|deqalloc|guerraoui_ext_bst_ticket|5000|100|192|False|debra_df
amortizedfree|deqalloc_genericdeque|guerraoui_ext_bst_ticket|5000|100|192|False|debra
amortizedfree|deqalloc_genericdeque|guerraoui_ext_bst_ticket|5000|100|192|False|debra_df
amortizedfree|deqalloc_localseglist|guerraoui_ext_bst_ticket|5000|100|192|False|debra
amortizedfree|deqalloc_localseglist|guerraoui_ext_bst_ticket|5000|100|192|False|debra_df
amortizedfree|deqalloc_remotefree|guerraoui_ext_bst_ticket|5000|100|192|False|debra
amortizedfree|deqalloc_remotefree|guerraoui_ext_bst_ticket|5000|100|192|False|debra_df
amortizedfree|mimalloc|guerraoui_ext_bst_ticket|5000|100|192|False|debra
amortizedfree|mimalloc|guerraoui_ext_bst_ticket|5000|100|192|False|debra_df
amortizedfree|jemalloc|guerraoui_ext_bst_ticket|5000|100|192|True|debra
amortizedfree|snmalloc|guerraoui_ext_bst_ticket|5000|100|192|False|debra
amortizedfree|snmalloc|guerraoui_ext_bst_ticket|5000|100|192|False|debra_df
amortizedfree|hoard|guerraoui_ext_bst_ticket|5000|100|192|True|debra
amortizedfree|tcmalloc|guerraoui_ext_bst_ticket|5000|100|192|False|debra
amortizedfree|tcmalloc|guerraoui_ext_bst_ticket|5000|100|192|False|debra_df
amortizedfree|tbbmalloc|guerraoui_ext_bst_ticket|5000|100|192|False|debra
amortizedfree|tbbmalloc|guerraoui_ext_bst_ticket|5000|100|192|False|debra_df
amortizedfree|lockfree|guerraoui_ext_bst_ticket|5000|100|192|False|debra
amortizedfree|lockfree|guerraoui_ext_bst_ticket|5000|100|192|False|debra_df
amortizedfree|rpmalloc|guerraoui_ext_bst_ticket|5000|100|192|False|debra
amortizedfree|rpmalloc|guerraoui_ext_bst_ticket|5000|100|192|False|debra_df
amortizedfree|glibc|guerraoui_ext_bst_ticket|5000|100|192|False|debra
amortizedfree|glibc|guerraoui_ext_bst_ticket|5000|100|192|False|debra_df
amortizedfree|deqalloc|brown_ext_abtree_lf|5000|100|192|False|debra
amortizedfree|deqalloc|brown_ext_abtree_lf|5000|100|192|False|debra_df
amortizedfree|deqalloc_genericdeque|brown_ext_abtree_lf|5000|100|192|False|debra
amortizedfree|deqalloc_genericdeque|brown_ext_abtree_lf|5000|100|192|False|debra_df
amortizedfree|deqalloc_localseglist|brown_ext_abtree_lf|5000|100|192|False|debra
amortizedfree|deqalloc_localseglist|brown_ext_abtree_lf|5000|100|192|False|debra_df
amortizedfree|deqalloc_remotefree|brown_ext_abtree_lf|5000|100|192|False|debra
amortizedfree|deqalloc_remotefree|brown_ext_abtree_lf|5000|100|192|False|debra_df
amortizedfree|mimalloc|brown_ext_abtree_lf|5000|100|192|False|debra
amortizedfree|mimalloc|brown_ext_abtree_lf|5000|100|192|False|debra_df
amortizedfree|jemalloc|brown_ext_abtree_lf|5000|100|192|True|debra
amortizedfree|snmalloc|brown_ext_abtree_lf|5000|100|192|False|debra
amortizedfree|snmalloc|brown_ext_abtree_lf|5000|100|192|False|debra_df
amortizedfree|hoard|brown_ext_abtree_lf|5000|100|192|True|debra
amortizedfree|tcmalloc|brown_ext_abtree_lf|5000|100|192|False|debra
amortizedfree|tcmalloc|brown_ext_abtree_lf|5000|100|192|False|debra_df
amortizedfree|tbbmalloc|brown_ext_abtree_lf|5000|100|192|False|debra
amortizedfree|tbbmalloc|brown_ext_abtree_lf|5000|100|192|False|debra_df
amortizedfree|lockfree|brown_ext_abtree_lf|5000|100|192|False|debra
amortizedfree|lockfree|brown_ext_abtree_lf|5000|100|192|False|debra_df
amortizedfree|rpmalloc|brown_ext_abtree_lf|5000|100|192|False|debra
amortizedfree|rpmalloc|brown_ext_abtree_lf|5000|100|192|False|debra_df
amortizedfree|glibc|brown_ext_abtree_lf|5000|100|192|False|debra
amortizedfree|glibc|brown_ext_abtree_lf|5000|100|192|False|debra_df
amortizedfree|deqalloc|hm_hashtable|5000|100|192|False|debra
amortizedfree|deqalloc|hm_hashtable|5000|100|192|False|debra_df
amortizedfree|deqalloc_genericdeque|hm_hashtable|5000|100|192|False|debra
amortizedfree|deqalloc_genericdeque|hm_hashtable|5000|100|192|False|debra_df
amortizedfree|deqalloc_localseglist|hm_hashtable|5000|100|192|False|debra
amortizedfree|deqalloc_localseglist|hm_hashtable|5000|100|192|False|debra_df
amortizedfree|deqalloc_remotefree|hm_hashtable|5000|100|192|False|debra
amortizedfree|deqalloc_remotefree|hm_hashtable|5000|100|192|False|debra_df
amortizedfree|mimalloc|hm_hashtable|5000|100|192|False|debra
amortizedfree|mimalloc|hm_hashtable|5000|100|192|False|debra_df
amortizedfree|jemalloc|hm_hashtable|5000|100|192|True|debra
amortizedfree|snmalloc|hm_hashtable|5000|100|192|False|debra
amortizedfree|snmalloc|hm_hashtable|5000|100|192|False|debra_df
amortizedfree|hoard|hm_hashtable|5000|100|192|True|debra
amortizedfree|tcmalloc|hm_hashtable|5000|100|192|False|debra
amortizedfree|tcmalloc|hm_hashtable|5000|100|192|False|debra_df
amortizedfree|tbbmalloc|hm_hashtable|5000|100|192|False|debra
amortizedfree|tbbmalloc|hm_hashtable|5000|100|192|False|debra_df
amortizedfree|lockfree|hm_hashtable|5000|100|192|False|debra
amortizedfree|lockfree|hm_hashtable|5000|100|192|False|debra_df
amortizedfree|rpmalloc|hm_hashtable|5000|100|192|False|debra
amortizedfree|rpmalloc|hm_hashtable|5000|100|192|False|debra_df
amortizedfree|glibc|hm_hashtable|5000|100|192|False|debra
amortizedfree|glibc|hm_hashtable|5000|100|192|False|debra_df
amortizedfree|deqalloc|hmlist|500|100|192|False|debra
amortizedfree|deqalloc|hmlist|500|100|192|False|debra_df
amortizedfree|deqalloc_genericdeque|hmlist|500|100|192|False|debra
amortizedfree|deqalloc_genericdeque|hmlist|500|100|192|False|debra_df
amortizedfree|deqalloc_localseglist|hmlist|500|100|192|False|debra
amortizedfree|deqalloc_localseglist|hmlist|500|100|192|False|debra_df
amortizedfree|deqalloc_remotefree|hmlist|500|100|192|False|debra
amortizedfree|deqalloc_remotefree|hmlist|500|100|192|False|debra_df
amortizedfree|mimalloc|hmlist|500|100|192|False|debra
amortizedfree|mimalloc|hmlist|500|100|192|False|debra_df
amortizedfree|jemalloc|hmlist|500|100|192|True|debra
amortizedfree|snmalloc|hmlist|500|100|192|False|debra
amortizedfree|snmalloc|hmlist|500|100|192|False|debra_df
amortizedfree|hoard|hmlist|500|100|192|True|debra
amortizedfree|tcmalloc|hmlist|500|100|192|False|debra
amortizedfree|tcmalloc|hmlist|500|100|192|False|debra_df
amortizedfree|tbbmalloc|hmlist|500|100|192|False|debra
amortizedfree|tbbmalloc|hmlist|500|100|192|False|debra_df
amortizedfree|lockfree|hmlist|500|100|192|False|debra
amortizedfree|lockfree|hmlist|500|100|192|False|debra_df
amortizedfree|rpmalloc|hmlist|500|100|192|False|debra
amortizedfree|rpmalloc|hmlist|500|100|192|False|debra_df
amortizedfree|glibc|hmlist|500|100|192|False|debra
amortizedfree|glibc|hmlist|500|100|192|False|debra_df
amortizedfree|deqalloc|guerraoui_ext_bst_ticket|200000|100|192|False|debra
amortizedfree|deqalloc|guerraoui_ext_bst_ticket|200000|100|192|False|debra_df
amortizedfree|deqalloc_genericdeque|guerraoui_ext_bst_ticket|200000|100|192|False|debra
amortizedfree|deqalloc_genericdeque|guerraoui_ext_bst_ticket|200000|100|192|False|debra_df
amortizedfree|deqalloc_localseglist|guerraoui_ext_bst_ticket|200000|100|192|False|debra
amortizedfree|deqalloc_localseglist|guerraoui_ext_bst_ticket|200000|100|192|False|debra_df
amortizedfree|deqalloc_remotefree|guerraoui_ext_bst_ticket|200000|100|192|False|debra
amortizedfree|deqalloc_remotefree|guerraoui_ext_bst_ticket|200000|100|192|False|debra_df
amortizedfree|mimalloc|guerraoui_ext_bst_ticket|200000|100|192|False|debra
amortizedfree|mimalloc|guerraoui_ext_bst_ticket|200000|100|192|False|debra_df
amortizedfree|jemalloc|guerraoui_ext_bst_ticket|200000|100|192|True|debra
amortizedfree|snmalloc|guerraoui_ext_bst_ticket|200000|100|192|False|debra
amortizedfree|snmalloc|guerraoui_ext_bst_ticket|200000|100|192|False|debra_df
amortizedfree|hoard|guerraoui_ext_bst_ticket|200000|100|192|True|debra
amortizedfree|tcmalloc|guerraoui_ext_bst_ticket|200000|100|192|False|debra
amortizedfree|tcmalloc|guerraoui_ext_bst_ticket|200000|100|192|False|debra_df
amortizedfree|tbbmalloc|guerraoui_ext_bst_ticket|200000|100|192|False|debra
amortizedfree|tbbmalloc|guerraoui_ext_bst_ticket|200000|100|192|False|debra_df
amortizedfree|lockfree|guerraoui_ext_bst_ticket|200000|100|192|False|debra
amortizedfree|lockfree|guerraoui_ext_bst_ticket|200000|100|192|False|debra_df
amortizedfree|rpmalloc|guerraoui_ext_bst_ticket|200000|100|192|False|debra
amortizedfree|rpmalloc|guerraoui_ext_bst_ticket|200000|100|192|False|debra_df
amortizedfree|glibc|guerraoui_ext_bst_ticket|200000|100|192|False|debra
amortizedfree|glibc|guerraoui_ext_bst_ticket|200000|100|192|False|debra_df
amortizedfree|deqalloc|brown_ext_abtree_lf|200000|100|192|False|debra
amortizedfree|deqalloc|brown_ext_abtree_lf|200000|100|192|False|debra_df
amortizedfree|deqalloc_genericdeque|brown_ext_abtree_lf|200000|100|192|False|debra
amortizedfree|deqalloc_genericdeque|brown_ext_abtree_lf|200000|100|192|False|debra_df
amortizedfree|deqalloc_localseglist|brown_ext_abtree_lf|200000|100|192|False|debra
amortizedfree|deqalloc_localseglist|brown_ext_abtree_lf|200000|100|192|False|debra_df
amortizedfree|deqalloc_remotefree|brown_ext_abtree_lf|200000|100|192|False|debra
amortizedfree|deqalloc_remotefree|brown_ext_abtree_lf|200000|100|192|False|debra_df
amortizedfree|mimalloc|brown_ext_abtree_lf|200000|100|192|False|debra
amortizedfree|mimalloc|brown_ext_abtree_lf|200000|100|192|False|debra_df
amortizedfree|jemalloc|brown_ext_abtree_lf|200000|100|192|True|debra
amortizedfree|snmalloc|brown_ext_abtree_lf|200000|100|192|False|debra
amortizedfree|snmalloc|brown_ext_abtree_lf|200000|100|192|False|debra_df
amortizedfree|hoard|brown_ext_abtree_lf|200000|100|192|True|debra
amortizedfree|tcmalloc|brown_ext_abtree_lf|200000|100|192|False|debra
amortizedfree|tcmalloc|brown_ext_abtree_lf|200000|100|192|False|debra_df
amortizedfree|tbbmalloc|brown_ext_abtree_lf|200000|100|192|False|debra
amortizedfree|tbbmalloc|brown_ext_abtree_lf|200000|100|192|False|debra_df
amortizedfree|lockfree|brown_ext_abtree_lf|200000|100|192|False|debra
amortizedfree|lockfree|brown_ext_abtree_lf|200000|100|192|False|debra_df
amortizedfree|rpmalloc|brown_ext_abtree_lf|200000|100|192|False|debra
amortizedfree|rpmalloc|brown_ext_abtree_lf|200000|100|192|False|debra_df
amortizedfree|glibc|brown_ext_abtree_lf|200000|100|192|False|debra
amortizedfree|glibc|brown_ext_abtree_lf|200000|100|192|False|debra_df
amortizedfree|deqalloc|hm_hashtable|200000|100|192|False|debra
amortizedfree|deqalloc|hm_hashtable|200000|100|192|False|debra_df
amortizedfree|deqalloc_genericdeque|hm_hashtable|200000|100|192|False|debra
amortizedfree|deqalloc_genericdeque|hm_hashtable|200000|100|192|False|debra_df
amortizedfree|deqalloc_localseglist|hm_hashtable|200000|100|192|False|debra
amortizedfree|deqalloc_localseglist|hm_hashtable|200000|100|192|False|debra_df
amortizedfree|deqalloc_remotefree|hm_hashtable|200000|100|192|False|debra
amortizedfree|deqalloc_remotefree|hm_hashtable|200000|100|192|False|debra_df
amortizedfree|mimalloc|hm_hashtable|200000|100|192|False|debra
amortizedfree|mimalloc|hm_hashtable|200000|100|192|False|debra_df
amortizedfree|jemalloc|hm_hashtable|200000|100|192|True|debra
amortizedfree|snmalloc|hm_hashtable|200000|100|192|False|debra
amortizedfree|snmalloc|hm_hashtable|200000|100|192|False|debra_df
amortizedfree|hoard|hm_hashtable|200000|100|192|True|debra
amortizedfree|tcmalloc|hm_hashtable|200000|100|192|False|debra
amortizedfree|tcmalloc|hm_hashtable|200000|100|192|False|debra_df
amortizedfree|tbbmalloc|hm_hashtable|200000|100|192|False|debra
amortizedfree|tbbmalloc|hm_hashtable|200000|100|192|False|debra_df
amortizedfree|lockfree|hm_hashtable|200000|100|192|False|debra
amortizedfree|lockfree|hm_hashtable|200000|100|192|False|debra_df
amortizedfree|rpmalloc|hm_hashtable|200000|100|192|False|debra
amortizedfree|rpmalloc|hm_hashtable|200000|100|192|False|debra_df
amortizedfree|glibc|hm_hashtable|200000|100|192|False|debra
amortizedfree|glibc|hm_hashtable|200000|100|192|False|debra_df
amortizedfree|deqalloc|hmlist|2000|100|192|False|debra
amortizedfree|deqalloc|hmlist|2000|100|192|False|debra_df
amortizedfree|deqalloc_genericdeque|hmlist|2000|100|192|False|debra
amortizedfree|deqalloc_genericdeque|hmlist|2000|100|192|False|debra_df
amortizedfree|deqalloc_localseglist|hmlist|2000|100|192|False|debra
amortizedfree|deqalloc_localseglist|hmlist|2000|100|192|False|debra_df
amortizedfree|deqalloc_remotefree|hmlist|2000|100|192|False|debra
amortizedfree|deqalloc_remotefree|hmlist|2000|100|192|False|debra_df
amortizedfree|mimalloc|hmlist|2000|100|192|False|debra
amortizedfree|mimalloc|hmlist|2000|100|192|False|debra_df
amortizedfree|jemalloc|hmlist|2000|100|192|True|debra
amortizedfree|snmalloc|hmlist|2000|100|192|False|debra
amortizedfree|snmalloc|hmlist|2000|100|192|False|debra_df
amortizedfree|hoard|hmlist|2000|100|192|True|debra
amortizedfree|tcmalloc|hmlist|2000|100|192|False|debra
amortizedfree|tcmalloc|hmlist|2000|100|192|False|debra_df
amortizedfree|tbbmalloc|hmlist|2000|100|192|False|debra
amortizedfree|tbbmalloc|hmlist|2000|100|192|False|debra_df
amortizedfree|lockfree|hmlist|2000|100|192|False|debra
amortizedfree|lockfree|hmlist|2000|100|192|False|debra_df
amortizedfree|rpmalloc|hmlist|2000|100|192|False|debra
amortizedfree|rpmalloc|hmlist|2000|100|192|False|debra_df
amortizedfree|glibc|hmlist|2000|100|192|False|debra
amortizedfree|glibc|hmlist|2000|100|192|False|debra_df
amortizedfree|deqalloc|guerraoui_ext_bst_ticket|20000000|100|192|False|debra
amortizedfree|deqalloc|guerraoui_ext_bst_ticket|20000000|100|192|False|debra_df
amortizedfree|deqalloc_genericdeque|guerraoui_ext_bst_ticket|20000000|100|192|False|debra
amortizedfree|deqalloc_genericdeque|guerraoui_ext_bst_ticket|20000000|100|192|False|debra_df
amortizedfree|deqalloc_localseglist|guerraoui_ext_bst_ticket|20000000|100|192|False|debra
amortizedfree|deqalloc_localseglist|guerraoui_ext_bst_ticket|20000000|100|192|False|debra_df
amortizedfree|deqalloc_remotefree|guerraoui_ext_bst_ticket|20000000|100|192|False|debra
amortizedfree|deqalloc_remotefree|guerraoui_ext_bst_ticket|20000000|100|192|False|debra_df
amortizedfree|mimalloc|guerraoui_ext_bst_ticket|20000000|100|192|False|debra
amortizedfree|mimalloc|guerraoui_ext_bst_ticket|20000000|100|192|False|debra_df
amortizedfree|jemalloc|guerraoui_ext_bst_ticket|20000000|100|192|True|debra
amortizedfree|snmalloc|guerraoui_ext_bst_ticket|20000000|100|192|False|debra
amortizedfree|snmalloc|guerraoui_ext_bst_ticket|20000000|100|192|False|debra_df
amortizedfree|hoard|guerraoui_ext_bst_ticket|20000000|100|192|True|debra
amortizedfree|tcmalloc|guerraoui_ext_bst_ticket|20000000|100|192|False|debra
amortizedfree|tcmalloc|guerraoui_ext_bst_ticket|20000000|100|192|False|debra_df
amortizedfree|tbbmalloc|guerraoui_ext_bst_ticket|20000000|100|192|False|debra
amortizedfree|tbbmalloc|guerraoui_ext_bst_ticket|20000000|100|192|False|debra_df
amortizedfree|lockfree|guerraoui_ext_bst_ticket|20000000|100|192|False|debra
amortizedfree|lockfree|guerraoui_ext_bst_ticket|20000000|100|192|False|debra_df
amortizedfree|rpmalloc|guerraoui_ext_bst_ticket|20000000|100|192|False|debra
amortizedfree|rpmalloc|guerraoui_ext_bst_ticket|20000000|100|192|False|debra_df
amortizedfree|glibc|guerraoui_ext_bst_ticket|20000000|100|192|False|debra
amortizedfree|glibc|guerraoui_ext_bst_ticket|20000000|100|192|False|debra_df
amortizedfree|deqalloc|brown_ext_abtree_lf|20000000|100|192|False|debra
amortizedfree|deqalloc|brown_ext_abtree_lf|20000000|100|192|False|debra_df
amortizedfree|deqalloc_genericdeque|brown_ext_abtree_lf|20000000|100|192|False|debra
amortizedfree|deqalloc_genericdeque|brown_ext_abtree_lf|20000000|100|192|False|debra_df
amortizedfree|deqalloc_localseglist|brown_ext_abtree_lf|20000000|100|192|False|debra
amortizedfree|deqalloc_localseglist|brown_ext_abtree_lf|20000000|100|192|False|debra_df
amortizedfree|deqalloc_remotefree|brown_ext_abtree_lf|20000000|100|192|False|debra
amortizedfree|deqalloc_remotefree|brown_ext_abtree_lf|20000000|100|192|False|debra_df
amortizedfree|mimalloc|brown_ext_abtree_lf|20000000|100|192|False|debra
amortizedfree|mimalloc|brown_ext_abtree_lf|20000000|100|192|False|debra_df
amortizedfree|jemalloc|brown_ext_abtree_lf|20000000|100|192|True|debra
amortizedfree|snmalloc|brown_ext_abtree_lf|20000000|100|192|False|debra
amortizedfree|snmalloc|brown_ext_abtree_lf|20000000|100|192|False|debra_df
amortizedfree|hoard|brown_ext_abtree_lf|20000000|100|192|True|debra
amortizedfree|tcmalloc|brown_ext_abtree_lf|20000000|100|192|False|debra
amortizedfree|tcmalloc|brown_ext_abtree_lf|20000000|100|192|False|debra_df
amortizedfree|tbbmalloc|brown_ext_abtree_lf|20000000|100|192|False|debra
amortizedfree|tbbmalloc|brown_ext_abtree_lf|20000000|100|192|False|debra_df
amortizedfree|lockfree|brown_ext_abtree_lf|20000000|100|192|False|debra
amortizedfree|lockfree|brown_ext_abtree_lf|20000000|100|192|False|debra_df
amortizedfree|rpmalloc|brown_ext_abtree_lf|20000000|100|192|False|debra
amortizedfree|rpmalloc|brown_ext_abtree_lf|20000000|100|192|False|debra_df
amortizedfree|glibc|brown_ext_abtree_lf|20000000|100|192|False|debra
amortizedfree|glibc|brown_ext_abtree_lf|20000000|100|192|False|debra_df
amortizedfree|deqalloc|hm_hashtable|20000000|100|192|False|debra
amortizedfree|deqalloc|hm_hashtable|20000000|100|192|False|debra_df
amortizedfree|deqalloc_genericdeque|hm_hashtable|20000000|100|192|False|debra
amortizedfree|deqalloc_genericdeque|hm_hashtable|20000000|100|192|False|debra_df
amortizedfree|deqalloc_localseglist|hm_hashtable|20000000|100|192|False|debra
amortizedfree|deqalloc_localseglist|hm_hashtable|20000000|100|192|False|debra_df
amortizedfree|deqalloc_remotefree|hm_hashtable|20000000|100|192|False|debra
amortizedfree|deqalloc_remotefree|hm_hashtable|20000000|100|192|False|debra_df
amortizedfree|mimalloc|hm_hashtable|20000000|100|192|False|debra
amortizedfree|mimalloc|hm_hashtable|20000000|100|192|False|debra_df
amortizedfree|jemalloc|hm_hashtable|20000000|100|192|True|debra
amortizedfree|snmalloc|hm_hashtable|20000000|100|192|False|debra
amortizedfree|snmalloc|hm_hashtable|20000000|100|192|False|debra_df
amortizedfree|hoard|hm_hashtable|20000000|100|192|True|debra
amortizedfree|tcmalloc|hm_hashtable|20000000|100|192|False|debra
amortizedfree|tcmalloc|hm_hashtable|20000000|100|192|False|debra_df
amortizedfree|tbbmalloc|hm_hashtable|20000000|100|192|False|debra
amortizedfree|tbbmalloc|hm_hashtable|20000000|100|192|False|debra_df
amortizedfree|lockfree|hm_hashtable|20000000|100|192|False|debra
amortizedfree|lockfree|hm_hashtable|20000000|100|192|False|debra_df
amortizedfree|rpmalloc|hm_hashtable|20000000|100|192|False|debra
amortizedfree|rpmalloc|hm_hashtable|20000000|100|192|False|debra_df
amortizedfree|glibc|hm_hashtable|20000000|100|192|False|debra
amortizedfree|glibc|hm_hashtable|20000000|100|192|False|debra_df
amortizedfree|deqalloc|hmlist|10000|100|192|False|debra
amortizedfree|deqalloc|hmlist|10000|100|192|False|debra_df
amortizedfree|deqalloc_genericdeque|hmlist|10000|100|192|False|debra
amortizedfree|deqalloc_genericdeque|hmlist|10000|100|192|False|debra_df
amortizedfree|deqalloc_localseglist|hmlist|10000|100|192|False|debra
amortizedfree|deqalloc_localseglist|hmlist|10000|100|192|False|debra_df
amortizedfree|deqalloc_remotefree|hmlist|10000|100|192|False|debra
amortizedfree|deqalloc_remotefree|hmlist|10000|100|192|False|debra_df
amortizedfree|mimalloc|hmlist|10000|100|192|False|debra
amortizedfree|mimalloc|hmlist|10000|100|192|False|debra_df
amortizedfree|jemalloc|hmlist|10000|100|192|True|debra
amortizedfree|snmalloc|hmlist|10000|100|192|False|debra
amortizedfree|snmalloc|hmlist|10000|100|192|False|debra_df
amortizedfree|hoard|hmlist|10000|100|192|True|debra
amortizedfree|tcmalloc|hmlist|10000|100|192|False|debra
amortizedfree|tcmalloc|hmlist|10000|100|192|False|debra_df
amortizedfree|tbbmalloc|hmlist|10000|100|192|False|debra
amortizedfree|tbbmalloc|hmlist|10000|100|192|False|debra_df
amortizedfree|lockfree|hmlist|10000|100|192|False|debra
amortizedfree|lockfree|hmlist|10000|100|192|False|debra_df
amortizedfree|rpmalloc|hmlist|10000|100|192|False|debra
amortizedfree|rpmalloc|hmlist|10000|100|192|False|debra_df
amortizedfree|glibc|hmlist|10000|100|192|False|debra
amortizedfree|glibc|hmlist|10000|100|192|False|debra_df
amortizedfree|deqalloc|guerraoui_ext_bst_ticket|200000000|100|192|False|debra
amortizedfree|deqalloc|guerraoui_ext_bst_ticket|200000000|100|192|False|debra_df
amortizedfree|deqalloc_genericdeque|guerraoui_ext_bst_ticket|200000000|100|192|False|debra
amortizedfree|deqalloc_genericdeque|guerraoui_ext_bst_ticket|200000000|100|192|False|debra_df
amortizedfree|deqalloc_localseglist|guerraoui_ext_bst_ticket|200000000|100|192|False|debra
amortizedfree|deqalloc_localseglist|guerraoui_ext_bst_ticket|200000000|100|192|False|debra_df
amortizedfree|deqalloc_remotefree|guerraoui_ext_bst_ticket|200000000|100|192|False|debra
amortizedfree|deqalloc_remotefree|guerraoui_ext_bst_ticket|200000000|100|192|False|debra_df
amortizedfree|mimalloc|guerraoui_ext_bst_ticket|200000000|100|192|False|debra
amortizedfree|mimalloc|guerraoui_ext_bst_ticket|200000000|100|192|False|debra_df
amortizedfree|jemalloc|guerraoui_ext_bst_ticket|200000000|100|192|True|debra
amortizedfree|snmalloc|guerraoui_ext_bst_ticket|200000000|100|192|False|debra
amortizedfree|snmalloc|guerraoui_ext_bst_ticket|200000000|100|192|False|debra_df
amortizedfree|hoard|guerraoui_ext_bst_ticket|200000000|100|192|True|debra
amortizedfree|tcmalloc|guerraoui_ext_bst_ticket|200000000|100|192|False|debra
amortizedfree|tcmalloc|guerraoui_ext_bst_ticket|200000000|100|192|False|debra_df
amortizedfree|tbbmalloc|guerraoui_ext_bst_ticket|200000000|100|192|False|debra
amortizedfree|tbbmalloc|guerraoui_ext_bst_ticket|200000000|100|192|False|debra_df
amortizedfree|lockfree|guerraoui_ext_bst_ticket|200000000|100|192|False|debra
amortizedfree|lockfree|guerraoui_ext_bst_ticket|200000000|100|192|False|debra_df
amortizedfree|rpmalloc|guerraoui_ext_bst_ticket|200000000|100|192|False|debra
amortizedfree|rpmalloc|guerraoui_ext_bst_ticket|200000000|100|192|False|debra_df
amortizedfree|glibc|guerraoui_ext_bst_ticket|200000000|100|192|False|debra
amortizedfree|glibc|guerraoui_ext_bst_ticket|200000000|100|192|False|debra_df
amortizedfree|deqalloc|brown_ext_abtree_lf|200000000|100|192|False|debra
amortizedfree|deqalloc|brown_ext_abtree_lf|200000000|100|192|False|debra_df
amortizedfree|deqalloc_genericdeque|brown_ext_abtree_lf|200000000|100|192|False|debra
amortizedfree|deqalloc_genericdeque|brown_ext_abtree_lf|200000000|100|192|False|debra_df
amortizedfree|deqalloc_localseglist|brown_ext_abtree_lf|200000000|100|192|False|debra
amortizedfree|deqalloc_localseglist|brown_ext_abtree_lf|200000000|100|192|False|debra_df
amortizedfree|deqalloc_remotefree|brown_ext_abtree_lf|200000000|100|192|False|debra
amortizedfree|deqalloc_remotefree|brown_ext_abtree_lf|200000000|100|192|False|debra_df
amortizedfree|mimalloc|brown_ext_abtree_lf|200000000|100|192|False|debra
amortizedfree|mimalloc|brown_ext_abtree_lf|200000000|100|192|False|debra_df
amortizedfree|jemalloc|brown_ext_abtree_lf|200000000|100|192|True|debra
amortizedfree|snmalloc|brown_ext_abtree_lf|200000000|100|192|False|debra
amortizedfree|snmalloc|brown_ext_abtree_lf|200000000|100|192|False|debra_df
amortizedfree|hoard|brown_ext_abtree_lf|200000000|100|192|True|debra
amortizedfree|tcmalloc|brown_ext_abtree_lf|200000000|100|192|False|debra
amortizedfree|tcmalloc|brown_ext_abtree_lf|200000000|100|192|False|debra_df
amortizedfree|tbbmalloc|brown_ext_abtree_lf|200000000|100|192|False|debra
amortizedfree|tbbmalloc|brown_ext_abtree_lf|200000000|100|192|False|debra_df
amortizedfree|lockfree|brown_ext_abtree_lf|200000000|100|192|False|debra
amortizedfree|lockfree|brown_ext_abtree_lf|200000000|100|192|False|debra_df
amortizedfree|rpmalloc|brown_ext_abtree_lf|200000000|100|192|False|debra
amortizedfree|rpmalloc|brown_ext_abtree_lf|200000000|100|192|False|debra_df
amortizedfree|glibc|brown_ext_abtree_lf|200000000|100|192|False|debra
amortizedfree|glibc|brown_ext_abtree_lf|200000000|100|192|False|debra_df
amortizedfree|deqalloc|hm_hashtable|100000000|100|192|False|debra
amortizedfree|deqalloc|hm_hashtable|100000000|100|192|False|debra_df
amortizedfree|deqalloc_genericdeque|hm_hashtable|100000000|100|192|False|debra
amortizedfree|deqalloc_genericdeque|hm_hashtable|100000000|100|192|False|debra_df
amortizedfree|deqalloc_localseglist|hm_hashtable|100000000|100|192|False|debra
amortizedfree|deqalloc_localseglist|hm_hashtable|100000000|100|192|False|debra_df
amortizedfree|deqalloc_remotefree|hm_hashtable|100000000|100|192|False|debra
amortizedfree|deqalloc_remotefree|hm_hashtable|100000000|100|192|False|debra_df
amortizedfree|mimalloc|hm_hashtable|100000000|100|192|False|debra
amortizedfree|mimalloc|hm_hashtable|100000000|100|192|False|debra_df
amortizedfree|jemalloc|hm_hashtable|100000000|100|192|True|debra
amortizedfree|snmalloc|hm_hashtable|100000000|100|192|False|debra
amortizedfree|snmalloc|hm_hashtable|100000000|100|192|False|debra_df
amortizedfree|hoard|hm_hashtable|100000000|100|192|True|debra
amortizedfree|tcmalloc|hm_hashtable|100000000|100|192|False|debra
amortizedfree|tcmalloc|hm_hashtable|100000000|100|192|False|debra_df
amortizedfree|tbbmalloc|hm_hashtable|100000000|100|192|False|debra
amortizedfree|tbbmalloc|hm_hashtable|100000000|100|192|False|debra_df
amortizedfree|lockfree|hm_hashtable|100000000|100|192|False|debra
amortizedfree|lockfree|hm_hashtable|100000000|100|192|False|debra_df
amortizedfree|rpmalloc|hm_hashtable|100000000|100|192|False|debra
amortizedfree|rpmalloc|hm_hashtable|100000000|100|192|False|debra_df
amortizedfree|glibc|hm_hashtable|100000000|100|192|False|debra
amortizedfree|glibc|hm_hashtable|100000000|100|192|False|debra_df
amortizedfree|deqalloc|hmlist|20000|100|192|False|debra
amortizedfree|deqalloc|hmlist|20000|100|192|False|debra_df
amortizedfree|deqalloc_genericdeque|hmlist|20000|100|192|False|debra
amortizedfree|deqalloc_genericdeque|hmlist|20000|100|192|False|debra_df
amortizedfree|deqalloc_localseglist|hmlist|20000|100|192|False|debra
amortizedfree|deqalloc_localseglist|hmlist|20000|100|192|False|debra_df
amortizedfree|deqalloc_remotefree|hmlist|20000|100|192|False|debra
amortizedfree|deqalloc_remotefree|hmlist|20000|100|192|False|debra_df
amortizedfree|mimalloc|hmlist|20000|100|192|False|debra
amortizedfree|mimalloc|hmlist|20000|100|192|False|debra_df
amortizedfree|jemalloc|hmlist|20000|100|192|True|debra
amortizedfree|snmalloc|hmlist|20000|100|192|False|debra
amortizedfree|snmalloc|hmlist|20000|100|192|False|debra_df
amortizedfree|hoard|hmlist|20000|100|192|True|debra
amortizedfree|tcmalloc|hmlist|20000|100|192|False|debra
amortizedfree|tcmalloc|hmlist|20000|100|192|False|debra_df
amortizedfree|tbbmalloc|hmlist|20000|100|192|False|debra
amortizedfree|tbbmalloc|hmlist|20000|100|192|False|debra_df
amortizedfree|lockfree|hmlist|20000|100|192|False|debra
amortizedfree|lockfree|hmlist|20000|100|192|False|debra_df
amortizedfree|rpmalloc|hmlist|20000|100|192|False|debra
amortizedfree|rpmalloc|hmlist|20000|100|192|False|debra_df
amortizedfree|glibc|hmlist|20000|100|192|False|debra
amortizedfree|glibc|hmlist|20000|100|192|False|debra_df
