updates|deqalloc|btree_lck|200000|0|192|False|
updates|deqalloc_genericdeque|btree_lck|200000|0|192|False|
updates|mimalloc|btree_lck|200000|0|192|False|
updates|jemalloc|btree_lck|200000|0|192|True|
updates|snmalloc|btree_lck|200000|0|192|False|
updates|hoard|btree_lck|200000|0|192|True|
updates|tcmalloc|btree_lck|200000|0|192|False|
updates|tbbmalloc|btree_lck|200000|0|192|False|
updates|lockfree|btree_lck|200000|0|192|True|
updates|rpmalloc|btree_lck|200000|0|192|False|
updates|glibc|btree_lck|200000|0|192|False|
updates|deqalloc|btree_lck|200000|1|192|False|
updates|deqalloc_genericdeque|btree_lck|200000|1|192|False|
updates|mimalloc|btree_lck|200000|1|192|False|
updates|jemalloc|btree_lck|200000|1|192|True|
updates|snmalloc|btree_lck|200000|1|192|False|
updates|hoard|btree_lck|200000|1|192|True|
updates|tcmalloc|btree_lck|200000|1|192|False|
updates|tbbmalloc|btree_lck|200000|1|192|False|
updates|lockfree|btree_lck|200000|1|192|True|
updates|rpmalloc|btree_lck|200000|1|192|False|
updates|glibc|btree_lck|200000|1|192|False|
updates|deqalloc|btree_lck|200000|5|192|False|
updates|deqalloc_genericdeque|btree_lck|200000|5|192|False|
updates|mimalloc|btree_lck|200000|5|192|False|
updates|jemalloc|btree_lck|200000|5|192|True|
updates|snmalloc|btree_lck|200000|5|192|False|
updates|hoard|btree_lck|200000|5|192|True|
updates|tcmalloc|btree_lck|200000|5|192|False|
updates|tbbmalloc|btree_lck|200000|5|192|False|
updates|lockfree|btree_lck|200000|5|192|True|
updates|rpmalloc|btree_lck|200000|5|192|False|
updates|glibc|btree_lck|200000|5|192|False|
updates|deqalloc|btree_lck|200000|50|192|False|
updates|deqalloc_genericdeque|btree_lck|200000|50|192|False|
updates|mimalloc|btree_lck|200000|50|192|False|
updates|jemalloc|btree_lck|200000|50|192|True|
updates|snmalloc|btree_lck|200000|50|192|False|
updates|hoard|btree_lck|200000|50|192|True|
updates|tcmalloc|btree_lck|200000|50|192|False|
updates|tbbmalloc|btree_lck|200000|50|192|False|
updates|lockfree|btree_lck|200000|50|192|True|
updates|rpmalloc|btree_lck|200000|50|192|False|
updates|glibc|btree_lck|200000|50|192|False|
updates|deqalloc|btree_lck|200000|90|192|False|
updates|deqalloc_genericdeque|btree_lck|200000|90|192|False|
updates|mimalloc|btree_lck|200000|90|192|False|
updates|jemalloc|btree_lck|200000|90|192|True|
updates|snmalloc|btree_lck|200000|90|192|False|
updates|hoard|btree_lck|200000|90|192|True|
updates|tcmalloc|btree_lck|200000|90|192|False|
updates|tbbmalloc|btree_lck|200000|90|192|False|
updates|lockfree|btree_lck|200000|90|192|True|
updates|rpmalloc|btree_lck|200000|90|192|False|
updates|glibc|btree_lck|200000|90|192|False|
updates|deqalloc|btree_lck|200000|100|192|False|
updates|deqalloc_genericdeque|btree_lck|200000|100|192|False|
updates|mimalloc|btree_lck|200000|100|192|False|
updates|jemalloc|btree_lck|200000|100|192|True|
updates|snmalloc|btree_lck|200000|100|192|False|
updates|hoard|btree_lck|200000|100|192|True|
updates|tcmalloc|btree_lck|200000|100|192|False|
updates|tbbmalloc|btree_lck|200000|100|192|False|
updates|lockfree|btree_lck|200000|100|192|True|
updates|rpmalloc|btree_lck|200000|100|192|False|
updates|glibc|btree_lck|200000|100|192|False|
updates|deqalloc|hash_block_lck|200000|0|192|False|
updates|deqalloc_genericdeque|hash_block_lck|200000|0|192|False|
updates|mimalloc|hash_block_lck|200000|0|192|False|
updates|jemalloc|hash_block_lck|200000|0|192|True|
updates|snmalloc|hash_block_lck|200000|0|192|False|
updates|hoard|hash_block_lck|200000|0|192|True|
updates|tcmalloc|hash_block_lck|200000|0|192|False|
updates|tbbmalloc|hash_block_lck|200000|0|192|False|
updates|lockfree|hash_block_lck|200000|0|192|True|
updates|rpmalloc|hash_block_lck|200000|0|192|False|
updates|glibc|hash_block_lck|200000|0|192|False|
updates|deqalloc|hash_block_lck|200000|1|192|False|
updates|deqalloc_genericdeque|hash_block_lck|200000|1|192|False|
updates|mimalloc|hash_block_lck|200000|1|192|False|
updates|jemalloc|hash_block_lck|200000|1|192|True|
updates|snmalloc|hash_block_lck|200000|1|192|False|
updates|hoard|hash_block_lck|200000|1|192|True|
updates|tcmalloc|hash_block_lck|200000|1|192|False|
updates|tbbmalloc|hash_block_lck|200000|1|192|False|
updates|lockfree|hash_block_lck|200000|1|192|True|
updates|rpmalloc|hash_block_lck|200000|1|192|False|
updates|glibc|hash_block_lck|200000|1|192|False|
updates|deqalloc|hash_block_lck|200000|5|192|False|
updates|deqalloc_genericdeque|hash_block_lck|200000|5|192|False|
updates|mimalloc|hash_block_lck|200000|5|192|False|
updates|jemalloc|hash_block_lck|200000|5|192|True|
updates|snmalloc|hash_block_lck|200000|5|192|False|
updates|hoard|hash_block_lck|200000|5|192|True|
updates|tcmalloc|hash_block_lck|200000|5|192|False|
updates|tbbmalloc|hash_block_lck|200000|5|192|False|
updates|lockfree|hash_block_lck|200000|5|192|True|
updates|rpmalloc|hash_block_lck|200000|5|192|False|
updates|glibc|hash_block_lck|200000|5|192|False|
updates|deqalloc|hash_block_lck|200000|50|192|False|
updates|deqalloc_genericdeque|hash_block_lck|200000|50|192|False|
updates|mimalloc|hash_block_lck|200000|50|192|False|
updates|jemalloc|hash_block_lck|200000|50|192|True|
updates|snmalloc|hash_block_lck|200000|50|192|False|
updates|hoard|hash_block_lck|200000|50|192|True|
updates|tcmalloc|hash_block_lck|200000|50|192|False|
updates|tbbmalloc|hash_block_lck|200000|50|192|False|
updates|lockfree|hash_block_lck|200000|50|192|True|
updates|rpmalloc|hash_block_lck|200000|50|192|False|
updates|glibc|hash_block_lck|200000|50|192|False|
updates|deqalloc|hash_block_lck|200000|90|192|False|
updates|deqalloc_genericdeque|hash_block_lck|200000|90|192|False|
updates|mimalloc|hash_block_lck|200000|90|192|False|
updates|jemalloc|hash_block_lck|200000|90|192|True|
updates|snmalloc|hash_block_lck|200000|90|192|False|
updates|hoard|hash_block_lck|200000|90|192|True|
updates|tcmalloc|hash_block_lck|200000|90|192|False|
updates|tbbmalloc|hash_block_lck|200000|90|192|False|
updates|lockfree|hash_block_lck|200000|90|192|True|
updates|rpmalloc|hash_block_lck|200000|90|192|False|
updates|glibc|hash_block_lck|200000|90|192|False|
updates|deqalloc|hash_block_lck|200000|100|192|False|
updates|deqalloc_genericdeque|hash_block_lck|200000|100|192|False|
updates|mimalloc|hash_block_lck|200000|100|192|False|
updates|jemalloc|hash_block_lck|200000|100|192|True|
updates|snmalloc|hash_block_lck|200000|100|192|False|
updates|hoard|hash_block_lck|200000|100|192|True|
updates|tcmalloc|hash_block_lck|200000|100|192|False|
updates|tbbmalloc|hash_block_lck|200000|100|192|False|
updates|lockfree|hash_block_lck|200000|100|192|True|
updates|rpmalloc|hash_block_lck|200000|100|192|False|
updates|glibc|hash_block_lck|200000|100|192|False|
updates|deqalloc|leaftree_lck|200000|0|192|False|
updates|deqalloc_genericdeque|leaftree_lck|200000|0|192|False|
updates|mimalloc|leaftree_lck|200000|0|192|False|
updates|jemalloc|leaftree_lck|200000|0|192|True|
updates|snmalloc|leaftree_lck|200000|0|192|False|
updates|hoard|leaftree_lck|200000|0|192|True|
updates|tcmalloc|leaftree_lck|200000|0|192|False|
updates|tbbmalloc|leaftree_lck|200000|0|192|False|
updates|lockfree|leaftree_lck|200000|0|192|True|
updates|rpmalloc|leaftree_lck|200000|0|192|False|
updates|glibc|leaftree_lck|200000|0|192|False|
updates|deqalloc|leaftree_lck|200000|1|192|False|
updates|deqalloc_genericdeque|leaftree_lck|200000|1|192|False|
updates|mimalloc|leaftree_lck|200000|1|192|False|
updates|jemalloc|leaftree_lck|200000|1|192|True|
updates|snmalloc|leaftree_lck|200000|1|192|False|
updates|hoard|leaftree_lck|200000|1|192|True|
updates|tcmalloc|leaftree_lck|200000|1|192|False|
updates|tbbmalloc|leaftree_lck|200000|1|192|False|
updates|lockfree|leaftree_lck|200000|1|192|True|
updates|rpmalloc|leaftree_lck|200000|1|192|False|
updates|glibc|leaftree_lck|200000|1|192|False|
updates|deqalloc|leaftree_lck|200000|5|192|False|
updates|deqalloc_genericdeque|leaftree_lck|200000|5|192|False|
updates|mimalloc|leaftree_lck|200000|5|192|False|
updates|jemalloc|leaftree_lck|200000|5|192|True|
updates|snmalloc|leaftree_lck|200000|5|192|False|
updates|hoard|leaftree_lck|200000|5|192|True|
updates|tcmalloc|leaftree_lck|200000|5|192|False|
updates|tbbmalloc|leaftree_lck|200000|5|192|False|
updates|lockfree|leaftree_lck|200000|5|192|True|
updates|rpmalloc|leaftree_lck|200000|5|192|False|
updates|glibc|leaftree_lck|200000|5|192|False|
updates|deqalloc|leaftree_lck|200000|50|192|False|
updates|deqalloc_genericdeque|leaftree_lck|200000|50|192|False|
updates|mimalloc|leaftree_lck|200000|50|192|False|
updates|jemalloc|leaftree_lck|200000|50|192|True|
updates|snmalloc|leaftree_lck|200000|50|192|False|
updates|hoard|leaftree_lck|200000|50|192|True|
updates|tcmalloc|leaftree_lck|200000|50|192|False|
updates|tbbmalloc|leaftree_lck|200000|50|192|False|
updates|lockfree|leaftree_lck|200000|50|192|True|
updates|rpmalloc|leaftree_lck|200000|50|192|False|
updates|glibc|leaftree_lck|200000|50|192|False|
updates|deqalloc|leaftree_lck|200000|90|192|False|
updates|deqalloc_genericdeque|leaftree_lck|200000|90|192|False|
updates|mimalloc|leaftree_lck|200000|90|192|False|
updates|jemalloc|leaftree_lck|200000|90|192|True|
updates|snmalloc|leaftree_lck|200000|90|192|False|
updates|hoard|leaftree_lck|200000|90|192|True|
updates|tcmalloc|leaftree_lck|200000|90|192|False|
updates|tbbmalloc|leaftree_lck|200000|90|192|False|
updates|lockfree|leaftree_lck|200000|90|192|True|
updates|rpmalloc|leaftree_lck|200000|90|192|False|
updates|glibc|leaftree_lck|200000|90|192|False|
updates|deqalloc|leaftree_lck|200000|100|192|False|
updates|deqalloc_genericdeque|leaftree_lck|200000|100|192|False|
updates|mimalloc|leaftree_lck|200000|100|192|False|
updates|jemalloc|leaftree_lck|200000|100|192|True|
updates|snmalloc|leaftree_lck|200000|100|192|False|
updates|hoard|leaftree_lck|200000|100|192|True|
updates|tcmalloc|leaftree_lck|200000|100|192|False|
updates|tbbmalloc|leaftree_lck|200000|100|192|False|
updates|lockfree|leaftree_lck|200000|100|192|True|
updates|rpmalloc|leaftree_lck|200000|100|192|False|
updates|glibc|leaftree_lck|200000|100|192|False|
updates|deqalloc|skiplist_lck|200000|0|192|False|
updates|deqalloc_genericdeque|skiplist_lck|200000|0|192|False|
updates|mimalloc|skiplist_lck|200000|0|192|False|
updates|jemalloc|skiplist_lck|200000|0|192|True|
updates|snmalloc|skiplist_lck|200000|0|192|False|
updates|hoard|skiplist_lck|200000|0|192|True|
updates|tcmalloc|skiplist_lck|200000|0|192|False|
updates|tbbmalloc|skiplist_lck|200000|0|192|False|
updates|lockfree|skiplist_lck|200000|0|192|True|
updates|rpmalloc|skiplist_lck|200000|0|192|False|
updates|glibc|skiplist_lck|200000|0|192|False|
updates|deqalloc|skiplist_lck|200000|1|192|False|
updates|deqalloc_genericdeque|skiplist_lck|200000|1|192|False|
updates|mimalloc|skiplist_lck|200000|1|192|False|
updates|jemalloc|skiplist_lck|200000|1|192|True|
updates|snmalloc|skiplist_lck|200000|1|192|False|
updates|hoard|skiplist_lck|200000|1|192|True|
updates|tcmalloc|skiplist_lck|200000|1|192|False|
updates|tbbmalloc|skiplist_lck|200000|1|192|False|
updates|lockfree|skiplist_lck|200000|1|192|True|
updates|rpmalloc|skiplist_lck|200000|1|192|False|
updates|glibc|skiplist_lck|200000|1|192|False|
updates|deqalloc|skiplist_lck|200000|5|192|False|
updates|deqalloc_genericdeque|skiplist_lck|200000|5|192|False|
updates|mimalloc|skiplist_lck|200000|5|192|False|
updates|jemalloc|skiplist_lck|200000|5|192|True|
updates|snmalloc|skiplist_lck|200000|5|192|False|
updates|hoard|skiplist_lck|200000|5|192|True|
updates|tcmalloc|skiplist_lck|200000|5|192|False|
updates|tbbmalloc|skiplist_lck|200000|5|192|False|
updates|lockfree|skiplist_lck|200000|5|192|True|
updates|rpmalloc|skiplist_lck|200000|5|192|False|
updates|glibc|skiplist_lck|200000|5|192|False|
updates|deqalloc|skiplist_lck|200000|50|192|False|
updates|deqalloc_genericdeque|skiplist_lck|200000|50|192|False|
updates|mimalloc|skiplist_lck|200000|50|192|False|
updates|jemalloc|skiplist_lck|200000|50|192|True|
updates|snmalloc|skiplist_lck|200000|50|192|False|
updates|hoard|skiplist_lck|200000|50|192|True|
updates|tcmalloc|skiplist_lck|200000|50|192|False|
updates|tbbmalloc|skiplist_lck|200000|50|192|False|
updates|lockfree|skiplist_lck|200000|50|192|True|
updates|rpmalloc|skiplist_lck|200000|50|192|False|
updates|glibc|skiplist_lck|200000|50|192|False|
updates|deqalloc|skiplist_lck|200000|90|192|False|
updates|deqalloc_genericdeque|skiplist_lck|200000|90|192|False|
updates|mimalloc|skiplist_lck|200000|90|192|False|
updates|jemalloc|skiplist_lck|200000|90|192|True|
updates|snmalloc|skiplist_lck|200000|90|192|False|
updates|hoard|skiplist_lck|200000|90|192|True|
updates|tcmalloc|skiplist_lck|200000|90|192|False|
updates|tbbmalloc|skiplist_lck|200000|90|192|False|
updates|lockfree|skiplist_lck|200000|90|192|True|
updates|rpmalloc|skiplist_lck|200000|90|192|False|
updates|glibc|skiplist_lck|200000|90|192|False|
updates|deqalloc|skiplist_lck|200000|100|192|False|
updates|deqalloc_genericdeque|skiplist_lck|200000|100|192|False|
updates|mimalloc|skiplist_lck|200000|100|192|False|
updates|jemalloc|skiplist_lck|200000|100|192|True|
updates|snmalloc|skiplist_lck|200000|100|192|False|
updates|hoard|skiplist_lck|200000|100|192|True|
updates|tcmalloc|skiplist_lck|200000|100|192|False|
updates|tbbmalloc|skiplist_lck|200000|100|192|False|
updates|lockfree|skiplist_lck|200000|100|192|True|
updates|rpmalloc|skiplist_lck|200000|100|192|False|
updates|glibc|skiplist_lck|200000|100|192|False|
updates|deqalloc|arttree_lck|200000|0|192|False|
updates|deqalloc_genericdeque|arttree_lck|200000|0|192|False|
updates|mimalloc|arttree_lck|200000|0|192|False|
updates|jemalloc|arttree_lck|200000|0|192|True|
updates|snmalloc|arttree_lck|200000|0|192|False|
updates|hoard|arttree_lck|200000|0|192|True|
updates|tcmalloc|arttree_lck|200000|0|192|False|
updates|tbbmalloc|arttree_lck|200000|0|192|False|
updates|lockfree|arttree_lck|200000|0|192|True|
updates|rpmalloc|arttree_lck|200000|0|192|False|
updates|glibc|arttree_lck|200000|0|192|False|
updates|deqalloc|arttree_lck|200000|1|192|False|
updates|deqalloc_genericdeque|arttree_lck|200000|1|192|False|
updates|mimalloc|arttree_lck|200000|1|192|False|
updates|jemalloc|arttree_lck|200000|1|192|True|
updates|snmalloc|arttree_lck|200000|1|192|False|
updates|hoard|arttree_lck|200000|1|192|True|
updates|tcmalloc|arttree_lck|200000|1|192|False|
updates|tbbmalloc|arttree_lck|200000|1|192|False|
updates|lockfree|arttree_lck|200000|1|192|True|
updates|rpmalloc|arttree_lck|200000|1|192|False|
updates|glibc|arttree_lck|200000|1|192|False|
updates|deqalloc|arttree_lck|200000|5|192|False|
updates|deqalloc_genericdeque|arttree_lck|200000|5|192|False|
updates|mimalloc|arttree_lck|200000|5|192|False|
updates|jemalloc|arttree_lck|200000|5|192|True|
updates|snmalloc|arttree_lck|200000|5|192|False|
updates|hoard|arttree_lck|200000|5|192|True|
updates|tcmalloc|arttree_lck|200000|5|192|False|
updates|tbbmalloc|arttree_lck|200000|5|192|False|
updates|lockfree|arttree_lck|200000|5|192|True|
updates|rpmalloc|arttree_lck|200000|5|192|False|
updates|glibc|arttree_lck|200000|5|192|False|
updates|deqalloc|arttree_lck|200000|50|192|False|
updates|deqalloc_genericdeque|arttree_lck|200000|50|192|False|
updates|mimalloc|arttree_lck|200000|50|192|False|
updates|jemalloc|arttree_lck|200000|50|192|True|
updates|snmalloc|arttree_lck|200000|50|192|False|
updates|hoard|arttree_lck|200000|50|192|True|
updates|tcmalloc|arttree_lck|200000|50|192|False|
updates|tbbmalloc|arttree_lck|200000|50|192|False|
updates|lockfree|arttree_lck|200000|50|192|True|
updates|rpmalloc|arttree_lck|200000|50|192|False|
updates|glibc|arttree_lck|200000|50|192|False|
updates|deqalloc|arttree_lck|200000|90|192|False|
updates|deqalloc_genericdeque|arttree_lck|200000|90|192|False|
updates|mimalloc|arttree_lck|200000|90|192|False|
updates|jemalloc|arttree_lck|200000|90|192|True|
updates|snmalloc|arttree_lck|200000|90|192|False|
updates|hoard|arttree_lck|200000|90|192|True|
updates|tcmalloc|arttree_lck|200000|90|192|False|
updates|tbbmalloc|arttree_lck|200000|90|192|False|
updates|lockfree|arttree_lck|200000|90|192|True|
updates|rpmalloc|arttree_lck|200000|90|192|False|
updates|glibc|arttree_lck|200000|90|192|False|
updates|deqalloc|arttree_lck|200000|100|192|False|
updates|deqalloc_genericdeque|arttree_lck|200000|100|192|False|
updates|mimalloc|arttree_lck|200000|100|192|False|
updates|jemalloc|arttree_lck|200000|100|192|True|
updates|snmalloc|arttree_lck|200000|100|192|False|
updates|hoard|arttree_lck|200000|100|192|True|
updates|tcmalloc|arttree_lck|200000|100|192|False|
updates|tbbmalloc|arttree_lck|200000|100|192|False|
updates|lockfree|arttree_lck|200000|100|192|True|
updates|rpmalloc|arttree_lck|200000|100|192|False|
updates|glibc|arttree_lck|200000|100|192|False|
updates|deqalloc|list_lck|2000|0|192|False|
updates|deqalloc_genericdeque|list_lck|2000|0|192|False|
updates|mimalloc|list_lck|2000|0|192|False|
updates|jemalloc|list_lck|2000|0|192|True|
updates|snmalloc|list_lck|2000|0|192|False|
updates|hoard|list_lck|2000|0|192|True|
updates|tcmalloc|list_lck|2000|0|192|False|
updates|tbbmalloc|list_lck|2000|0|192|False|
updates|lockfree|list_lck|2000|0|192|True|
updates|rpmalloc|list_lck|2000|0|192|False|
updates|glibc|list_lck|2000|0|192|False|
updates|deqalloc|list_lck|2000|1|192|False|
updates|deqalloc_genericdeque|list_lck|2000|1|192|False|
updates|mimalloc|list_lck|2000|1|192|False|
updates|jemalloc|list_lck|2000|1|192|True|
updates|snmalloc|list_lck|2000|1|192|False|
updates|hoard|list_lck|2000|1|192|True|
updates|tcmalloc|list_lck|2000|1|192|False|
updates|tbbmalloc|list_lck|2000|1|192|False|
updates|lockfree|list_lck|2000|1|192|True|
updates|rpmalloc|list_lck|2000|1|192|False|
updates|glibc|list_lck|2000|1|192|False|
updates|deqalloc|list_lck|2000|5|192|False|
updates|deqalloc_genericdeque|list_lck|2000|5|192|False|
updates|mimalloc|list_lck|2000|5|192|False|
updates|jemalloc|list_lck|2000|5|192|True|
updates|snmalloc|list_lck|2000|5|192|False|
updates|hoard|list_lck|2000|5|192|True|
updates|tcmalloc|list_lck|2000|5|192|False|
updates|tbbmalloc|list_lck|2000|5|192|False|
updates|lockfree|list_lck|2000|5|192|True|
updates|rpmalloc|list_lck|2000|5|192|False|
updates|glibc|list_lck|2000|5|192|False|
updates|deqalloc|list_lck|2000|50|192|False|
updates|deqalloc_genericdeque|list_lck|2000|50|192|False|
updates|mimalloc|list_lck|2000|50|192|False|
updates|jemalloc|list_lck|2000|50|192|True|
updates|snmalloc|list_lck|2000|50|192|False|
updates|hoard|list_lck|2000|50|192|True|
updates|tcmalloc|list_lck|2000|50|192|False|
updates|tbbmalloc|list_lck|2000|50|192|False|
updates|lockfree|list_lck|2000|50|192|True|
updates|rpmalloc|list_lck|2000|50|192|False|
updates|glibc|list_lck|2000|50|192|False|
updates|deqalloc|list_lck|2000|90|192|False|
updates|deqalloc_genericdeque|list_lck|2000|90|192|False|
updates|mimalloc|list_lck|2000|90|192|False|
updates|jemalloc|list_lck|2000|90|192|True|
updates|snmalloc|list_lck|2000|90|192|False|
updates|hoard|list_lck|2000|90|192|True|
updates|tcmalloc|list_lck|2000|90|192|False|
updates|tbbmalloc|list_lck|2000|90|192|False|
updates|lockfree|list_lck|2000|90|192|True|
updates|rpmalloc|list_lck|2000|90|192|False|
updates|glibc|list_lck|2000|90|192|False|
updates|deqalloc|list_lck|2000|100|192|False|
updates|deqalloc_genericdeque|list_lck|2000|100|192|False|
updates|mimalloc|list_lck|2000|100|192|False|
updates|jemalloc|list_lck|2000|100|192|True|
updates|snmalloc|list_lck|2000|100|192|False|
updates|hoard|list_lck|2000|100|192|True|
updates|tcmalloc|list_lck|2000|100|192|False|
updates|tbbmalloc|list_lck|2000|100|192|False|
updates|lockfree|list_lck|2000|100|192|True|
updates|rpmalloc|list_lck|2000|100|192|False|
updates|glibc|list_lck|2000|100|192|False|
threads|deqalloc|btree_lck|200000|100|1|False|
threads|deqalloc_genericdeque|btree_lck|200000|100|1|False|
threads|mimalloc|btree_lck|200000|100|1|False|
threads|jemalloc|btree_lck|200000|100|1|True|
threads|snmalloc|btree_lck|200000|100|1|False|
threads|hoard|btree_lck|200000|100|1|True|
threads|tcmalloc|btree_lck|200000|100|1|False|
threads|tbbmalloc|btree_lck|200000|100|1|False|
threads|lockfree|btree_lck|200000|100|1|True|
threads|rpmalloc|btree_lck|200000|100|1|False|
threads|glibc|btree_lck|200000|100|1|False|
threads|deqalloc|btree_lck|200000|100|2|False|
threads|deqalloc_genericdeque|btree_lck|200000|100|2|False|
threads|mimalloc|btree_lck|200000|100|2|False|
threads|jemalloc|btree_lck|200000|100|2|True|
threads|snmalloc|btree_lck|200000|100|2|False|
threads|hoard|btree_lck|200000|100|2|True|
threads|tcmalloc|btree_lck|200000|100|2|False|
threads|tbbmalloc|btree_lck|200000|100|2|False|
threads|lockfree|btree_lck|200000|100|2|True|
threads|rpmalloc|btree_lck|200000|100|2|False|
threads|glibc|btree_lck|200000|100|2|False|
threads|deqalloc|btree_lck|200000|100|4|False|
threads|deqalloc_genericdeque|btree_lck|200000|100|4|False|
threads|mimalloc|btree_lck|200000|100|4|False|
threads|jemalloc|btree_lck|200000|100|4|True|
threads|snmalloc|btree_lck|200000|100|4|False|
threads|hoard|btree_lck|200000|100|4|True|
threads|tcmalloc|btree_lck|200000|100|4|False|
threads|tbbmalloc|btree_lck|200000|100|4|False|
threads|lockfree|btree_lck|200000|100|4|True|
threads|rpmalloc|btree_lck|200000|100|4|False|
threads|glibc|btree_lck|200000|100|4|False|
threads|deqalloc|btree_lck|200000|100|8|False|
threads|deqalloc_genericdeque|btree_lck|200000|100|8|False|
threads|mimalloc|btree_lck|200000|100|8|False|
threads|jemalloc|btree_lck|200000|100|8|True|
threads|snmalloc|btree_lck|200000|100|8|False|
threads|hoard|btree_lck|200000|100|8|True|
threads|tcmalloc|btree_lck|200000|100|8|False|
threads|tbbmalloc|btree_lck|200000|100|8|False|
threads|lockfree|btree_lck|200000|100|8|True|
threads|rpmalloc|btree_lck|200000|100|8|False|
threads|glibc|btree_lck|200000|100|8|False|
threads|deqalloc|btree_lck|200000|100|16|False|
threads|deqalloc_genericdeque|btree_lck|200000|100|16|False|
threads|mimalloc|btree_lck|200000|100|16|False|
threads|jemalloc|btree_lck|200000|100|16|True|
threads|snmalloc|btree_lck|200000|100|16|False|
threads|hoard|btree_lck|200000|100|16|True|
threads|tcmalloc|btree_lck|200000|100|16|False|
threads|tbbmalloc|btree_lck|200000|100|16|False|
threads|lockfree|btree_lck|200000|100|16|True|
threads|rpmalloc|btree_lck|200000|100|16|False|
threads|glibc|btree_lck|200000|100|16|False|
threads|deqalloc|btree_lck|200000|100|32|False|
threads|deqalloc_genericdeque|btree_lck|200000|100|32|False|
threads|mimalloc|btree_lck|200000|100|32|False|
threads|jemalloc|btree_lck|200000|100|32|True|
threads|snmalloc|btree_lck|200000|100|32|False|
threads|hoard|btree_lck|200000|100|32|True|
threads|tcmalloc|btree_lck|200000|100|32|False|
threads|tbbmalloc|btree_lck|200000|100|32|False|
threads|lockfree|btree_lck|200000|100|32|True|
threads|rpmalloc|btree_lck|200000|100|32|False|
threads|glibc|btree_lck|200000|100|32|False|
threads|deqalloc|btree_lck|200000|100|64|False|
threads|deqalloc_genericdeque|btree_lck|200000|100|64|False|
threads|mimalloc|btree_lck|200000|100|64|False|
threads|jemalloc|btree_lck|200000|100|64|True|
threads|snmalloc|btree_lck|200000|100|64|False|
threads|hoard|btree_lck|200000|100|64|True|
threads|tcmalloc|btree_lck|200000|100|64|False|
threads|tbbmalloc|btree_lck|200000|100|64|False|
threads|lockfree|btree_lck|200000|100|64|True|
threads|rpmalloc|btree_lck|200000|100|64|False|
threads|glibc|btree_lck|200000|100|64|False|
threads|deqalloc|btree_lck|200000|100|96|False|
threads|deqalloc_genericdeque|btree_lck|200000|100|96|False|
threads|mimalloc|btree_lck|200000|100|96|False|
threads|jemalloc|btree_lck|200000|100|96|True|
threads|snmalloc|btree_lck|200000|100|96|False|
threads|hoard|btree_lck|200000|100|96|True|
threads|tcmalloc|btree_lck|200000|100|96|False|
threads|tbbmalloc|btree_lck|200000|100|96|False|
threads|lockfree|btree_lck|200000|100|96|True|
threads|rpmalloc|btree_lck|200000|100|96|False|
threads|glibc|btree_lck|200000|100|96|False|
threads|deqalloc|btree_lck|200000|100|128|False|
threads|deqalloc_genericdeque|btree_lck|200000|100|128|False|
threads|mimalloc|btree_lck|200000|100|128|False|
threads|jemalloc|btree_lck|200000|100|128|True|
threads|snmalloc|btree_lck|200000|100|128|False|
threads|hoard|btree_lck|200000|100|128|True|
threads|tcmalloc|btree_lck|200000|100|128|False|
threads|tbbmalloc|btree_lck|200000|100|128|False|
threads|lockfree|btree_lck|200000|100|128|True|
threads|rpmalloc|btree_lck|200000|100|128|False|
threads|glibc|btree_lck|200000|100|128|False|
threads|deqalloc|btree_lck|200000|100|192|False|
threads|deqalloc_genericdeque|btree_lck|200000|100|192|False|
threads|mimalloc|btree_lck|200000|100|192|False|
threads|jemalloc|btree_lck|200000|100|192|True|
threads|snmalloc|btree_lck|200000|100|192|False|
threads|hoard|btree_lck|200000|100|192|True|
threads|tcmalloc|btree_lck|200000|100|192|False|
threads|tbbmalloc|btree_lck|200000|100|192|False|
threads|lockfree|btree_lck|200000|100|192|True|
threads|rpmalloc|btree_lck|200000|100|192|False|
threads|glibc|btree_lck|200000|100|192|False|
threads|deqalloc|btree_lck|200000|100|384|False|
threads|deqalloc_genericdeque|btree_lck|200000|100|384|False|
threads|mimalloc|btree_lck|200000|100|384|False|
threads|jemalloc|btree_lck|200000|100|384|True|
threads|snmalloc|btree_lck|200000|100|384|False|
threads|hoard|btree_lck|200000|100|384|True|
threads|tcmalloc|btree_lck|200000|100|384|False|
threads|tbbmalloc|btree_lck|200000|100|384|False|
threads|lockfree|btree_lck|200000|100|384|True|
threads|rpmalloc|btree_lck|200000|100|384|False|
threads|glibc|btree_lck|200000|100|384|False|
threads|deqalloc|hash_block_lck|200000|100|1|False|
threads|deqalloc_genericdeque|hash_block_lck|200000|100|1|False|
threads|mimalloc|hash_block_lck|200000|100|1|False|
threads|jemalloc|hash_block_lck|200000|100|1|True|
threads|snmalloc|hash_block_lck|200000|100|1|False|
threads|hoard|hash_block_lck|200000|100|1|True|
threads|tcmalloc|hash_block_lck|200000|100|1|False|
threads|tbbmalloc|hash_block_lck|200000|100|1|False|
threads|lockfree|hash_block_lck|200000|100|1|True|
threads|rpmalloc|hash_block_lck|200000|100|1|False|
threads|glibc|hash_block_lck|200000|100|1|False|
threads|deqalloc|hash_block_lck|200000|100|2|False|
threads|deqalloc_genericdeque|hash_block_lck|200000|100|2|False|
threads|mimalloc|hash_block_lck|200000|100|2|False|
threads|jemalloc|hash_block_lck|200000|100|2|True|
threads|snmalloc|hash_block_lck|200000|100|2|False|
threads|hoard|hash_block_lck|200000|100|2|True|
threads|tcmalloc|hash_block_lck|200000|100|2|False|
threads|tbbmalloc|hash_block_lck|200000|100|2|False|
threads|lockfree|hash_block_lck|200000|100|2|True|
threads|rpmalloc|hash_block_lck|200000|100|2|False|
threads|glibc|hash_block_lck|200000|100|2|False|
threads|deqalloc|hash_block_lck|200000|100|4|False|
threads|deqalloc_genericdeque|hash_block_lck|200000|100|4|False|
threads|mimalloc|hash_block_lck|200000|100|4|False|
threads|jemalloc|hash_block_lck|200000|100|4|True|
threads|snmalloc|hash_block_lck|200000|100|4|False|
threads|hoard|hash_block_lck|200000|100|4|True|
threads|tcmalloc|hash_block_lck|200000|100|4|False|
threads|tbbmalloc|hash_block_lck|200000|100|4|False|
threads|lockfree|hash_block_lck|200000|100|4|True|
threads|rpmalloc|hash_block_lck|200000|100|4|False|
threads|glibc|hash_block_lck|200000|100|4|False|
threads|deqalloc|hash_block_lck|200000|100|8|False|
threads|deqalloc_genericdeque|hash_block_lck|200000|100|8|False|
threads|mimalloc|hash_block_lck|200000|100|8|False|
threads|jemalloc|hash_block_lck|200000|100|8|True|
threads|snmalloc|hash_block_lck|200000|100|8|False|
threads|hoard|hash_block_lck|200000|100|8|True|
threads|tcmalloc|hash_block_lck|200000|100|8|False|
threads|tbbmalloc|hash_block_lck|200000|100|8|False|
threads|lockfree|hash_block_lck|200000|100|8|True|
threads|rpmalloc|hash_block_lck|200000|100|8|False|
threads|glibc|hash_block_lck|200000|100|8|False|
threads|deqalloc|hash_block_lck|200000|100|16|False|
threads|deqalloc_genericdeque|hash_block_lck|200000|100|16|False|
threads|mimalloc|hash_block_lck|200000|100|16|False|
threads|jemalloc|hash_block_lck|200000|100|16|True|
threads|snmalloc|hash_block_lck|200000|100|16|False|
threads|hoard|hash_block_lck|200000|100|16|True|
threads|tcmalloc|hash_block_lck|200000|100|16|False|
threads|tbbmalloc|hash_block_lck|200000|100|16|False|
threads|lockfree|hash_block_lck|200000|100|16|True|
threads|rpmalloc|hash_block_lck|200000|100|16|False|
threads|glibc|hash_block_lck|200000|100|16|False|
threads|deqalloc|hash_block_lck|200000|100|32|False|
threads|deqalloc_genericdeque|hash_block_lck|200000|100|32|False|
threads|mimalloc|hash_block_lck|200000|100|32|False|
threads|jemalloc|hash_block_lck|200000|100|32|True|
threads|snmalloc|hash_block_lck|200000|100|32|False|
threads|hoard|hash_block_lck|200000|100|32|True|
threads|tcmalloc|hash_block_lck|200000|100|32|False|
threads|tbbmalloc|hash_block_lck|200000|100|32|False|
threads|lockfree|hash_block_lck|200000|100|32|True|
threads|rpmalloc|hash_block_lck|200000|100|32|False|
threads|glibc|hash_block_lck|200000|100|32|False|
threads|deqalloc|hash_block_lck|200000|100|64|False|
threads|deqalloc_genericdeque|hash_block_lck|200000|100|64|False|
threads|mimalloc|hash_block_lck|200000|100|64|False|
threads|jemalloc|hash_block_lck|200000|100|64|True|
threads|snmalloc|hash_block_lck|200000|100|64|False|
threads|hoard|hash_block_lck|200000|100|64|True|
threads|tcmalloc|hash_block_lck|200000|100|64|False|
threads|tbbmalloc|hash_block_lck|200000|100|64|False|
threads|lockfree|hash_block_lck|200000|100|64|True|
threads|rpmalloc|hash_block_lck|200000|100|64|False|
threads|glibc|hash_block_lck|200000|100|64|False|
threads|deqalloc|hash_block_lck|200000|100|96|False|
threads|deqalloc_genericdeque|hash_block_lck|200000|100|96|False|
threads|mimalloc|hash_block_lck|200000|100|96|False|
threads|jemalloc|hash_block_lck|200000|100|96|True|
threads|snmalloc|hash_block_lck|200000|100|96|False|
threads|hoard|hash_block_lck|200000|100|96|True|
threads|tcmalloc|hash_block_lck|200000|100|96|False|
threads|tbbmalloc|hash_block_lck|200000|100|96|False|
threads|lockfree|hash_block_lck|200000|100|96|True|
threads|rpmalloc|hash_block_lck|200000|100|96|False|
threads|glibc|hash_block_lck|200000|100|96|False|
threads|deqalloc|hash_block_lck|200000|100|128|False|
threads|deqalloc_genericdeque|hash_block_lck|200000|100|128|False|
threads|mimalloc|hash_block_lck|200000|100|128|False|
threads|jemalloc|hash_block_lck|200000|100|128|True|
threads|snmalloc|hash_block_lck|200000|100|128|False|
threads|hoard|hash_block_lck|200000|100|128|True|
threads|tcmalloc|hash_block_lck|200000|100|128|False|
threads|tbbmalloc|hash_block_lck|200000|100|128|False|
threads|lockfree|hash_block_lck|200000|100|128|True|
threads|rpmalloc|hash_block_lck|200000|100|128|False|
threads|glibc|hash_block_lck|200000|100|128|False|
threads|deqalloc|hash_block_lck|200000|100|192|False|
threads|deqalloc_genericdeque|hash_block_lck|200000|100|192|False|
threads|mimalloc|hash_block_lck|200000|100|192|False|
threads|jemalloc|hash_block_lck|200000|100|192|True|
threads|snmalloc|hash_block_lck|200000|100|192|False|
threads|hoard|hash_block_lck|200000|100|192|True|
threads|tcmalloc|hash_block_lck|200000|100|192|False|
threads|tbbmalloc|hash_block_lck|200000|100|192|False|
threads|lockfree|hash_block_lck|200000|100|192|True|
threads|rpmalloc|hash_block_lck|200000|100|192|False|
threads|glibc|hash_block_lck|200000|100|192|False|
threads|deqalloc|hash_block_lck|200000|100|384|False|
threads|deqalloc_genericdeque|hash_block_lck|200000|100|384|False|
threads|mimalloc|hash_block_lck|200000|100|384|False|
threads|jemalloc|hash_block_lck|200000|100|384|True|
threads|snmalloc|hash_block_lck|200000|100|384|False|
threads|hoard|hash_block_lck|200000|100|384|True|
threads|tcmalloc|hash_block_lck|200000|100|384|False|
threads|tbbmalloc|hash_block_lck|200000|100|384|False|
threads|lockfree|hash_block_lck|200000|100|384|True|
threads|rpmalloc|hash_block_lck|200000|100|384|False|
threads|glibc|hash_block_lck|200000|100|384|False|
threads|deqalloc|leaftree_lck|200000|100|1|False|
threads|deqalloc_genericdeque|leaftree_lck|200000|100|1|False|
threads|mimalloc|leaftree_lck|200000|100|1|False|
threads|jemalloc|leaftree_lck|200000|100|1|True|
threads|snmalloc|leaftree_lck|200000|100|1|False|
threads|hoard|leaftree_lck|200000|100|1|True|
threads|tcmalloc|leaftree_lck|200000|100|1|False|
threads|tbbmalloc|leaftree_lck|200000|100|1|False|
threads|lockfree|leaftree_lck|200000|100|1|True|
threads|rpmalloc|leaftree_lck|200000|100|1|False|
threads|glibc|leaftree_lck|200000|100|1|False|
threads|deqalloc|leaftree_lck|200000|100|2|False|
threads|deqalloc_genericdeque|leaftree_lck|200000|100|2|False|
threads|mimalloc|leaftree_lck|200000|100|2|False|
threads|jemalloc|leaftree_lck|200000|100|2|True|
threads|snmalloc|leaftree_lck|200000|100|2|False|
threads|hoard|leaftree_lck|200000|100|2|True|
threads|tcmalloc|leaftree_lck|200000|100|2|False|
threads|tbbmalloc|leaftree_lck|200000|100|2|False|
threads|lockfree|leaftree_lck|200000|100|2|True|
threads|rpmalloc|leaftree_lck|200000|100|2|False|
threads|glibc|leaftree_lck|200000|100|2|False|
threads|deqalloc|leaftree_lck|200000|100|4|False|
threads|deqalloc_genericdeque|leaftree_lck|200000|100|4|False|
threads|mimalloc|leaftree_lck|200000|100|4|False|
threads|jemalloc|leaftree_lck|200000|100|4|True|
threads|snmalloc|leaftree_lck|200000|100|4|False|
threads|hoard|leaftree_lck|200000|100|4|True|
threads|tcmalloc|leaftree_lck|200000|100|4|False|
threads|tbbmalloc|leaftree_lck|200000|100|4|False|
threads|lockfree|leaftree_lck|200000|100|4|True|
threads|rpmalloc|leaftree_lck|200000|100|4|False|
threads|glibc|leaftree_lck|200000|100|4|False|
threads|deqalloc|leaftree_lck|200000|100|8|False|
threads|deqalloc_genericdeque|leaftree_lck|200000|100|8|False|
threads|mimalloc|leaftree_lck|200000|100|8|False|
threads|jemalloc|leaftree_lck|200000|100|8|True|
threads|snmalloc|leaftree_lck|200000|100|8|False|
threads|hoard|leaftree_lck|200000|100|8|True|
threads|tcmalloc|leaftree_lck|200000|100|8|False|
threads|tbbmalloc|leaftree_lck|200000|100|8|False|
threads|lockfree|leaftree_lck|200000|100|8|True|
threads|rpmalloc|leaftree_lck|200000|100|8|False|
threads|glibc|leaftree_lck|200000|100|8|False|
threads|deqalloc|leaftree_lck|200000|100|16|False|
threads|deqalloc_genericdeque|leaftree_lck|200000|100|16|False|
threads|mimalloc|leaftree_lck|200000|100|16|False|
threads|jemalloc|leaftree_lck|200000|100|16|True|
threads|snmalloc|leaftree_lck|200000|100|16|False|
threads|hoard|leaftree_lck|200000|100|16|True|
threads|tcmalloc|leaftree_lck|200000|100|16|False|
threads|tbbmalloc|leaftree_lck|200000|100|16|False|
threads|lockfree|leaftree_lck|200000|100|16|True|
threads|rpmalloc|leaftree_lck|200000|100|16|False|
threads|glibc|leaftree_lck|200000|100|16|False|
threads|deqalloc|leaftree_lck|200000|100|32|False|
threads|deqalloc_genericdeque|leaftree_lck|200000|100|32|False|
threads|mimalloc|leaftree_lck|200000|100|32|False|
threads|jemalloc|leaftree_lck|200000|100|32|True|
threads|snmalloc|leaftree_lck|200000|100|32|False|
threads|hoard|leaftree_lck|200000|100|32|True|
threads|tcmalloc|leaftree_lck|200000|100|32|False|
threads|tbbmalloc|leaftree_lck|200000|100|32|False|
threads|lockfree|leaftree_lck|200000|100|32|True|
threads|rpmalloc|leaftree_lck|200000|100|32|False|
threads|glibc|leaftree_lck|200000|100|32|False|
threads|deqalloc|leaftree_lck|200000|100|64|False|
threads|deqalloc_genericdeque|leaftree_lck|200000|100|64|False|
threads|mimalloc|leaftree_lck|200000|100|64|False|
threads|jemalloc|leaftree_lck|200000|100|64|True|
threads|snmalloc|leaftree_lck|200000|100|64|False|
threads|hoard|leaftree_lck|200000|100|64|True|
threads|tcmalloc|leaftree_lck|200000|100|64|False|
threads|tbbmalloc|leaftree_lck|200000|100|64|False|
threads|lockfree|leaftree_lck|200000|100|64|True|
threads|rpmalloc|leaftree_lck|200000|100|64|False|
threads|glibc|leaftree_lck|200000|100|64|False|
threads|deqalloc|leaftree_lck|200000|100|96|False|
threads|deqalloc_genericdeque|leaftree_lck|200000|100|96|False|
threads|mimalloc|leaftree_lck|200000|100|96|False|
threads|jemalloc|leaftree_lck|200000|100|96|True|
threads|snmalloc|leaftree_lck|200000|100|96|False|
threads|hoard|leaftree_lck|200000|100|96|True|
threads|tcmalloc|leaftree_lck|200000|100|96|False|
threads|tbbmalloc|leaftree_lck|200000|100|96|False|
threads|lockfree|leaftree_lck|200000|100|96|True|
threads|rpmalloc|leaftree_lck|200000|100|96|False|
threads|glibc|leaftree_lck|200000|100|96|False|
threads|deqalloc|leaftree_lck|200000|100|128|False|
threads|deqalloc_genericdeque|leaftree_lck|200000|100|128|False|
threads|mimalloc|leaftree_lck|200000|100|128|False|
threads|jemalloc|leaftree_lck|200000|100|128|True|
threads|snmalloc|leaftree_lck|200000|100|128|False|
threads|hoard|leaftree_lck|200000|100|128|True|
threads|tcmalloc|leaftree_lck|200000|100|128|False|
threads|tbbmalloc|leaftree_lck|200000|100|128|False|
threads|lockfree|leaftree_lck|200000|100|128|True|
threads|rpmalloc|leaftree_lck|200000|100|128|False|
threads|glibc|leaftree_lck|200000|100|128|False|
threads|deqalloc|leaftree_lck|200000|100|192|False|
threads|deqalloc_genericdeque|leaftree_lck|200000|100|192|False|
threads|mimalloc|leaftree_lck|200000|100|192|False|
threads|jemalloc|leaftree_lck|200000|100|192|True|
threads|snmalloc|leaftree_lck|200000|100|192|False|
threads|hoard|leaftree_lck|200000|100|192|True|
threads|tcmalloc|leaftree_lck|200000|100|192|False|
threads|tbbmalloc|leaftree_lck|200000|100|192|False|
threads|lockfree|leaftree_lck|200000|100|192|True|
threads|rpmalloc|leaftree_lck|200000|100|192|False|
threads|glibc|leaftree_lck|200000|100|192|False|
threads|deqalloc|leaftree_lck|200000|100|384|False|
threads|deqalloc_genericdeque|leaftree_lck|200000|100|384|False|
threads|mimalloc|leaftree_lck|200000|100|384|False|
threads|jemalloc|leaftree_lck|200000|100|384|True|
threads|snmalloc|leaftree_lck|200000|100|384|False|
threads|hoard|leaftree_lck|200000|100|384|True|
threads|tcmalloc|leaftree_lck|200000|100|384|False|
threads|tbbmalloc|leaftree_lck|200000|100|384|False|
threads|lockfree|leaftree_lck|200000|100|384|True|
threads|rpmalloc|leaftree_lck|200000|100|384|False|
threads|glibc|leaftree_lck|200000|100|384|False|
threads|deqalloc|skiplist_lck|200000|100|1|False|
threads|deqalloc_genericdeque|skiplist_lck|200000|100|1|False|
threads|mimalloc|skiplist_lck|200000|100|1|False|
threads|jemalloc|skiplist_lck|200000|100|1|True|
threads|snmalloc|skiplist_lck|200000|100|1|False|
threads|hoard|skiplist_lck|200000|100|1|True|
threads|tcmalloc|skiplist_lck|200000|100|1|False|
threads|tbbmalloc|skiplist_lck|200000|100|1|False|
threads|lockfree|skiplist_lck|200000|100|1|True|
threads|rpmalloc|skiplist_lck|200000|100|1|False|
threads|glibc|skiplist_lck|200000|100|1|False|
threads|deqalloc|skiplist_lck|200000|100|2|False|
threads|deqalloc_genericdeque|skiplist_lck|200000|100|2|False|
threads|mimalloc|skiplist_lck|200000|100|2|False|
threads|jemalloc|skiplist_lck|200000|100|2|True|
threads|snmalloc|skiplist_lck|200000|100|2|False|
threads|hoard|skiplist_lck|200000|100|2|True|
threads|tcmalloc|skiplist_lck|200000|100|2|False|
threads|tbbmalloc|skiplist_lck|200000|100|2|False|
threads|lockfree|skiplist_lck|200000|100|2|True|
threads|rpmalloc|skiplist_lck|200000|100|2|False|
threads|glibc|skiplist_lck|200000|100|2|False|
threads|deqalloc|skiplist_lck|200000|100|4|False|
threads|deqalloc_genericdeque|skiplist_lck|200000|100|4|False|
threads|mimalloc|skiplist_lck|200000|100|4|False|
threads|jemalloc|skiplist_lck|200000|100|4|True|
threads|snmalloc|skiplist_lck|200000|100|4|False|
threads|hoard|skiplist_lck|200000|100|4|True|
threads|tcmalloc|skiplist_lck|200000|100|4|False|
threads|tbbmalloc|skiplist_lck|200000|100|4|False|
threads|lockfree|skiplist_lck|200000|100|4|True|
threads|rpmalloc|skiplist_lck|200000|100|4|False|
threads|glibc|skiplist_lck|200000|100|4|False|
threads|deqalloc|skiplist_lck|200000|100|8|False|
threads|deqalloc_genericdeque|skiplist_lck|200000|100|8|False|
threads|mimalloc|skiplist_lck|200000|100|8|False|
threads|jemalloc|skiplist_lck|200000|100|8|True|
threads|snmalloc|skiplist_lck|200000|100|8|False|
threads|hoard|skiplist_lck|200000|100|8|True|
threads|tcmalloc|skiplist_lck|200000|100|8|False|
threads|tbbmalloc|skiplist_lck|200000|100|8|False|
threads|lockfree|skiplist_lck|200000|100|8|True|
threads|rpmalloc|skiplist_lck|200000|100|8|False|
threads|glibc|skiplist_lck|200000|100|8|False|
threads|deqalloc|skiplist_lck|200000|100|16|False|
threads|deqalloc_genericdeque|skiplist_lck|200000|100|16|False|
threads|mimalloc|skiplist_lck|200000|100|16|False|
threads|jemalloc|skiplist_lck|200000|100|16|True|
threads|snmalloc|skiplist_lck|200000|100|16|False|
threads|hoard|skiplist_lck|200000|100|16|True|
threads|tcmalloc|skiplist_lck|200000|100|16|False|
threads|tbbmalloc|skiplist_lck|200000|100|16|False|
threads|lockfree|skiplist_lck|200000|100|16|True|
threads|rpmalloc|skiplist_lck|200000|100|16|False|
threads|glibc|skiplist_lck|200000|100|16|False|
threads|deqalloc|skiplist_lck|200000|100|32|False|
threads|deqalloc_genericdeque|skiplist_lck|200000|100|32|False|
threads|mimalloc|skiplist_lck|200000|100|32|False|
threads|jemalloc|skiplist_lck|200000|100|32|True|
threads|snmalloc|skiplist_lck|200000|100|32|False|
threads|hoard|skiplist_lck|200000|100|32|True|
threads|tcmalloc|skiplist_lck|200000|100|32|False|
threads|tbbmalloc|skiplist_lck|200000|100|32|False|
threads|lockfree|skiplist_lck|200000|100|32|True|
threads|rpmalloc|skiplist_lck|200000|100|32|False|
threads|glibc|skiplist_lck|200000|100|32|False|
threads|deqalloc|skiplist_lck|200000|100|64|False|
threads|deqalloc_genericdeque|skiplist_lck|200000|100|64|False|
threads|mimalloc|skiplist_lck|200000|100|64|False|
threads|jemalloc|skiplist_lck|200000|100|64|True|
threads|snmalloc|skiplist_lck|200000|100|64|False|
threads|hoard|skiplist_lck|200000|100|64|True|
threads|tcmalloc|skiplist_lck|200000|100|64|False|
threads|tbbmalloc|skiplist_lck|200000|100|64|False|
threads|lockfree|skiplist_lck|200000|100|64|True|
threads|rpmalloc|skiplist_lck|200000|100|64|False|
threads|glibc|skiplist_lck|200000|100|64|False|
threads|deqalloc|skiplist_lck|200000|100|96|False|
threads|deqalloc_genericdeque|skiplist_lck|200000|100|96|False|
threads|mimalloc|skiplist_lck|200000|100|96|False|
threads|jemalloc|skiplist_lck|200000|100|96|True|
threads|snmalloc|skiplist_lck|200000|100|96|False|
threads|hoard|skiplist_lck|200000|100|96|True|
threads|tcmalloc|skiplist_lck|200000|100|96|False|
threads|tbbmalloc|skiplist_lck|200000|100|96|False|
threads|lockfree|skiplist_lck|200000|100|96|True|
threads|rpmalloc|skiplist_lck|200000|100|96|False|
threads|glibc|skiplist_lck|200000|100|96|False|
threads|deqalloc|skiplist_lck|200000|100|128|False|
threads|deqalloc_genericdeque|skiplist_lck|200000|100|128|False|
threads|mimalloc|skiplist_lck|200000|100|128|False|
threads|jemalloc|skiplist_lck|200000|100|128|True|
threads|snmalloc|skiplist_lck|200000|100|128|False|
threads|hoard|skiplist_lck|200000|100|128|True|
threads|tcmalloc|skiplist_lck|200000|100|128|False|
threads|tbbmalloc|skiplist_lck|200000|100|128|False|
threads|lockfree|skiplist_lck|200000|100|128|True|
threads|rpmalloc|skiplist_lck|200000|100|128|False|
threads|glibc|skiplist_lck|200000|100|128|False|
threads|deqalloc|skiplist_lck|200000|100|192|False|
threads|deqalloc_genericdeque|skiplist_lck|200000|100|192|False|
threads|mimalloc|skiplist_lck|200000|100|192|False|
threads|jemalloc|skiplist_lck|200000|100|192|True|
threads|snmalloc|skiplist_lck|200000|100|192|False|
threads|hoard|skiplist_lck|200000|100|192|True|
threads|tcmalloc|skiplist_lck|200000|100|192|False|
threads|tbbmalloc|skiplist_lck|200000|100|192|False|
threads|lockfree|skiplist_lck|200000|100|192|True|
threads|rpmalloc|skiplist_lck|200000|100|192|False|
threads|glibc|skiplist_lck|200000|100|192|False|
threads|deqalloc|skiplist_lck|200000|100|384|False|
threads|deqalloc_genericdeque|skiplist_lck|200000|100|384|False|
threads|mimalloc|skiplist_lck|200000|100|384|False|
threads|jemalloc|skiplist_lck|200000|100|384|True|
threads|snmalloc|skiplist_lck|200000|100|384|False|
threads|hoard|skiplist_lck|200000|100|384|True|
threads|tcmalloc|skiplist_lck|200000|100|384|False|
threads|tbbmalloc|skiplist_lck|200000|100|384|False|
threads|lockfree|skiplist_lck|200000|100|384|True|
threads|rpmalloc|skiplist_lck|200000|100|384|False|
threads|glibc|skiplist_lck|200000|100|384|False|
threads|deqalloc|arttree_lck|200000|100|1|False|
threads|deqalloc_genericdeque|arttree_lck|200000|100|1|False|
threads|mimalloc|arttree_lck|200000|100|1|False|
threads|jemalloc|arttree_lck|200000|100|1|True|
threads|snmalloc|arttree_lck|200000|100|1|False|
threads|hoard|arttree_lck|200000|100|1|True|
threads|tcmalloc|arttree_lck|200000|100|1|False|
threads|tbbmalloc|arttree_lck|200000|100|1|False|
threads|lockfree|arttree_lck|200000|100|1|True|
threads|rpmalloc|arttree_lck|200000|100|1|False|
threads|glibc|arttree_lck|200000|100|1|False|
threads|deqalloc|arttree_lck|200000|100|2|False|
threads|deqalloc_genericdeque|arttree_lck|200000|100|2|False|
threads|mimalloc|arttree_lck|200000|100|2|False|
threads|jemalloc|arttree_lck|200000|100|2|True|
threads|snmalloc|arttree_lck|200000|100|2|False|
threads|hoard|arttree_lck|200000|100|2|True|
threads|tcmalloc|arttree_lck|200000|100|2|False|
threads|tbbmalloc|arttree_lck|200000|100|2|False|
threads|lockfree|arttree_lck|200000|100|2|True|
threads|rpmalloc|arttree_lck|200000|100|2|False|
threads|glibc|arttree_lck|200000|100|2|False|
threads|deqalloc|arttree_lck|200000|100|4|False|
threads|deqalloc_genericdeque|arttree_lck|200000|100|4|False|
threads|mimalloc|arttree_lck|200000|100|4|False|
threads|jemalloc|arttree_lck|200000|100|4|True|
threads|snmalloc|arttree_lck|200000|100|4|False|
threads|hoard|arttree_lck|200000|100|4|True|
threads|tcmalloc|arttree_lck|200000|100|4|False|
threads|tbbmalloc|arttree_lck|200000|100|4|False|
threads|lockfree|arttree_lck|200000|100|4|True|
threads|rpmalloc|arttree_lck|200000|100|4|False|
threads|glibc|arttree_lck|200000|100|4|False|
threads|deqalloc|arttree_lck|200000|100|8|False|
threads|deqalloc_genericdeque|arttree_lck|200000|100|8|False|
threads|mimalloc|arttree_lck|200000|100|8|False|
threads|jemalloc|arttree_lck|200000|100|8|True|
threads|snmalloc|arttree_lck|200000|100|8|False|
threads|hoard|arttree_lck|200000|100|8|True|
threads|tcmalloc|arttree_lck|200000|100|8|False|
threads|tbbmalloc|arttree_lck|200000|100|8|False|
threads|lockfree|arttree_lck|200000|100|8|True|
threads|rpmalloc|arttree_lck|200000|100|8|False|
threads|glibc|arttree_lck|200000|100|8|False|
threads|deqalloc|arttree_lck|200000|100|16|False|
threads|deqalloc_genericdeque|arttree_lck|200000|100|16|False|
threads|mimalloc|arttree_lck|200000|100|16|False|
threads|jemalloc|arttree_lck|200000|100|16|True|
threads|snmalloc|arttree_lck|200000|100|16|False|
threads|hoard|arttree_lck|200000|100|16|True|
threads|tcmalloc|arttree_lck|200000|100|16|False|
threads|tbbmalloc|arttree_lck|200000|100|16|False|
threads|lockfree|arttree_lck|200000|100|16|True|
threads|rpmalloc|arttree_lck|200000|100|16|False|
threads|glibc|arttree_lck|200000|100|16|False|
threads|deqalloc|arttree_lck|200000|100|32|False|
threads|deqalloc_genericdeque|arttree_lck|200000|100|32|False|
threads|mimalloc|arttree_lck|200000|100|32|False|
threads|jemalloc|arttree_lck|200000|100|32|True|
threads|snmalloc|arttree_lck|200000|100|32|False|
threads|hoard|arttree_lck|200000|100|32|True|
threads|tcmalloc|arttree_lck|200000|100|32|False|
threads|tbbmalloc|arttree_lck|200000|100|32|False|
threads|lockfree|arttree_lck|200000|100|32|True|
threads|rpmalloc|arttree_lck|200000|100|32|False|
threads|glibc|arttree_lck|200000|100|32|False|
threads|deqalloc|arttree_lck|200000|100|64|False|
threads|deqalloc_genericdeque|arttree_lck|200000|100|64|False|
threads|mimalloc|arttree_lck|200000|100|64|False|
threads|jemalloc|arttree_lck|200000|100|64|True|
threads|snmalloc|arttree_lck|200000|100|64|False|
threads|hoard|arttree_lck|200000|100|64|True|
threads|tcmalloc|arttree_lck|200000|100|64|False|
threads|tbbmalloc|arttree_lck|200000|100|64|False|
threads|lockfree|arttree_lck|200000|100|64|True|
threads|rpmalloc|arttree_lck|200000|100|64|False|
threads|glibc|arttree_lck|200000|100|64|False|
threads|deqalloc|arttree_lck|200000|100|96|False|
threads|deqalloc_genericdeque|arttree_lck|200000|100|96|False|
threads|mimalloc|arttree_lck|200000|100|96|False|
threads|jemalloc|arttree_lck|200000|100|96|True|
threads|snmalloc|arttree_lck|200000|100|96|False|
threads|hoard|arttree_lck|200000|100|96|True|
threads|tcmalloc|arttree_lck|200000|100|96|False|
threads|tbbmalloc|arttree_lck|200000|100|96|False|
threads|lockfree|arttree_lck|200000|100|96|True|
threads|rpmalloc|arttree_lck|200000|100|96|False|
threads|glibc|arttree_lck|200000|100|96|False|
threads|deqalloc|arttree_lck|200000|100|128|False|
threads|deqalloc_genericdeque|arttree_lck|200000|100|128|False|
threads|mimalloc|arttree_lck|200000|100|128|False|
threads|jemalloc|arttree_lck|200000|100|128|True|
threads|snmalloc|arttree_lck|200000|100|128|False|
threads|hoard|arttree_lck|200000|100|128|True|
threads|tcmalloc|arttree_lck|200000|100|128|False|
threads|tbbmalloc|arttree_lck|200000|100|128|False|
threads|lockfree|arttree_lck|200000|100|128|True|
threads|rpmalloc|arttree_lck|200000|100|128|False|
threads|glibc|arttree_lck|200000|100|128|False|
threads|deqalloc|arttree_lck|200000|100|192|False|
threads|deqalloc_genericdeque|arttree_lck|200000|100|192|False|
threads|mimalloc|arttree_lck|200000|100|192|False|
threads|jemalloc|arttree_lck|200000|100|192|True|
threads|snmalloc|arttree_lck|200000|100|192|False|
threads|hoard|arttree_lck|200000|100|192|True|
threads|tcmalloc|arttree_lck|200000|100|192|False|
threads|tbbmalloc|arttree_lck|200000|100|192|False|
threads|lockfree|arttree_lck|200000|100|192|True|
threads|rpmalloc|arttree_lck|200000|100|192|False|
threads|glibc|arttree_lck|200000|100|192|False|
threads|deqalloc|arttree_lck|200000|100|384|False|
threads|deqalloc_genericdeque|arttree_lck|200000|100|384|False|
threads|mimalloc|arttree_lck|200000|100|384|False|
threads|jemalloc|arttree_lck|200000|100|384|True|
threads|snmalloc|arttree_lck|200000|100|384|False|
threads|hoard|arttree_lck|200000|100|384|True|
threads|tcmalloc|arttree_lck|200000|100|384|False|
threads|tbbmalloc|arttree_lck|200000|100|384|False|
threads|lockfree|arttree_lck|200000|100|384|True|
threads|rpmalloc|arttree_lck|200000|100|384|False|
threads|glibc|arttree_lck|200000|100|384|False|
threads|deqalloc|list_lck|2000|100|1|False|
threads|deqalloc_genericdeque|list_lck|2000|100|1|False|
threads|mimalloc|list_lck|2000|100|1|False|
threads|jemalloc|list_lck|2000|100|1|True|
threads|snmalloc|list_lck|2000|100|1|False|
threads|hoard|list_lck|2000|100|1|True|
threads|tcmalloc|list_lck|2000|100|1|False|
threads|tbbmalloc|list_lck|2000|100|1|False|
threads|lockfree|list_lck|2000|100|1|True|
threads|rpmalloc|list_lck|2000|100|1|False|
threads|glibc|list_lck|2000|100|1|False|
threads|deqalloc|list_lck|2000|100|2|False|
threads|deqalloc_genericdeque|list_lck|2000|100|2|False|
threads|mimalloc|list_lck|2000|100|2|False|
threads|jemalloc|list_lck|2000|100|2|True|
threads|snmalloc|list_lck|2000|100|2|False|
threads|hoard|list_lck|2000|100|2|True|
threads|tcmalloc|list_lck|2000|100|2|False|
threads|tbbmalloc|list_lck|2000|100|2|False|
threads|lockfree|list_lck|2000|100|2|True|
threads|rpmalloc|list_lck|2000|100|2|False|
threads|glibc|list_lck|2000|100|2|False|
threads|deqalloc|list_lck|2000|100|4|False|
threads|deqalloc_genericdeque|list_lck|2000|100|4|False|
threads|mimalloc|list_lck|2000|100|4|False|
threads|jemalloc|list_lck|2000|100|4|True|
threads|snmalloc|list_lck|2000|100|4|False|
threads|hoard|list_lck|2000|100|4|True|
threads|tcmalloc|list_lck|2000|100|4|False|
threads|tbbmalloc|list_lck|2000|100|4|False|
threads|lockfree|list_lck|2000|100|4|True|
threads|rpmalloc|list_lck|2000|100|4|False|
threads|glibc|list_lck|2000|100|4|False|
threads|deqalloc|list_lck|2000|100|8|False|
threads|deqalloc_genericdeque|list_lck|2000|100|8|False|
threads|mimalloc|list_lck|2000|100|8|False|
threads|jemalloc|list_lck|2000|100|8|True|
threads|snmalloc|list_lck|2000|100|8|False|
threads|hoard|list_lck|2000|100|8|True|
threads|tcmalloc|list_lck|2000|100|8|False|
threads|tbbmalloc|list_lck|2000|100|8|False|
threads|lockfree|list_lck|2000|100|8|True|
threads|rpmalloc|list_lck|2000|100|8|False|
threads|glibc|list_lck|2000|100|8|False|
threads|deqalloc|list_lck|2000|100|16|False|
threads|deqalloc_genericdeque|list_lck|2000|100|16|False|
threads|mimalloc|list_lck|2000|100|16|False|
threads|jemalloc|list_lck|2000|100|16|True|
threads|snmalloc|list_lck|2000|100|16|False|
threads|hoard|list_lck|2000|100|16|True|
threads|tcmalloc|list_lck|2000|100|16|False|
threads|tbbmalloc|list_lck|2000|100|16|False|
threads|lockfree|list_lck|2000|100|16|True|
threads|rpmalloc|list_lck|2000|100|16|False|
threads|glibc|list_lck|2000|100|16|False|
threads|deqalloc|list_lck|2000|100|32|False|
threads|deqalloc_genericdeque|list_lck|2000|100|32|False|
threads|mimalloc|list_lck|2000|100|32|False|
threads|jemalloc|list_lck|2000|100|32|True|
threads|snmalloc|list_lck|2000|100|32|False|
threads|hoard|list_lck|2000|100|32|True|
threads|tcmalloc|list_lck|2000|100|32|False|
threads|tbbmalloc|list_lck|2000|100|32|False|
threads|lockfree|list_lck|2000|100|32|True|
threads|rpmalloc|list_lck|2000|100|32|False|
threads|glibc|list_lck|2000|100|32|False|
threads|deqalloc|list_lck|2000|100|64|False|
threads|deqalloc_genericdeque|list_lck|2000|100|64|False|
threads|mimalloc|list_lck|2000|100|64|False|
threads|jemalloc|list_lck|2000|100|64|True|
threads|snmalloc|list_lck|2000|100|64|False|
threads|hoard|list_lck|2000|100|64|True|
threads|tcmalloc|list_lck|2000|100|64|False|
threads|tbbmalloc|list_lck|2000|100|64|False|
threads|lockfree|list_lck|2000|100|64|True|
threads|rpmalloc|list_lck|2000|100|64|False|
threads|glibc|list_lck|2000|100|64|False|
threads|deqalloc|list_lck|2000|100|96|False|
threads|deqalloc_genericdeque|list_lck|2000|100|96|False|
threads|mimalloc|list_lck|2000|100|96|False|
threads|jemalloc|list_lck|2000|100|96|True|
threads|snmalloc|list_lck|2000|100|96|False|
threads|hoard|list_lck|2000|100|96|True|
threads|tcmalloc|list_lck|2000|100|96|False|
threads|tbbmalloc|list_lck|2000|100|96|False|
threads|lockfree|list_lck|2000|100|96|True|
threads|rpmalloc|list_lck|2000|100|96|False|
threads|glibc|list_lck|2000|100|96|False|
threads|deqalloc|list_lck|2000|100|128|False|
threads|deqalloc_genericdeque|list_lck|2000|100|128|False|
threads|mimalloc|list_lck|2000|100|128|False|
threads|jemalloc|list_lck|2000|100|128|True|
threads|snmalloc|list_lck|2000|100|128|False|
threads|hoard|list_lck|2000|100|128|True|
threads|tcmalloc|list_lck|2000|100|128|False|
threads|tbbmalloc|list_lck|2000|100|128|False|
threads|lockfree|list_lck|2000|100|128|True|
threads|rpmalloc|list_lck|2000|100|128|False|
threads|glibc|list_lck|2000|100|128|False|
threads|deqalloc|list_lck|2000|100|192|False|
threads|deqalloc_genericdeque|list_lck|2000|100|192|False|
threads|mimalloc|list_lck|2000|100|192|False|
threads|jemalloc|list_lck|2000|100|192|True|
threads|snmalloc|list_lck|2000|100|192|False|
threads|hoard|list_lck|2000|100|192|True|
threads|tcmalloc|list_lck|2000|100|192|False|
threads|tbbmalloc|list_lck|2000|100|192|False|
threads|lockfree|list_lck|2000|100|192|True|
threads|rpmalloc|list_lck|2000|100|192|False|
threads|glibc|list_lck|2000|100|192|False|
threads|deqalloc|list_lck|2000|100|384|False|
threads|deqalloc_genericdeque|list_lck|2000|100|384|False|
threads|mimalloc|list_lck|2000|100|384|False|
threads|jemalloc|list_lck|2000|100|384|True|
threads|snmalloc|list_lck|2000|100|384|False|
threads|hoard|list_lck|2000|100|384|True|
threads|tcmalloc|list_lck|2000|100|384|False|
threads|tbbmalloc|list_lck|2000|100|384|False|
threads|lockfree|list_lck|2000|100|384|True|
threads|rpmalloc|list_lck|2000|100|384|False|
threads|glibc|list_lck|2000|100|384|False|
sizes|deqalloc|btree_lck|5000|100|192|False|
sizes|deqalloc_genericdeque|btree_lck|5000|100|192|False|
sizes|mimalloc|btree_lck|5000|100|192|False|
sizes|jemalloc|btree_lck|5000|100|192|True|
sizes|snmalloc|btree_lck|5000|100|192|False|
sizes|hoard|btree_lck|5000|100|192|True|
sizes|tcmalloc|btree_lck|5000|100|192|False|
sizes|tbbmalloc|btree_lck|5000|100|192|False|
sizes|lockfree|btree_lck|5000|100|192|True|
sizes|rpmalloc|btree_lck|5000|100|192|False|
sizes|glibc|btree_lck|5000|100|192|False|
sizes|deqalloc|hash_block_lck|5000|100|192|False|
sizes|deqalloc_genericdeque|hash_block_lck|5000|100|192|False|
sizes|mimalloc|hash_block_lck|5000|100|192|False|
sizes|jemalloc|hash_block_lck|5000|100|192|True|
sizes|snmalloc|hash_block_lck|5000|100|192|False|
sizes|hoard|hash_block_lck|5000|100|192|True|
sizes|tcmalloc|hash_block_lck|5000|100|192|False|
sizes|tbbmalloc|hash_block_lck|5000|100|192|False|
sizes|lockfree|hash_block_lck|5000|100|192|True|
sizes|rpmalloc|hash_block_lck|5000|100|192|False|
sizes|glibc|hash_block_lck|5000|100|192|False|
sizes|deqalloc|leaftree_lck|5000|100|192|False|
sizes|deqalloc_genericdeque|leaftree_lck|5000|100|192|False|
sizes|mimalloc|leaftree_lck|5000|100|192|False|
sizes|jemalloc|leaftree_lck|5000|100|192|True|
sizes|snmalloc|leaftree_lck|5000|100|192|False|
sizes|hoard|leaftree_lck|5000|100|192|True|
sizes|tcmalloc|leaftree_lck|5000|100|192|False|
sizes|tbbmalloc|leaftree_lck|5000|100|192|False|
sizes|lockfree|leaftree_lck|5000|100|192|True|
sizes|rpmalloc|leaftree_lck|5000|100|192|False|
sizes|glibc|leaftree_lck|5000|100|192|False|
sizes|deqalloc|skiplist_lck|5000|100|192|False|
sizes|deqalloc_genericdeque|skiplist_lck|5000|100|192|False|
sizes|mimalloc|skiplist_lck|5000|100|192|False|
sizes|jemalloc|skiplist_lck|5000|100|192|True|
sizes|snmalloc|skiplist_lck|5000|100|192|False|
sizes|hoard|skiplist_lck|5000|100|192|True|
sizes|tcmalloc|skiplist_lck|5000|100|192|False|
sizes|tbbmalloc|skiplist_lck|5000|100|192|False|
sizes|lockfree|skiplist_lck|5000|100|192|True|
sizes|rpmalloc|skiplist_lck|5000|100|192|False|
sizes|glibc|skiplist_lck|5000|100|192|False|
sizes|deqalloc|arttree_lck|5000|100|192|False|
sizes|deqalloc_genericdeque|arttree_lck|5000|100|192|False|
sizes|mimalloc|arttree_lck|5000|100|192|False|
sizes|jemalloc|arttree_lck|5000|100|192|True|
sizes|snmalloc|arttree_lck|5000|100|192|False|
sizes|hoard|arttree_lck|5000|100|192|True|
sizes|tcmalloc|arttree_lck|5000|100|192|False|
sizes|tbbmalloc|arttree_lck|5000|100|192|False|
sizes|lockfree|arttree_lck|5000|100|192|True|
sizes|rpmalloc|arttree_lck|5000|100|192|False|
sizes|glibc|arttree_lck|5000|100|192|False|
sizes|deqalloc|list_lck|500|100|192|False|
sizes|deqalloc_genericdeque|list_lck|500|100|192|False|
sizes|mimalloc|list_lck|500|100|192|False|
sizes|jemalloc|list_lck|500|100|192|True|
sizes|snmalloc|list_lck|500|100|192|False|
sizes|hoard|list_lck|500|100|192|True|
sizes|tcmalloc|list_lck|500|100|192|False|
sizes|tbbmalloc|list_lck|500|100|192|False|
sizes|lockfree|list_lck|500|100|192|True|
sizes|rpmalloc|list_lck|500|100|192|False|
sizes|glibc|list_lck|500|100|192|False|
sizes|deqalloc|btree_lck|200000|100|192|False|
sizes|deqalloc_genericdeque|btree_lck|200000|100|192|False|
sizes|mimalloc|btree_lck|200000|100|192|False|
sizes|jemalloc|btree_lck|200000|100|192|True|
sizes|snmalloc|btree_lck|200000|100|192|False|
sizes|hoard|btree_lck|200000|100|192|True|
sizes|tcmalloc|btree_lck|200000|100|192|False|
sizes|tbbmalloc|btree_lck|200000|100|192|False|
sizes|lockfree|btree_lck|200000|100|192|True|
sizes|rpmalloc|btree_lck|200000|100|192|False|
sizes|glibc|btree_lck|200000|100|192|False|
sizes|deqalloc|hash_block_lck|200000|100|192|False|
sizes|deqalloc_genericdeque|hash_block_lck|200000|100|192|False|
sizes|mimalloc|hash_block_lck|200000|100|192|False|
sizes|jemalloc|hash_block_lck|200000|100|192|True|
sizes|snmalloc|hash_block_lck|200000|100|192|False|
sizes|hoard|hash_block_lck|200000|100|192|True|
sizes|tcmalloc|hash_block_lck|200000|100|192|False|
sizes|tbbmalloc|hash_block_lck|200000|100|192|False|
sizes|lockfree|hash_block_lck|200000|100|192|True|
sizes|rpmalloc|hash_block_lck|200000|100|192|False|
sizes|glibc|hash_block_lck|200000|100|192|False|
sizes|deqalloc|leaftree_lck|200000|100|192|False|
sizes|deqalloc_genericdeque|leaftree_lck|200000|100|192|False|
sizes|mimalloc|leaftree_lck|200000|100|192|False|
sizes|jemalloc|leaftree_lck|200000|100|192|True|
sizes|snmalloc|leaftree_lck|200000|100|192|False|
sizes|hoard|leaftree_lck|200000|100|192|True|
sizes|tcmalloc|leaftree_lck|200000|100|192|False|
sizes|tbbmalloc|leaftree_lck|200000|100|192|False|
sizes|lockfree|leaftree_lck|200000|100|192|True|
sizes|rpmalloc|leaftree_lck|200000|100|192|False|
sizes|glibc|leaftree_lck|200000|100|192|False|
sizes|deqalloc|skiplist_lck|200000|100|192|False|
sizes|deqalloc_genericdeque|skiplist_lck|200000|100|192|False|
sizes|mimalloc|skiplist_lck|200000|100|192|False|
sizes|jemalloc|skiplist_lck|200000|100|192|True|
sizes|snmalloc|skiplist_lck|200000|100|192|False|
sizes|hoard|skiplist_lck|200000|100|192|True|
sizes|tcmalloc|skiplist_lck|200000|100|192|False|
sizes|tbbmalloc|skiplist_lck|200000|100|192|False|
sizes|lockfree|skiplist_lck|200000|100|192|True|
sizes|rpmalloc|skiplist_lck|200000|100|192|False|
sizes|glibc|skiplist_lck|200000|100|192|False|
sizes|deqalloc|arttree_lck|200000|100|192|False|
sizes|deqalloc_genericdeque|arttree_lck|200000|100|192|False|
sizes|mimalloc|arttree_lck|200000|100|192|False|
sizes|jemalloc|arttree_lck|200000|100|192|True|
sizes|snmalloc|arttree_lck|200000|100|192|False|
sizes|hoard|arttree_lck|200000|100|192|True|
sizes|tcmalloc|arttree_lck|200000|100|192|False|
sizes|tbbmalloc|arttree_lck|200000|100|192|False|
sizes|lockfree|arttree_lck|200000|100|192|True|
sizes|rpmalloc|arttree_lck|200000|100|192|False|
sizes|glibc|arttree_lck|200000|100|192|False|
sizes|deqalloc|list_lck|2000|100|192|False|
sizes|deqalloc_genericdeque|list_lck|2000|100|192|False|
sizes|mimalloc|list_lck|2000|100|192|False|
sizes|jemalloc|list_lck|2000|100|192|True|
sizes|snmalloc|list_lck|2000|100|192|False|
sizes|hoard|list_lck|2000|100|192|True|
sizes|tcmalloc|list_lck|2000|100|192|False|
sizes|tbbmalloc|list_lck|2000|100|192|False|
sizes|lockfree|list_lck|2000|100|192|True|
sizes|rpmalloc|list_lck|2000|100|192|False|
sizes|glibc|list_lck|2000|100|192|False|
sizes|deqalloc|btree_lck|20000000|100|192|False|
sizes|deqalloc_genericdeque|btree_lck|20000000|100|192|False|
sizes|mimalloc|btree_lck|20000000|100|192|False|
sizes|jemalloc|btree_lck|20000000|100|192|True|
sizes|snmalloc|btree_lck|20000000|100|192|False|
sizes|hoard|btree_lck|20000000|100|192|True|
sizes|tcmalloc|btree_lck|20000000|100|192|False|
sizes|tbbmalloc|btree_lck|20000000|100|192|False|
sizes|lockfree|btree_lck|20000000|100|192|True|
sizes|rpmalloc|btree_lck|20000000|100|192|False|
sizes|glibc|btree_lck|20000000|100|192|False|
sizes|deqalloc|hash_block_lck|20000000|100|192|False|
sizes|deqalloc_genericdeque|hash_block_lck|20000000|100|192|False|
sizes|mimalloc|hash_block_lck|20000000|100|192|False|
sizes|jemalloc|hash_block_lck|20000000|100|192|True|
sizes|snmalloc|hash_block_lck|20000000|100|192|False|
sizes|hoard|hash_block_lck|20000000|100|192|True|
sizes|tcmalloc|hash_block_lck|20000000|100|192|False|
sizes|tbbmalloc|hash_block_lck|20000000|100|192|False|
sizes|lockfree|hash_block_lck|20000000|100|192|True|
sizes|rpmalloc|hash_block_lck|20000000|100|192|False|
sizes|glibc|hash_block_lck|20000000|100|192|False|
sizes|deqalloc|leaftree_lck|20000000|100|192|False|
sizes|deqalloc_genericdeque|leaftree_lck|20000000|100|192|False|
sizes|mimalloc|leaftree_lck|20000000|100|192|False|
sizes|jemalloc|leaftree_lck|20000000|100|192|True|
sizes|snmalloc|leaftree_lck|20000000|100|192|False|
sizes|hoard|leaftree_lck|20000000|100|192|True|
sizes|tcmalloc|leaftree_lck|20000000|100|192|False|
sizes|tbbmalloc|leaftree_lck|20000000|100|192|False|
sizes|lockfree|leaftree_lck|20000000|100|192|True|
sizes|rpmalloc|leaftree_lck|20000000|100|192|False|
sizes|glibc|leaftree_lck|20000000|100|192|False|
sizes|deqalloc|skiplist_lck|20000000|100|192|False|
sizes|deqalloc_genericdeque|skiplist_lck|20000000|100|192|False|
sizes|mimalloc|skiplist_lck|20000000|100|192|False|
sizes|jemalloc|skiplist_lck|20000000|100|192|True|
sizes|snmalloc|skiplist_lck|20000000|100|192|False|
sizes|hoard|skiplist_lck|20000000|100|192|True|
sizes|tcmalloc|skiplist_lck|20000000|100|192|False|
sizes|tbbmalloc|skiplist_lck|20000000|100|192|False|
sizes|lockfree|skiplist_lck|20000000|100|192|True|
sizes|rpmalloc|skiplist_lck|20000000|100|192|False|
sizes|glibc|skiplist_lck|20000000|100|192|False|
sizes|deqalloc|arttree_lck|20000000|100|192|False|
sizes|deqalloc_genericdeque|arttree_lck|20000000|100|192|False|
sizes|mimalloc|arttree_lck|20000000|100|192|False|
sizes|jemalloc|arttree_lck|20000000|100|192|True|
sizes|snmalloc|arttree_lck|20000000|100|192|False|
sizes|hoard|arttree_lck|20000000|100|192|True|
sizes|tcmalloc|arttree_lck|20000000|100|192|False|
sizes|tbbmalloc|arttree_lck|20000000|100|192|False|
sizes|lockfree|arttree_lck|20000000|100|192|True|
sizes|rpmalloc|arttree_lck|20000000|100|192|False|
sizes|glibc|arttree_lck|20000000|100|192|False|
sizes|deqalloc|list_lck|10000|100|192|False|
sizes|deqalloc_genericdeque|list_lck|10000|100|192|False|
sizes|mimalloc|list_lck|10000|100|192|False|
sizes|jemalloc|list_lck|10000|100|192|True|
sizes|snmalloc|list_lck|10000|100|192|False|
sizes|hoard|list_lck|10000|100|192|True|
sizes|tcmalloc|list_lck|10000|100|192|False|
sizes|tbbmalloc|list_lck|10000|100|192|False|
sizes|lockfree|list_lck|10000|100|192|True|
sizes|rpmalloc|list_lck|10000|100|192|False|
sizes|glibc|list_lck|10000|100|192|False|
sizes|deqalloc|btree_lck|200000000|100|192|False|
sizes|deqalloc_genericdeque|btree_lck|200000000|100|192|False|
sizes|mimalloc|btree_lck|200000000|100|192|False|
sizes|jemalloc|btree_lck|200000000|100|192|True|
sizes|snmalloc|btree_lck|200000000|100|192|False|
sizes|hoard|btree_lck|200000000|100|192|True|
sizes|tcmalloc|btree_lck|200000000|100|192|False|
sizes|tbbmalloc|btree_lck|200000000|100|192|False|
sizes|lockfree|btree_lck|200000000|100|192|True|
sizes|rpmalloc|btree_lck|200000000|100|192|False|
sizes|glibc|btree_lck|200000000|100|192|False|
sizes|deqalloc|hash_block_lck|200000000|100|192|False|
sizes|deqalloc_genericdeque|hash_block_lck|200000000|100|192|False|
sizes|mimalloc|hash_block_lck|200000000|100|192|False|
sizes|jemalloc|hash_block_lck|200000000|100|192|True|
sizes|snmalloc|hash_block_lck|200000000|100|192|False|
sizes|hoard|hash_block_lck|200000000|100|192|True|
sizes|tcmalloc|hash_block_lck|200000000|100|192|False|
sizes|tbbmalloc|hash_block_lck|200000000|100|192|False|
sizes|lockfree|hash_block_lck|200000000|100|192|True|
sizes|rpmalloc|hash_block_lck|200000000|100|192|False|
sizes|glibc|hash_block_lck|200000000|100|192|False|
sizes|deqalloc|leaftree_lck|200000000|100|192|False|
sizes|deqalloc_genericdeque|leaftree_lck|200000000|100|192|False|
sizes|mimalloc|leaftree_lck|200000000|100|192|False|
sizes|jemalloc|leaftree_lck|200000000|100|192|True|
sizes|snmalloc|leaftree_lck|200000000|100|192|False|
sizes|hoard|leaftree_lck|200000000|100|192|True|
sizes|tcmalloc|leaftree_lck|200000000|100|192|False|
sizes|tbbmalloc|leaftree_lck|200000000|100|192|False|
sizes|lockfree|leaftree_lck|200000000|100|192|True|
sizes|rpmalloc|leaftree_lck|200000000|100|192|False|
sizes|glibc|leaftree_lck|200000000|100|192|False|
sizes|deqalloc|skiplist_lck|200000000|100|192|False|
sizes|deqalloc_genericdeque|skiplist_lck|200000000|100|192|False|
sizes|mimalloc|skiplist_lck|200000000|100|192|False|
sizes|jemalloc|skiplist_lck|200000000|100|192|True|
sizes|snmalloc|skiplist_lck|200000000|100|192|False|
sizes|hoard|skiplist_lck|200000000|100|192|True|
sizes|tcmalloc|skiplist_lck|200000000|100|192|False|
sizes|tbbmalloc|skiplist_lck|200000000|100|192|False|
sizes|lockfree|skiplist_lck|200000000|100|192|True|
sizes|rpmalloc|skiplist_lck|200000000|100|192|False|
sizes|glibc|skiplist_lck|200000000|100|192|False|
sizes|deqalloc|arttree_lck|200000000|100|192|False|
sizes|deqalloc_genericdeque|arttree_lck|200000000|100|192|False|
sizes|mimalloc|arttree_lck|200000000|100|192|False|
sizes|jemalloc|arttree_lck|200000000|100|192|True|
sizes|snmalloc|arttree_lck|200000000|100|192|False|
sizes|hoard|arttree_lck|200000000|100|192|True|
sizes|tcmalloc|arttree_lck|200000000|100|192|False|
sizes|tbbmalloc|arttree_lck|200000000|100|192|False|
sizes|lockfree|arttree_lck|200000000|100|192|True|
sizes|rpmalloc|arttree_lck|200000000|100|192|False|
sizes|glibc|arttree_lck|200000000|100|192|False|
ablation_localseglist_sizes|deqalloc|btree_lck|5000|100|192|False|
ablation_localseglist_sizes|deqalloc_localseglist|btree_lck|5000|100|192|False|
ablation_localseglist_sizes|deqalloc|hash_block_lck|5000|100|192|False|
ablation_localseglist_sizes|deqalloc_localseglist|hash_block_lck|5000|100|192|False|
ablation_localseglist_sizes|deqalloc|leaftree_lck|5000|100|192|False|
ablation_localseglist_sizes|deqalloc_localseglist|leaftree_lck|5000|100|192|False|
ablation_localseglist_sizes|deqalloc|skiplist_lck|5000|100|192|False|
ablation_localseglist_sizes|deqalloc_localseglist|skiplist_lck|5000|100|192|False|
ablation_localseglist_sizes|deqalloc|arttree_lck|5000|100|192|False|
ablation_localseglist_sizes|deqalloc_localseglist|arttree_lck|5000|100|192|False|
ablation_localseglist_sizes|deqalloc|list_lck|500|100|192|False|
ablation_localseglist_sizes|deqalloc_localseglist|list_lck|500|100|192|False|
ablation_localseglist_sizes|deqalloc|btree_lck|200000|100|192|False|
ablation_localseglist_sizes|deqalloc_localseglist|btree_lck|200000|100|192|False|
ablation_localseglist_sizes|deqalloc|hash_block_lck|200000|100|192|False|
ablation_localseglist_sizes|deqalloc_localseglist|hash_block_lck|200000|100|192|False|
ablation_localseglist_sizes|deqalloc|leaftree_lck|200000|100|192|False|
ablation_localseglist_sizes|deqalloc_localseglist|leaftree_lck|200000|100|192|False|
ablation_localseglist_sizes|deqalloc|skiplist_lck|200000|100|192|False|
ablation_localseglist_sizes|deqalloc_localseglist|skiplist_lck|200000|100|192|False|
ablation_localseglist_sizes|deqalloc|arttree_lck|200000|100|192|False|
ablation_localseglist_sizes|deqalloc_localseglist|arttree_lck|200000|100|192|False|
ablation_localseglist_sizes|deqalloc|list_lck|2000|100|192|False|
ablation_localseglist_sizes|deqalloc_localseglist|list_lck|2000|100|192|False|
ablation_localseglist_sizes|deqalloc|btree_lck|20000000|100|192|False|
ablation_localseglist_sizes|deqalloc_localseglist|btree_lck|20000000|100|192|False|
ablation_localseglist_sizes|deqalloc|hash_block_lck|20000000|100|192|False|
ablation_localseglist_sizes|deqalloc_localseglist|hash_block_lck|20000000|100|192|False|
ablation_localseglist_sizes|deqalloc|leaftree_lck|20000000|100|192|False|
ablation_localseglist_sizes|deqalloc_localseglist|leaftree_lck|20000000|100|192|False|
ablation_localseglist_sizes|deqalloc|skiplist_lck|20000000|100|192|False|
ablation_localseglist_sizes|deqalloc_localseglist|skiplist_lck|20000000|100|192|False|
ablation_localseglist_sizes|deqalloc|arttree_lck|20000000|100|192|False|
ablation_localseglist_sizes|deqalloc_localseglist|arttree_lck|20000000|100|192|False|
ablation_localseglist_sizes|deqalloc|list_lck|10000|100|192|False|
ablation_localseglist_sizes|deqalloc_localseglist|list_lck|10000|100|192|False|
ablation_localseglist_sizes|deqalloc|btree_lck|200000000|100|192|False|
ablation_localseglist_sizes|deqalloc_localseglist|btree_lck|200000000|100|192|False|
ablation_localseglist_sizes|deqalloc|hash_block_lck|200000000|100|192|False|
ablation_localseglist_sizes|deqalloc_localseglist|hash_block_lck|200000000|100|192|False|
ablation_localseglist_sizes|deqalloc|leaftree_lck|200000000|100|192|False|
ablation_localseglist_sizes|deqalloc_localseglist|leaftree_lck|200000000|100|192|False|
ablation_localseglist_sizes|deqalloc|skiplist_lck|200000000|100|192|False|
ablation_localseglist_sizes|deqalloc_localseglist|skiplist_lck|200000000|100|192|False|
ablation_localseglist_sizes|deqalloc|arttree_lck|200000000|100|192|False|
ablation_localseglist_sizes|deqalloc_localseglist|arttree_lck|200000000|100|192|False|
ablation_localseglist_threads|deqalloc|btree_lck|200000|100|1|False|
ablation_localseglist_threads|deqalloc_localseglist|btree_lck|200000|100|1|False|
ablation_localseglist_threads|deqalloc|btree_lck|200000|100|2|False|
ablation_localseglist_threads|deqalloc_localseglist|btree_lck|200000|100|2|False|
ablation_localseglist_threads|deqalloc|btree_lck|200000|100|4|False|
ablation_localseglist_threads|deqalloc_localseglist|btree_lck|200000|100|4|False|
ablation_localseglist_threads|deqalloc|btree_lck|200000|100|8|False|
ablation_localseglist_threads|deqalloc_localseglist|btree_lck|200000|100|8|False|
ablation_localseglist_threads|deqalloc|btree_lck|200000|100|16|False|
ablation_localseglist_threads|deqalloc_localseglist|btree_lck|200000|100|16|False|
ablation_localseglist_threads|deqalloc|btree_lck|200000|100|32|False|
ablation_localseglist_threads|deqalloc_localseglist|btree_lck|200000|100|32|False|
ablation_localseglist_threads|deqalloc|btree_lck|200000|100|64|False|
ablation_localseglist_threads|deqalloc_localseglist|btree_lck|200000|100|64|False|
ablation_localseglist_threads|deqalloc|btree_lck|200000|100|96|False|
ablation_localseglist_threads|deqalloc_localseglist|btree_lck|200000|100|96|False|
ablation_localseglist_threads|deqalloc|btree_lck|200000|100|128|False|
ablation_localseglist_threads|deqalloc_localseglist|btree_lck|200000|100|128|False|
ablation_localseglist_threads|deqalloc|btree_lck|200000|100|192|False|
ablation_localseglist_threads|deqalloc_localseglist|btree_lck|200000|100|192|False|
ablation_localseglist_threads|deqalloc|btree_lck|200000|100|384|False|
ablation_localseglist_threads|deqalloc_localseglist|btree_lck|200000|100|384|False|
ablation_localseglist_threads|deqalloc|hash_block_lck|200000|100|1|False|
ablation_localseglist_threads|deqalloc_localseglist|hash_block_lck|200000|100|1|False|
ablation_localseglist_threads|deqalloc|hash_block_lck|200000|100|2|False|
ablation_localseglist_threads|deqalloc_localseglist|hash_block_lck|200000|100|2|False|
ablation_localseglist_threads|deqalloc|hash_block_lck|200000|100|4|False|
ablation_localseglist_threads|deqalloc_localseglist|hash_block_lck|200000|100|4|False|
ablation_localseglist_threads|deqalloc|hash_block_lck|200000|100|8|False|
ablation_localseglist_threads|deqalloc_localseglist|hash_block_lck|200000|100|8|False|
ablation_localseglist_threads|deqalloc|hash_block_lck|200000|100|16|False|
ablation_localseglist_threads|deqalloc_localseglist|hash_block_lck|200000|100|16|False|
ablation_localseglist_threads|deqalloc|hash_block_lck|200000|100|32|False|
ablation_localseglist_threads|deqalloc_localseglist|hash_block_lck|200000|100|32|False|
ablation_localseglist_threads|deqalloc|hash_block_lck|200000|100|64|False|
ablation_localseglist_threads|deqalloc_localseglist|hash_block_lck|200000|100|64|False|
ablation_localseglist_threads|deqalloc|hash_block_lck|200000|100|96|False|
ablation_localseglist_threads|deqalloc_localseglist|hash_block_lck|200000|100|96|False|
ablation_localseglist_threads|deqalloc|hash_block_lck|200000|100|128|False|
ablation_localseglist_threads|deqalloc_localseglist|hash_block_lck|200000|100|128|False|
ablation_localseglist_threads|deqalloc|hash_block_lck|200000|100|192|False|
ablation_localseglist_threads|deqalloc_localseglist|hash_block_lck|200000|100|192|False|
ablation_localseglist_threads|deqalloc|hash_block_lck|200000|100|384|False|
ablation_localseglist_threads|deqalloc_localseglist|hash_block_lck|200000|100|384|False|
ablation_localseglist_threads|deqalloc|leaftree_lck|200000|100|1|False|
ablation_localseglist_threads|deqalloc_localseglist|leaftree_lck|200000|100|1|False|
ablation_localseglist_threads|deqalloc|leaftree_lck|200000|100|2|False|
ablation_localseglist_threads|deqalloc_localseglist|leaftree_lck|200000|100|2|False|
ablation_localseglist_threads|deqalloc|leaftree_lck|200000|100|4|False|
ablation_localseglist_threads|deqalloc_localseglist|leaftree_lck|200000|100|4|False|
ablation_localseglist_threads|deqalloc|leaftree_lck|200000|100|8|False|
ablation_localseglist_threads|deqalloc_localseglist|leaftree_lck|200000|100|8|False|
ablation_localseglist_threads|deqalloc|leaftree_lck|200000|100|16|False|
ablation_localseglist_threads|deqalloc_localseglist|leaftree_lck|200000|100|16|False|
ablation_localseglist_threads|deqalloc|leaftree_lck|200000|100|32|False|
ablation_localseglist_threads|deqalloc_localseglist|leaftree_lck|200000|100|32|False|
ablation_localseglist_threads|deqalloc|leaftree_lck|200000|100|64|False|
ablation_localseglist_threads|deqalloc_localseglist|leaftree_lck|200000|100|64|False|
ablation_localseglist_threads|deqalloc|leaftree_lck|200000|100|96|False|
ablation_localseglist_threads|deqalloc_localseglist|leaftree_lck|200000|100|96|False|
ablation_localseglist_threads|deqalloc|leaftree_lck|200000|100|128|False|
ablation_localseglist_threads|deqalloc_localseglist|leaftree_lck|200000|100|128|False|
ablation_localseglist_threads|deqalloc|leaftree_lck|200000|100|192|False|
ablation_localseglist_threads|deqalloc_localseglist|leaftree_lck|200000|100|192|False|
ablation_localseglist_threads|deqalloc|leaftree_lck|200000|100|384|False|
ablation_localseglist_threads|deqalloc_localseglist|leaftree_lck|200000|100|384|False|
ablation_localseglist_threads|deqalloc|skiplist_lck|200000|100|1|False|
ablation_localseglist_threads|deqalloc_localseglist|skiplist_lck|200000|100|1|False|
ablation_localseglist_threads|deqalloc|skiplist_lck|200000|100|2|False|
ablation_localseglist_threads|deqalloc_localseglist|skiplist_lck|200000|100|2|False|
ablation_localseglist_threads|deqalloc|skiplist_lck|200000|100|4|False|
ablation_localseglist_threads|deqalloc_localseglist|skiplist_lck|200000|100|4|False|
ablation_localseglist_threads|deqalloc|skiplist_lck|200000|100|8|False|
ablation_localseglist_threads|deqalloc_localseglist|skiplist_lck|200000|100|8|False|
ablation_localseglist_threads|deqalloc|skiplist_lck|200000|100|16|False|
ablation_localseglist_threads|deqalloc_localseglist|skiplist_lck|200000|100|16|False|
ablation_localseglist_threads|deqalloc|skiplist_lck|200000|100|32|False|
ablation_localseglist_threads|deqalloc_localseglist|skiplist_lck|200000|100|32|False|
ablation_localseglist_threads|deqalloc|skiplist_lck|200000|100|64|False|
ablation_localseglist_threads|deqalloc_localseglist|skiplist_lck|200000|100|64|False|
ablation_localseglist_threads|deqalloc|skiplist_lck|200000|100|96|False|
ablation_localseglist_threads|deqalloc_localseglist|skiplist_lck|200000|100|96|False|
ablation_localseglist_threads|deqalloc|skiplist_lck|200000|100|128|False|
ablation_localseglist_threads|deqalloc_localseglist|skiplist_lck|200000|100|128|False|
ablation_localseglist_threads|deqalloc|skiplist_lck|200000|100|192|False|
ablation_localseglist_threads|deqalloc_localseglist|skiplist_lck|200000|100|192|False|
ablation_localseglist_threads|deqalloc|skiplist_lck|200000|100|384|False|
ablation_localseglist_threads|deqalloc_localseglist|skiplist_lck|200000|100|384|False|
ablation_localseglist_threads|deqalloc|arttree_lck|200000|100|1|False|
ablation_localseglist_threads|deqalloc_localseglist|arttree_lck|200000|100|1|False|
ablation_localseglist_threads|deqalloc|arttree_lck|200000|100|2|False|
ablation_localseglist_threads|deqalloc_localseglist|arttree_lck|200000|100|2|False|
ablation_localseglist_threads|deqalloc|arttree_lck|200000|100|4|False|
ablation_localseglist_threads|deqalloc_localseglist|arttree_lck|200000|100|4|False|
ablation_localseglist_threads|deqalloc|arttree_lck|200000|100|8|False|
ablation_localseglist_threads|deqalloc_localseglist|arttree_lck|200000|100|8|False|
ablation_localseglist_threads|deqalloc|arttree_lck|200000|100|16|False|
ablation_localseglist_threads|deqalloc_localseglist|arttree_lck|200000|100|16|False|
ablation_localseglist_threads|deqalloc|arttree_lck|200000|100|32|False|
ablation_localseglist_threads|deqalloc_localseglist|arttree_lck|200000|100|32|False|
ablation_localseglist_threads|deqalloc|arttree_lck|200000|100|64|False|
ablation_localseglist_threads|deqalloc_localseglist|arttree_lck|200000|100|64|False|
ablation_localseglist_threads|deqalloc|arttree_lck|200000|100|96|False|
ablation_localseglist_threads|deqalloc_localseglist|arttree_lck|200000|100|96|False|
ablation_localseglist_threads|deqalloc|arttree_lck|200000|100|128|False|
ablation_localseglist_threads|deqalloc_localseglist|arttree_lck|200000|100|128|False|
ablation_localseglist_threads|deqalloc|arttree_lck|200000|100|192|False|
ablation_localseglist_threads|deqalloc_localseglist|arttree_lck|200000|100|192|False|
ablation_localseglist_threads|deqalloc|arttree_lck|200000|100|384|False|
ablation_localseglist_threads|deqalloc_localseglist|arttree_lck|200000|100|384|False|
ablation_localseglist_threads|deqalloc|list_lck|2000|100|1|False|
ablation_localseglist_threads|deqalloc_localseglist|list_lck|2000|100|1|False|
ablation_localseglist_threads|deqalloc|list_lck|2000|100|2|False|
ablation_localseglist_threads|deqalloc_localseglist|list_lck|2000|100|2|False|
ablation_localseglist_threads|deqalloc|list_lck|2000|100|4|False|
ablation_localseglist_threads|deqalloc_localseglist|list_lck|2000|100|4|False|
ablation_localseglist_threads|deqalloc|list_lck|2000|100|8|False|
ablation_localseglist_threads|deqalloc_localseglist|list_lck|2000|100|8|False|
ablation_localseglist_threads|deqalloc|list_lck|2000|100|16|False|
ablation_localseglist_threads|deqalloc_localseglist|list_lck|2000|100|16|False|
ablation_localseglist_threads|deqalloc|list_lck|2000|100|32|False|
ablation_localseglist_threads|deqalloc_localseglist|list_lck|2000|100|32|False|
ablation_localseglist_threads|deqalloc|list_lck|2000|100|64|False|
ablation_localseglist_threads|deqalloc_localseglist|list_lck|2000|100|64|False|
ablation_localseglist_threads|deqalloc|list_lck|2000|100|96|False|
ablation_localseglist_threads|deqalloc_localseglist|list_lck|2000|100|96|False|
ablation_localseglist_threads|deqalloc|list_lck|2000|100|128|False|
ablation_localseglist_threads|deqalloc_localseglist|list_lck|2000|100|128|False|
ablation_localseglist_threads|deqalloc|list_lck|2000|100|192|False|
ablation_localseglist_threads|deqalloc_localseglist|list_lck|2000|100|192|False|
ablation_localseglist_threads|deqalloc|list_lck|2000|100|384|False|
ablation_localseglist_threads|deqalloc_localseglist|list_lck|2000|100|384|False|
ablation_deque|deqalloc|btree_lck|5000|100|192|False|
ablation_deque|deqalloc_genericdeque|btree_lck|5000|100|192|False|
ablation_deque|deqalloc|hash_block_lck|5000|100|192|False|
ablation_deque|deqalloc_genericdeque|hash_block_lck|5000|100|192|False|
ablation_deque|deqalloc|leaftree_lck|5000|100|192|False|
ablation_deque|deqalloc_genericdeque|leaftree_lck|5000|100|192|False|
ablation_deque|deqalloc|skiplist_lck|5000|100|192|False|
ablation_deque|deqalloc_genericdeque|skiplist_lck|5000|100|192|False|
ablation_deque|deqalloc|arttree_lck|5000|100|192|False|
ablation_deque|deqalloc_genericdeque|arttree_lck|5000|100|192|False|
ablation_deque|deqalloc|list_lck|500|100|192|False|
ablation_deque|deqalloc_genericdeque|list_lck|500|100|192|False|
ablation_deque|deqalloc|btree_lck|200000|100|192|False|
ablation_deque|deqalloc_genericdeque|btree_lck|200000|100|192|False|
ablation_deque|deqalloc|hash_block_lck|200000|100|192|False|
ablation_deque|deqalloc_genericdeque|hash_block_lck|200000|100|192|False|
ablation_deque|deqalloc|leaftree_lck|200000|100|192|False|
ablation_deque|deqalloc_genericdeque|leaftree_lck|200000|100|192|False|
ablation_deque|deqalloc|skiplist_lck|200000|100|192|False|
ablation_deque|deqalloc_genericdeque|skiplist_lck|200000|100|192|False|
ablation_deque|deqalloc|arttree_lck|200000|100|192|False|
ablation_deque|deqalloc_genericdeque|arttree_lck|200000|100|192|False|
ablation_deque|deqalloc|list_lck|2000|100|192|False|
ablation_deque|deqalloc_genericdeque|list_lck|2000|100|192|False|
ablation_deque|deqalloc|btree_lck|20000000|100|192|False|
ablation_deque|deqalloc_genericdeque|btree_lck|20000000|100|192|False|
ablation_deque|deqalloc|hash_block_lck|20000000|100|192|False|
ablation_deque|deqalloc_genericdeque|hash_block_lck|20000000|100|192|False|
ablation_deque|deqalloc|leaftree_lck|20000000|100|192|False|
ablation_deque|deqalloc_genericdeque|leaftree_lck|20000000|100|192|False|
ablation_deque|deqalloc|skiplist_lck|20000000|100|192|False|
ablation_deque|deqalloc_genericdeque|skiplist_lck|20000000|100|192|False|
ablation_deque|deqalloc|arttree_lck|20000000|100|192|False|
ablation_deque|deqalloc_genericdeque|arttree_lck|20000000|100|192|False|
ablation_deque|deqalloc|list_lck|10000|100|192|False|
ablation_deque|deqalloc_genericdeque|list_lck|10000|100|192|False|
ablation_deque|deqalloc|btree_lck|200000000|100|192|False|
ablation_deque|deqalloc_genericdeque|btree_lck|200000000|100|192|False|
ablation_deque|deqalloc|hash_block_lck|200000000|100|192|False|
ablation_deque|deqalloc_genericdeque|hash_block_lck|200000000|100|192|False|
ablation_deque|deqalloc|leaftree_lck|200000000|100|192|False|
ablation_deque|deqalloc_genericdeque|leaftree_lck|200000000|100|192|False|
ablation_deque|deqalloc|skiplist_lck|200000000|100|192|False|
ablation_deque|deqalloc_genericdeque|skiplist_lck|200000000|100|192|False|
ablation_deque|deqalloc|arttree_lck|200000000|100|192|False|
ablation_deque|deqalloc_genericdeque|arttree_lck|200000000|100|192|False|
ablation_remotefree|deqalloc|btree_lck|5000|100|192|False|
ablation_remotefree|deqalloc_genericdeque|btree_lck|5000|100|192|False|
ablation_remotefree|deqalloc_remotefree|btree_lck|5000|100|192|False|
ablation_remotefree|deqalloc|hash_block_lck|5000|100|192|False|
ablation_remotefree|deqalloc_genericdeque|hash_block_lck|5000|100|192|False|
ablation_remotefree|deqalloc_remotefree|hash_block_lck|5000|100|192|False|
ablation_remotefree|deqalloc|leaftree_lck|5000|100|192|False|
ablation_remotefree|deqalloc_genericdeque|leaftree_lck|5000|100|192|False|
ablation_remotefree|deqalloc_remotefree|leaftree_lck|5000|100|192|False|
ablation_remotefree|deqalloc|skiplist_lck|5000|100|192|False|
ablation_remotefree|deqalloc_genericdeque|skiplist_lck|5000|100|192|False|
ablation_remotefree|deqalloc_remotefree|skiplist_lck|5000|100|192|False|
ablation_remotefree|deqalloc|arttree_lck|5000|100|192|False|
ablation_remotefree|deqalloc_genericdeque|arttree_lck|5000|100|192|False|
ablation_remotefree|deqalloc_remotefree|arttree_lck|5000|100|192|False|
ablation_remotefree|deqalloc|list_lck|500|100|192|False|
ablation_remotefree|deqalloc_genericdeque|list_lck|500|100|192|False|
ablation_remotefree|deqalloc_remotefree|list_lck|500|100|192|False|
ablation_remotefree|deqalloc|btree_lck|200000|100|192|False|
ablation_remotefree|deqalloc_genericdeque|btree_lck|200000|100|192|False|
ablation_remotefree|deqalloc_remotefree|btree_lck|200000|100|192|False|
ablation_remotefree|deqalloc|hash_block_lck|200000|100|192|False|
ablation_remotefree|deqalloc_genericdeque|hash_block_lck|200000|100|192|False|
ablation_remotefree|deqalloc_remotefree|hash_block_lck|200000|100|192|False|
ablation_remotefree|deqalloc|leaftree_lck|200000|100|192|False|
ablation_remotefree|deqalloc_genericdeque|leaftree_lck|200000|100|192|False|
ablation_remotefree|deqalloc_remotefree|leaftree_lck|200000|100|192|False|
ablation_remotefree|deqalloc|skiplist_lck|200000|100|192|False|
ablation_remotefree|deqalloc_genericdeque|skiplist_lck|200000|100|192|False|
ablation_remotefree|deqalloc_remotefree|skiplist_lck|200000|100|192|False|
ablation_remotefree|deqalloc|arttree_lck|200000|100|192|False|
ablation_remotefree|deqalloc_genericdeque|arttree_lck|200000|100|192|False|
ablation_remotefree|deqalloc_remotefree|arttree_lck|200000|100|192|False|
ablation_remotefree|deqalloc|list_lck|2000|100|192|False|
ablation_remotefree|deqalloc_genericdeque|list_lck|2000|100|192|False|
ablation_remotefree|deqalloc_remotefree|list_lck|2000|100|192|False|
ablation_remotefree|deqalloc|btree_lck|20000000|100|192|False|
ablation_remotefree|deqalloc_genericdeque|btree_lck|20000000|100|192|False|
ablation_remotefree|deqalloc_remotefree|btree_lck|20000000|100|192|False|
ablation_remotefree|deqalloc|hash_block_lck|20000000|100|192|False|
ablation_remotefree|deqalloc_genericdeque|hash_block_lck|20000000|100|192|False|
ablation_remotefree|deqalloc_remotefree|hash_block_lck|20000000|100|192|False|
ablation_remotefree|deqalloc|leaftree_lck|20000000|100|192|False|
ablation_remotefree|deqalloc_genericdeque|leaftree_lck|20000000|100|192|False|
ablation_remotefree|deqalloc_remotefree|leaftree_lck|20000000|100|192|False|
ablation_remotefree|deqalloc|skiplist_lck|20000000|100|192|False|
ablation_remotefree|deqalloc_genericdeque|skiplist_lck|20000000|100|192|False|
ablation_remotefree|deqalloc_remotefree|skiplist_lck|20000000|100|192|False|
ablation_remotefree|deqalloc|arttree_lck|20000000|100|192|False|
ablation_remotefree|deqalloc_genericdeque|arttree_lck|20000000|100|192|False|
ablation_remotefree|deqalloc_remotefree|arttree_lck|20000000|100|192|False|
ablation_remotefree|deqalloc|list_lck|10000|100|192|False|
ablation_remotefree|deqalloc_genericdeque|list_lck|10000|100|192|False|
ablation_remotefree|deqalloc_remotefree|list_lck|10000|100|192|False|
ablation_remotefree|deqalloc|btree_lck|200000000|100|192|False|
ablation_remotefree|deqalloc_genericdeque|btree_lck|200000000|100|192|False|
ablation_remotefree|deqalloc_remotefree|btree_lck|200000000|100|192|False|
ablation_remotefree|deqalloc|hash_block_lck|200000000|100|192|False|
ablation_remotefree|deqalloc_genericdeque|hash_block_lck|200000000|100|192|False|
ablation_remotefree|deqalloc_remotefree|hash_block_lck|200000000|100|192|False|
ablation_remotefree|deqalloc|leaftree_lck|200000000|100|192|False|
ablation_remotefree|deqalloc_genericdeque|leaftree_lck|200000000|100|192|False|
ablation_remotefree|deqalloc_remotefree|leaftree_lck|200000000|100|192|False|
ablation_remotefree|deqalloc|skiplist_lck|200000000|100|192|False|
ablation_remotefree|deqalloc_genericdeque|skiplist_lck|200000000|100|192|False|
ablation_remotefree|deqalloc_remotefree|skiplist_lck|200000000|100|192|False|
ablation_remotefree|deqalloc|arttree_lck|200000000|100|192|False|
ablation_remotefree|deqalloc_genericdeque|arttree_lck|200000000|100|192|False|
ablation_remotefree|deqalloc_remotefree|arttree_lck|200000000|100|192|False|
thread_perc|deqalloc|btree_lck|200000|100|192|False|-thread-perc "50;50"
thread_perc|deqalloc_genericdeque|btree_lck|200000|100|192|False|-thread-perc "50;50"
thread_perc|mimalloc|btree_lck|200000|100|192|False|-thread-perc "50;50"
thread_perc|jemalloc|btree_lck|200000|100|192|True|-thread-perc "50;50"
thread_perc|snmalloc|btree_lck|200000|100|192|False|-thread-perc "50;50"
thread_perc|hoard|btree_lck|200000|100|192|True|-thread-perc "50;50"
thread_perc|tcmalloc|btree_lck|200000|100|192|False|-thread-perc "50;50"
thread_perc|tbbmalloc|btree_lck|200000|100|192|False|-thread-perc "50;50"
thread_perc|lockfree|btree_lck|200000|100|192|True|-thread-perc "50;50"
thread_perc|rpmalloc|btree_lck|200000|100|192|False|-thread-perc "50;50"
thread_perc|glibc|btree_lck|200000|100|192|False|-thread-perc "50;50"
thread_perc|deqalloc|btree_lck|200000|100|192|False|-thread-perc "75;25"
thread_perc|deqalloc_genericdeque|btree_lck|200000|100|192|False|-thread-perc "75;25"
thread_perc|mimalloc|btree_lck|200000|100|192|False|-thread-perc "75;25"
thread_perc|jemalloc|btree_lck|200000|100|192|True|-thread-perc "75;25"
thread_perc|snmalloc|btree_lck|200000|100|192|False|-thread-perc "75;25"
thread_perc|hoard|btree_lck|200000|100|192|True|-thread-perc "75;25"
thread_perc|tcmalloc|btree_lck|200000|100|192|False|-thread-perc "75;25"
thread_perc|tbbmalloc|btree_lck|200000|100|192|False|-thread-perc "75;25"
thread_perc|lockfree|btree_lck|200000|100|192|True|-thread-perc "75;25"
thread_perc|rpmalloc|btree_lck|200000|100|192|False|-thread-perc "75;25"
thread_perc|glibc|btree_lck|200000|100|192|False|-thread-perc "75;25"
thread_perc|deqalloc|btree_lck|200000|100|192|False|-thread-perc "100;0"
thread_perc|deqalloc_genericdeque|btree_lck|200000|100|192|False|-thread-perc "100;0"
thread_perc|mimalloc|btree_lck|200000|100|192|False|-thread-perc "100;0"
thread_perc|jemalloc|btree_lck|200000|100|192|True|-thread-perc "100;0"
thread_perc|snmalloc|btree_lck|200000|100|192|False|-thread-perc "100;0"
thread_perc|hoard|btree_lck|200000|100|192|True|-thread-perc "100;0"
thread_perc|tcmalloc|btree_lck|200000|100|192|False|-thread-perc "100;0"
thread_perc|tbbmalloc|btree_lck|200000|100|192|False|-thread-perc "100;0"
thread_perc|lockfree|btree_lck|200000|100|192|True|-thread-perc "100;0"
thread_perc|rpmalloc|btree_lck|200000|100|192|False|-thread-perc "100;0"
thread_perc|glibc|btree_lck|200000|100|192|False|-thread-perc "100;0"
thread_perc|deqalloc|hash_block_lck|200000|100|192|False|-thread-perc "50;50"
thread_perc|deqalloc_genericdeque|hash_block_lck|200000|100|192|False|-thread-perc "50;50"
thread_perc|mimalloc|hash_block_lck|200000|100|192|False|-thread-perc "50;50"
thread_perc|jemalloc|hash_block_lck|200000|100|192|True|-thread-perc "50;50"
thread_perc|snmalloc|hash_block_lck|200000|100|192|False|-thread-perc "50;50"
thread_perc|hoard|hash_block_lck|200000|100|192|True|-thread-perc "50;50"
thread_perc|tcmalloc|hash_block_lck|200000|100|192|False|-thread-perc "50;50"
thread_perc|tbbmalloc|hash_block_lck|200000|100|192|False|-thread-perc "50;50"
thread_perc|lockfree|hash_block_lck|200000|100|192|True|-thread-perc "50;50"
thread_perc|rpmalloc|hash_block_lck|200000|100|192|False|-thread-perc "50;50"
thread_perc|glibc|hash_block_lck|200000|100|192|False|-thread-perc "50;50"
thread_perc|deqalloc|hash_block_lck|200000|100|192|False|-thread-perc "75;25"
thread_perc|deqalloc_genericdeque|hash_block_lck|200000|100|192|False|-thread-perc "75;25"
thread_perc|mimalloc|hash_block_lck|200000|100|192|False|-thread-perc "75;25"
thread_perc|jemalloc|hash_block_lck|200000|100|192|True|-thread-perc "75;25"
thread_perc|snmalloc|hash_block_lck|200000|100|192|False|-thread-perc "75;25"
thread_perc|hoard|hash_block_lck|200000|100|192|True|-thread-perc "75;25"
thread_perc|tcmalloc|hash_block_lck|200000|100|192|False|-thread-perc "75;25"
thread_perc|tbbmalloc|hash_block_lck|200000|100|192|False|-thread-perc "75;25"
thread_perc|lockfree|hash_block_lck|200000|100|192|True|-thread-perc "75;25"
thread_perc|rpmalloc|hash_block_lck|200000|100|192|False|-thread-perc "75;25"
thread_perc|glibc|hash_block_lck|200000|100|192|False|-thread-perc "75;25"
thread_perc|deqalloc|hash_block_lck|200000|100|192|False|-thread-perc "100;0"
thread_perc|deqalloc_genericdeque|hash_block_lck|200000|100|192|False|-thread-perc "100;0"
thread_perc|mimalloc|hash_block_lck|200000|100|192|False|-thread-perc "100;0"
thread_perc|jemalloc|hash_block_lck|200000|100|192|True|-thread-perc "100;0"
thread_perc|snmalloc|hash_block_lck|200000|100|192|False|-thread-perc "100;0"
thread_perc|hoard|hash_block_lck|200000|100|192|True|-thread-perc "100;0"
thread_perc|tcmalloc|hash_block_lck|200000|100|192|False|-thread-perc "100;0"
thread_perc|tbbmalloc|hash_block_lck|200000|100|192|False|-thread-perc "100;0"
thread_perc|lockfree|hash_block_lck|200000|100|192|True|-thread-perc "100;0"
thread_perc|rpmalloc|hash_block_lck|200000|100|192|False|-thread-perc "100;0"
thread_perc|glibc|hash_block_lck|200000|100|192|False|-thread-perc "100;0"
thread_perc|deqalloc|leaftree_lck|200000|100|192|False|-thread-perc "50;50"
thread_perc|deqalloc_genericdeque|leaftree_lck|200000|100|192|False|-thread-perc "50;50"
thread_perc|mimalloc|leaftree_lck|200000|100|192|False|-thread-perc "50;50"
thread_perc|jemalloc|leaftree_lck|200000|100|192|True|-thread-perc "50;50"
thread_perc|snmalloc|leaftree_lck|200000|100|192|False|-thread-perc "50;50"
thread_perc|hoard|leaftree_lck|200000|100|192|True|-thread-perc "50;50"
thread_perc|tcmalloc|leaftree_lck|200000|100|192|False|-thread-perc "50;50"
thread_perc|tbbmalloc|leaftree_lck|200000|100|192|False|-thread-perc "50;50"
thread_perc|lockfree|leaftree_lck|200000|100|192|True|-thread-perc "50;50"
thread_perc|rpmalloc|leaftree_lck|200000|100|192|False|-thread-perc "50;50"
thread_perc|glibc|leaftree_lck|200000|100|192|False|-thread-perc "50;50"
thread_perc|deqalloc|leaftree_lck|200000|100|192|False|-thread-perc "75;25"
thread_perc|deqalloc_genericdeque|leaftree_lck|200000|100|192|False|-thread-perc "75;25"
thread_perc|mimalloc|leaftree_lck|200000|100|192|False|-thread-perc "75;25"
thread_perc|jemalloc|leaftree_lck|200000|100|192|True|-thread-perc "75;25"
thread_perc|snmalloc|leaftree_lck|200000|100|192|False|-thread-perc "75;25"
thread_perc|hoard|leaftree_lck|200000|100|192|True|-thread-perc "75;25"
thread_perc|tcmalloc|leaftree_lck|200000|100|192|False|-thread-perc "75;25"
thread_perc|tbbmalloc|leaftree_lck|200000|100|192|False|-thread-perc "75;25"
thread_perc|lockfree|leaftree_lck|200000|100|192|True|-thread-perc "75;25"
thread_perc|rpmalloc|leaftree_lck|200000|100|192|False|-thread-perc "75;25"
thread_perc|glibc|leaftree_lck|200000|100|192|False|-thread-perc "75;25"
thread_perc|deqalloc|leaftree_lck|200000|100|192|False|-thread-perc "100;0"
thread_perc|deqalloc_genericdeque|leaftree_lck|200000|100|192|False|-thread-perc "100;0"
thread_perc|mimalloc|leaftree_lck|200000|100|192|False|-thread-perc "100;0"
thread_perc|jemalloc|leaftree_lck|200000|100|192|True|-thread-perc "100;0"
thread_perc|snmalloc|leaftree_lck|200000|100|192|False|-thread-perc "100;0"
thread_perc|hoard|leaftree_lck|200000|100|192|True|-thread-perc "100;0"
thread_perc|tcmalloc|leaftree_lck|200000|100|192|False|-thread-perc "100;0"
thread_perc|tbbmalloc|leaftree_lck|200000|100|192|False|-thread-perc "100;0"
thread_perc|lockfree|leaftree_lck|200000|100|192|True|-thread-perc "100;0"
thread_perc|rpmalloc|leaftree_lck|200000|100|192|False|-thread-perc "100;0"
thread_perc|glibc|leaftree_lck|200000|100|192|False|-thread-perc "100;0"
thread_perc|deqalloc|skiplist_lck|200000|100|192|False|-thread-perc "50;50"
thread_perc|deqalloc_genericdeque|skiplist_lck|200000|100|192|False|-thread-perc "50;50"
thread_perc|mimalloc|skiplist_lck|200000|100|192|False|-thread-perc "50;50"
thread_perc|jemalloc|skiplist_lck|200000|100|192|True|-thread-perc "50;50"
thread_perc|snmalloc|skiplist_lck|200000|100|192|False|-thread-perc "50;50"
thread_perc|hoard|skiplist_lck|200000|100|192|True|-thread-perc "50;50"
thread_perc|tcmalloc|skiplist_lck|200000|100|192|False|-thread-perc "50;50"
thread_perc|tbbmalloc|skiplist_lck|200000|100|192|False|-thread-perc "50;50"
thread_perc|lockfree|skiplist_lck|200000|100|192|True|-thread-perc "50;50"
thread_perc|rpmalloc|skiplist_lck|200000|100|192|False|-thread-perc "50;50"
thread_perc|glibc|skiplist_lck|200000|100|192|False|-thread-perc "50;50"
thread_perc|deqalloc|skiplist_lck|200000|100|192|False|-thread-perc "75;25"
thread_perc|deqalloc_genericdeque|skiplist_lck|200000|100|192|False|-thread-perc "75;25"
thread_perc|mimalloc|skiplist_lck|200000|100|192|False|-thread-perc "75;25"
thread_perc|jemalloc|skiplist_lck|200000|100|192|True|-thread-perc "75;25"
thread_perc|snmalloc|skiplist_lck|200000|100|192|False|-thread-perc "75;25"
thread_perc|hoard|skiplist_lck|200000|100|192|True|-thread-perc "75;25"
thread_perc|tcmalloc|skiplist_lck|200000|100|192|False|-thread-perc "75;25"
thread_perc|tbbmalloc|skiplist_lck|200000|100|192|False|-thread-perc "75;25"
thread_perc|lockfree|skiplist_lck|200000|100|192|True|-thread-perc "75;25"
thread_perc|rpmalloc|skiplist_lck|200000|100|192|False|-thread-perc "75;25"
thread_perc|glibc|skiplist_lck|200000|100|192|False|-thread-perc "75;25"
thread_perc|deqalloc|skiplist_lck|200000|100|192|False|-thread-perc "100;0"
thread_perc|deqalloc_genericdeque|skiplist_lck|200000|100|192|False|-thread-perc "100;0"
thread_perc|mimalloc|skiplist_lck|200000|100|192|False|-thread-perc "100;0"
thread_perc|jemalloc|skiplist_lck|200000|100|192|True|-thread-perc "100;0"
thread_perc|snmalloc|skiplist_lck|200000|100|192|False|-thread-perc "100;0"
thread_perc|hoard|skiplist_lck|200000|100|192|True|-thread-perc "100;0"
thread_perc|tcmalloc|skiplist_lck|200000|100|192|False|-thread-perc "100;0"
thread_perc|tbbmalloc|skiplist_lck|200000|100|192|False|-thread-perc "100;0"
thread_perc|lockfree|skiplist_lck|200000|100|192|True|-thread-perc "100;0"
thread_perc|rpmalloc|skiplist_lck|200000|100|192|False|-thread-perc "100;0"
thread_perc|glibc|skiplist_lck|200000|100|192|False|-thread-perc "100;0"
thread_perc|deqalloc|arttree_lck|200000|100|192|False|-thread-perc "50;50"
thread_perc|deqalloc_genericdeque|arttree_lck|200000|100|192|False|-thread-perc "50;50"
thread_perc|mimalloc|arttree_lck|200000|100|192|False|-thread-perc "50;50"
thread_perc|jemalloc|arttree_lck|200000|100|192|True|-thread-perc "50;50"
thread_perc|snmalloc|arttree_lck|200000|100|192|False|-thread-perc "50;50"
thread_perc|hoard|arttree_lck|200000|100|192|True|-thread-perc "50;50"
thread_perc|tcmalloc|arttree_lck|200000|100|192|False|-thread-perc "50;50"
thread_perc|tbbmalloc|arttree_lck|200000|100|192|False|-thread-perc "50;50"
thread_perc|lockfree|arttree_lck|200000|100|192|True|-thread-perc "50;50"
thread_perc|rpmalloc|arttree_lck|200000|100|192|False|-thread-perc "50;50"
thread_perc|glibc|arttree_lck|200000|100|192|False|-thread-perc "50;50"
thread_perc|deqalloc|arttree_lck|200000|100|192|False|-thread-perc "75;25"
thread_perc|deqalloc_genericdeque|arttree_lck|200000|100|192|False|-thread-perc "75;25"
thread_perc|mimalloc|arttree_lck|200000|100|192|False|-thread-perc "75;25"
thread_perc|jemalloc|arttree_lck|200000|100|192|True|-thread-perc "75;25"
thread_perc|snmalloc|arttree_lck|200000|100|192|False|-thread-perc "75;25"
thread_perc|hoard|arttree_lck|200000|100|192|True|-thread-perc "75;25"
thread_perc|tcmalloc|arttree_lck|200000|100|192|False|-thread-perc "75;25"
thread_perc|tbbmalloc|arttree_lck|200000|100|192|False|-thread-perc "75;25"
thread_perc|lockfree|arttree_lck|200000|100|192|True|-thread-perc "75;25"
thread_perc|rpmalloc|arttree_lck|200000|100|192|False|-thread-perc "75;25"
thread_perc|glibc|arttree_lck|200000|100|192|False|-thread-perc "75;25"
thread_perc|deqalloc|arttree_lck|200000|100|192|False|-thread-perc "100;0"
thread_perc|deqalloc_genericdeque|arttree_lck|200000|100|192|False|-thread-perc "100;0"
thread_perc|mimalloc|arttree_lck|200000|100|192|False|-thread-perc "100;0"
thread_perc|jemalloc|arttree_lck|200000|100|192|True|-thread-perc "100;0"
thread_perc|snmalloc|arttree_lck|200000|100|192|False|-thread-perc "100;0"
thread_perc|hoard|arttree_lck|200000|100|192|True|-thread-perc "100;0"
thread_perc|tcmalloc|arttree_lck|200000|100|192|False|-thread-perc "100;0"
thread_perc|tbbmalloc|arttree_lck|200000|100|192|False|-thread-perc "100;0"
thread_perc|lockfree|arttree_lck|200000|100|192|True|-thread-perc "100;0"
thread_perc|rpmalloc|arttree_lck|200000|100|192|False|-thread-perc "100;0"
thread_perc|glibc|arttree_lck|200000|100|192|False|-thread-perc "100;0"
thread_perc|deqalloc|list_lck|2000|100|192|False|-thread-perc "50;50"
thread_perc|deqalloc_genericdeque|list_lck|2000|100|192|False|-thread-perc "50;50"
thread_perc|mimalloc|list_lck|2000|100|192|False|-thread-perc "50;50"
thread_perc|jemalloc|list_lck|2000|100|192|True|-thread-perc "50;50"
thread_perc|snmalloc|list_lck|2000|100|192|False|-thread-perc "50;50"
thread_perc|hoard|list_lck|2000|100|192|True|-thread-perc "50;50"
thread_perc|tcmalloc|list_lck|2000|100|192|False|-thread-perc "50;50"
thread_perc|tbbmalloc|list_lck|2000|100|192|False|-thread-perc "50;50"
thread_perc|lockfree|list_lck|2000|100|192|True|-thread-perc "50;50"
thread_perc|rpmalloc|list_lck|2000|100|192|False|-thread-perc "50;50"
thread_perc|glibc|list_lck|2000|100|192|False|-thread-perc "50;50"
thread_perc|deqalloc|list_lck|2000|100|192|False|-thread-perc "75;25"
thread_perc|deqalloc_genericdeque|list_lck|2000|100|192|False|-thread-perc "75;25"
thread_perc|mimalloc|list_lck|2000|100|192|False|-thread-perc "75;25"
thread_perc|jemalloc|list_lck|2000|100|192|True|-thread-perc "75;25"
thread_perc|snmalloc|list_lck|2000|100|192|False|-thread-perc "75;25"
thread_perc|hoard|list_lck|2000|100|192|True|-thread-perc "75;25"
thread_perc|tcmalloc|list_lck|2000|100|192|False|-thread-perc "75;25"
thread_perc|tbbmalloc|list_lck|2000|100|192|False|-thread-perc "75;25"
thread_perc|lockfree|list_lck|2000|100|192|True|-thread-perc "75;25"
thread_perc|rpmalloc|list_lck|2000|100|192|False|-thread-perc "75;25"
thread_perc|glibc|list_lck|2000|100|192|False|-thread-perc "75;25"
thread_perc|deqalloc|list_lck|2000|100|192|False|-thread-perc "100;0"
thread_perc|deqalloc_genericdeque|list_lck|2000|100|192|False|-thread-perc "100;0"
thread_perc|mimalloc|list_lck|2000|100|192|False|-thread-perc "100;0"
thread_perc|jemalloc|list_lck|2000|100|192|True|-thread-perc "100;0"
thread_perc|snmalloc|list_lck|2000|100|192|False|-thread-perc "100;0"
thread_perc|hoard|list_lck|2000|100|192|True|-thread-perc "100;0"
thread_perc|tcmalloc|list_lck|2000|100|192|False|-thread-perc "100;0"
thread_perc|tbbmalloc|list_lck|2000|100|192|False|-thread-perc "100;0"
thread_perc|lockfree|list_lck|2000|100|192|True|-thread-perc "100;0"
thread_perc|rpmalloc|list_lck|2000|100|192|False|-thread-perc "100;0"
thread_perc|glibc|list_lck|2000|100|192|False|-thread-perc "100;0"
upserts|deqalloc|btree_lck|200000|100|192|False|-upsert
upserts|deqalloc_genericdeque|btree_lck|200000|100|192|False|-upsert
upserts|mimalloc|btree_lck|200000|100|192|False|-upsert
upserts|jemalloc|btree_lck|200000|100|192|True|-upsert
upserts|snmalloc|btree_lck|200000|100|192|False|-upsert
upserts|hoard|btree_lck|200000|100|192|True|-upsert
upserts|tcmalloc|btree_lck|200000|100|192|False|-upsert
upserts|tbbmalloc|btree_lck|200000|100|192|False|-upsert
upserts|lockfree|btree_lck|200000|100|192|True|-upsert
upserts|rpmalloc|btree_lck|200000|100|192|False|-upsert
upserts|glibc|btree_lck|200000|100|192|False|-upsert
upserts|deqalloc|hash_block_lck|200000|100|192|False|-upsert
upserts|deqalloc_genericdeque|hash_block_lck|200000|100|192|False|-upsert
upserts|mimalloc|hash_block_lck|200000|100|192|False|-upsert
upserts|jemalloc|hash_block_lck|200000|100|192|True|-upsert
upserts|snmalloc|hash_block_lck|200000|100|192|False|-upsert
upserts|hoard|hash_block_lck|200000|100|192|True|-upsert
upserts|tcmalloc|hash_block_lck|200000|100|192|False|-upsert
upserts|tbbmalloc|hash_block_lck|200000|100|192|False|-upsert
upserts|lockfree|hash_block_lck|200000|100|192|True|-upsert
upserts|rpmalloc|hash_block_lck|200000|100|192|False|-upsert
upserts|glibc|hash_block_lck|200000|100|192|False|-upsert
upserts|deqalloc|leaftree_lck|200000|100|192|False|-upsert
upserts|deqalloc_genericdeque|leaftree_lck|200000|100|192|False|-upsert
upserts|mimalloc|leaftree_lck|200000|100|192|False|-upsert
upserts|jemalloc|leaftree_lck|200000|100|192|True|-upsert
upserts|snmalloc|leaftree_lck|200000|100|192|False|-upsert
upserts|hoard|leaftree_lck|200000|100|192|True|-upsert
upserts|tcmalloc|leaftree_lck|200000|100|192|False|-upsert
upserts|tbbmalloc|leaftree_lck|200000|100|192|False|-upsert
upserts|lockfree|leaftree_lck|200000|100|192|True|-upsert
upserts|rpmalloc|leaftree_lck|200000|100|192|False|-upsert
upserts|glibc|leaftree_lck|200000|100|192|False|-upsert
upserts|deqalloc|skiplist_lck|200000|100|192|False|-upsert
upserts|deqalloc_genericdeque|skiplist_lck|200000|100|192|False|-upsert
upserts|mimalloc|skiplist_lck|200000|100|192|False|-upsert
upserts|jemalloc|skiplist_lck|200000|100|192|True|-upsert
upserts|snmalloc|skiplist_lck|200000|100|192|False|-upsert
upserts|hoard|skiplist_lck|200000|100|192|True|-upsert
upserts|tcmalloc|skiplist_lck|200000|100|192|False|-upsert
upserts|tbbmalloc|skiplist_lck|200000|100|192|False|-upsert
upserts|lockfree|skiplist_lck|200000|100|192|True|-upsert
upserts|rpmalloc|skiplist_lck|200000|100|192|False|-upsert
upserts|glibc|skiplist_lck|200000|100|192|False|-upsert
upserts|deqalloc|arttree_lck|200000|100|192|False|-upsert
upserts|deqalloc_genericdeque|arttree_lck|200000|100|192|False|-upsert
upserts|mimalloc|arttree_lck|200000|100|192|False|-upsert
upserts|jemalloc|arttree_lck|200000|100|192|True|-upsert
upserts|snmalloc|arttree_lck|200000|100|192|False|-upsert
upserts|hoard|arttree_lck|200000|100|192|True|-upsert
upserts|tcmalloc|arttree_lck|200000|100|192|False|-upsert
upserts|tbbmalloc|arttree_lck|200000|100|192|False|-upsert
upserts|lockfree|arttree_lck|200000|100|192|True|-upsert
upserts|rpmalloc|arttree_lck|200000|100|192|False|-upsert
upserts|glibc|arttree_lck|200000|100|192|False|-upsert
upserts|deqalloc|list_lck|2000|100|192|False|-upsert
upserts|deqalloc_genericdeque|list_lck|2000|100|192|False|-upsert
upserts|mimalloc|list_lck|2000|100|192|False|-upsert
upserts|jemalloc|list_lck|2000|100|192|True|-upsert
upserts|snmalloc|list_lck|2000|100|192|False|-upsert
upserts|hoard|list_lck|2000|100|192|True|-upsert
upserts|tcmalloc|list_lck|2000|100|192|False|-upsert
upserts|tbbmalloc|list_lck|2000|100|192|False|-upsert
upserts|lockfree|list_lck|2000|100|192|True|-upsert
upserts|rpmalloc|list_lck|2000|100|192|False|-upsert
upserts|glibc|list_lck|2000|100|192|False|-upsert
config|deqalloc|btree_lck|200000|100|192|False|
config|deqalloc|btree_lck|200000|100|192|True|
config|deqalloc_genericdeque|btree_lck|200000|100|192|False|
config|deqalloc_genericdeque|btree_lck|200000|100|192|True|
config|mimalloc|btree_lck|200000|100|192|False|
config|mimalloc|btree_lck|200000|100|192|True|
config|jemalloc|btree_lck|200000|100|192|False|
config|jemalloc|btree_lck|200000|100|192|True|
config|snmalloc|btree_lck|200000|100|192|False|
config|snmalloc|btree_lck|200000|100|192|True|
config|hoard|btree_lck|200000|100|192|False|
config|hoard|btree_lck|200000|100|192|True|
config|tcmalloc|btree_lck|200000|100|192|False|
config|tcmalloc|btree_lck|200000|100|192|True|
config|tbbmalloc|btree_lck|200000|100|192|False|
config|tbbmalloc|btree_lck|200000|100|192|True|
config|lockfree|btree_lck|200000|100|192|False|
config|lockfree|btree_lck|200000|100|192|True|
config|rpmalloc|btree_lck|200000|100|192|False|
config|rpmalloc|btree_lck|200000|100|192|True|
config|glibc|btree_lck|200000|100|192|False|
config|glibc|btree_lck|200000|100|192|True|
config|deqalloc|hash_block_lck|200000|100|192|False|
config|deqalloc|hash_block_lck|200000|100|192|True|
config|deqalloc_genericdeque|hash_block_lck|200000|100|192|False|
config|deqalloc_genericdeque|hash_block_lck|200000|100|192|True|
config|mimalloc|hash_block_lck|200000|100|192|False|
config|mimalloc|hash_block_lck|200000|100|192|True|
config|jemalloc|hash_block_lck|200000|100|192|False|
config|jemalloc|hash_block_lck|200000|100|192|True|
config|snmalloc|hash_block_lck|200000|100|192|False|
config|snmalloc|hash_block_lck|200000|100|192|True|
config|hoard|hash_block_lck|200000|100|192|False|
config|hoard|hash_block_lck|200000|100|192|True|
config|tcmalloc|hash_block_lck|200000|100|192|False|
config|tcmalloc|hash_block_lck|200000|100|192|True|
config|tbbmalloc|hash_block_lck|200000|100|192|False|
config|tbbmalloc|hash_block_lck|200000|100|192|True|
config|lockfree|hash_block_lck|200000|100|192|False|
config|lockfree|hash_block_lck|200000|100|192|True|
config|rpmalloc|hash_block_lck|200000|100|192|False|
config|rpmalloc|hash_block_lck|200000|100|192|True|
config|glibc|hash_block_lck|200000|100|192|False|
config|glibc|hash_block_lck|200000|100|192|True|
config|deqalloc|leaftree_lck|200000|100|192|False|
config|deqalloc|leaftree_lck|200000|100|192|True|
config|deqalloc_genericdeque|leaftree_lck|200000|100|192|False|
config|deqalloc_genericdeque|leaftree_lck|200000|100|192|True|
config|mimalloc|leaftree_lck|200000|100|192|False|
config|mimalloc|leaftree_lck|200000|100|192|True|
config|jemalloc|leaftree_lck|200000|100|192|False|
config|jemalloc|leaftree_lck|200000|100|192|True|
config|snmalloc|leaftree_lck|200000|100|192|False|
config|snmalloc|leaftree_lck|200000|100|192|True|
config|hoard|leaftree_lck|200000|100|192|False|
config|hoard|leaftree_lck|200000|100|192|True|
config|tcmalloc|leaftree_lck|200000|100|192|False|
config|tcmalloc|leaftree_lck|200000|100|192|True|
config|tbbmalloc|leaftree_lck|200000|100|192|False|
config|tbbmalloc|leaftree_lck|200000|100|192|True|
config|lockfree|leaftree_lck|200000|100|192|False|
config|lockfree|leaftree_lck|200000|100|192|True|
config|rpmalloc|leaftree_lck|200000|100|192|False|
config|rpmalloc|leaftree_lck|200000|100|192|True|
config|glibc|leaftree_lck|200000|100|192|False|
config|glibc|leaftree_lck|200000|100|192|True|
config|deqalloc|skiplist_lck|200000|100|192|False|
config|deqalloc|skiplist_lck|200000|100|192|True|
config|deqalloc_genericdeque|skiplist_lck|200000|100|192|False|
config|deqalloc_genericdeque|skiplist_lck|200000|100|192|True|
config|mimalloc|skiplist_lck|200000|100|192|False|
config|mimalloc|skiplist_lck|200000|100|192|True|
config|jemalloc|skiplist_lck|200000|100|192|False|
config|jemalloc|skiplist_lck|200000|100|192|True|
config|snmalloc|skiplist_lck|200000|100|192|False|
config|snmalloc|skiplist_lck|200000|100|192|True|
config|hoard|skiplist_lck|200000|100|192|False|
config|hoard|skiplist_lck|200000|100|192|True|
config|tcmalloc|skiplist_lck|200000|100|192|False|
config|tcmalloc|skiplist_lck|200000|100|192|True|
config|tbbmalloc|skiplist_lck|200000|100|192|False|
config|tbbmalloc|skiplist_lck|200000|100|192|True|
config|lockfree|skiplist_lck|200000|100|192|False|
config|lockfree|skiplist_lck|200000|100|192|True|
config|rpmalloc|skiplist_lck|200000|100|192|False|
config|rpmalloc|skiplist_lck|200000|100|192|True|
config|glibc|skiplist_lck|200000|100|192|False|
config|glibc|skiplist_lck|200000|100|192|True|
config|deqalloc|arttree_lck|200000|100|192|False|
config|deqalloc|arttree_lck|200000|100|192|True|
config|deqalloc_genericdeque|arttree_lck|200000|100|192|False|
config|deqalloc_genericdeque|arttree_lck|200000|100|192|True|
config|mimalloc|arttree_lck|200000|100|192|False|
config|mimalloc|arttree_lck|200000|100|192|True|
config|jemalloc|arttree_lck|200000|100|192|False|
config|jemalloc|arttree_lck|200000|100|192|True|
config|snmalloc|arttree_lck|200000|100|192|False|
config|snmalloc|arttree_lck|200000|100|192|True|
config|hoard|arttree_lck|200000|100|192|False|
config|hoard|arttree_lck|200000|100|192|True|
config|tcmalloc|arttree_lck|200000|100|192|False|
config|tcmalloc|arttree_lck|200000|100|192|True|
config|tbbmalloc|arttree_lck|200000|100|192|False|
config|tbbmalloc|arttree_lck|200000|100|192|True|
config|lockfree|arttree_lck|200000|100|192|False|
config|lockfree|arttree_lck|200000|100|192|True|
config|rpmalloc|arttree_lck|200000|100|192|False|
config|rpmalloc|arttree_lck|200000|100|192|True|
config|glibc|arttree_lck|200000|100|192|False|
config|glibc|arttree_lck|200000|100|192|True|
config|deqalloc|list_lck|2000|100|192|False|
config|deqalloc|list_lck|2000|100|192|True|
config|deqalloc_genericdeque|list_lck|2000|100|192|False|
config|deqalloc_genericdeque|list_lck|2000|100|192|True|
config|mimalloc|list_lck|2000|100|192|False|
config|mimalloc|list_lck|2000|100|192|True|
config|jemalloc|list_lck|2000|100|192|False|
config|jemalloc|list_lck|2000|100|192|True|
config|snmalloc|list_lck|2000|100|192|False|
config|snmalloc|list_lck|2000|100|192|True|
config|hoard|list_lck|2000|100|192|False|
config|hoard|list_lck|2000|100|192|True|
config|tcmalloc|list_lck|2000|100|192|False|
config|tcmalloc|list_lck|2000|100|192|True|
config|tbbmalloc|list_lck|2000|100|192|False|
config|tbbmalloc|list_lck|2000|100|192|True|
config|lockfree|list_lck|2000|100|192|False|
config|lockfree|list_lck|2000|100|192|True|
config|rpmalloc|list_lck|2000|100|192|False|
config|rpmalloc|list_lck|2000|100|192|True|
config|glibc|list_lck|2000|100|192|False|
config|glibc|list_lck|2000|100|192|True|
ablation_remotefree_batchsize|deqalloc_512|btree_lck|5000|100|192|False|
ablation_remotefree_batchsize|deqalloc_1024|btree_lck|5000|100|192|False|
ablation_remotefree_batchsize|deqalloc_2048|btree_lck|5000|100|192|False|
ablation_remotefree_batchsize|deqalloc_4096|btree_lck|5000|100|192|False|
ablation_remotefree_batchsize|deqalloc_8192|btree_lck|5000|100|192|False|
ablation_remotefree_batchsize|deqalloc|btree_lck|5000|100|192|False|
ablation_remotefree_batchsize|deqalloc_remotefree_512|btree_lck|5000|100|192|False|
ablation_remotefree_batchsize|deqalloc_remotefree_1024|btree_lck|5000|100|192|False|
ablation_remotefree_batchsize|deqalloc_remotefree_2048|btree_lck|5000|100|192|False|
ablation_remotefree_batchsize|deqalloc_remotefree_4096|btree_lck|5000|100|192|False|
ablation_remotefree_batchsize|deqalloc_remotefree_8192|btree_lck|5000|100|192|False|
ablation_remotefree_batchsize|deqalloc_remotefree|btree_lck|5000|100|192|False|
ablation_remotefree_batchsize|snmalloc_4096|btree_lck|5000|100|192|False|
ablation_remotefree_batchsize|snmalloc_16384|btree_lck|5000|100|192|False|
ablation_remotefree_batchsize|snmalloc_65536|btree_lck|5000|100|192|False|
ablation_remotefree_batchsize|snmalloc_262144|btree_lck|5000|100|192|False|
ablation_remotefree_batchsize|snmalloc_1048576|btree_lck|5000|100|192|False|
ablation_remotefree_batchsize|snmalloc_4194304|btree_lck|5000|100|192|False|
ablation_remotefree_batchsize|deqalloc_512|hash_block_lck|5000|100|192|False|
ablation_remotefree_batchsize|deqalloc_1024|hash_block_lck|5000|100|192|False|
ablation_remotefree_batchsize|deqalloc_2048|hash_block_lck|5000|100|192|False|
ablation_remotefree_batchsize|deqalloc_4096|hash_block_lck|5000|100|192|False|
ablation_remotefree_batchsize|deqalloc_8192|hash_block_lck|5000|100|192|False|
ablation_remotefree_batchsize|deqalloc|hash_block_lck|5000|100|192|False|
ablation_remotefree_batchsize|deqalloc_remotefree_512|hash_block_lck|5000|100|192|False|
ablation_remotefree_batchsize|deqalloc_remotefree_1024|hash_block_lck|5000|100|192|False|
ablation_remotefree_batchsize|deqalloc_remotefree_2048|hash_block_lck|5000|100|192|False|
ablation_remotefree_batchsize|deqalloc_remotefree_4096|hash_block_lck|5000|100|192|False|
ablation_remotefree_batchsize|deqalloc_remotefree_8192|hash_block_lck|5000|100|192|False|
ablation_remotefree_batchsize|deqalloc_remotefree|hash_block_lck|5000|100|192|False|
ablation_remotefree_batchsize|snmalloc_4096|hash_block_lck|5000|100|192|False|
ablation_remotefree_batchsize|snmalloc_16384|hash_block_lck|5000|100|192|False|
ablation_remotefree_batchsize|snmalloc_65536|hash_block_lck|5000|100|192|False|
ablation_remotefree_batchsize|snmalloc_262144|hash_block_lck|5000|100|192|False|
ablation_remotefree_batchsize|snmalloc_1048576|hash_block_lck|5000|100|192|False|
ablation_remotefree_batchsize|snmalloc_4194304|hash_block_lck|5000|100|192|False|
ablation_remotefree_batchsize|deqalloc_512|leaftree_lck|5000|100|192|False|
ablation_remotefree_batchsize|deqalloc_1024|leaftree_lck|5000|100|192|False|
ablation_remotefree_batchsize|deqalloc_2048|leaftree_lck|5000|100|192|False|
ablation_remotefree_batchsize|deqalloc_4096|leaftree_lck|5000|100|192|False|
ablation_remotefree_batchsize|deqalloc_8192|leaftree_lck|5000|100|192|False|
ablation_remotefree_batchsize|deqalloc|leaftree_lck|5000|100|192|False|
ablation_remotefree_batchsize|deqalloc_remotefree_512|leaftree_lck|5000|100|192|False|
ablation_remotefree_batchsize|deqalloc_remotefree_1024|leaftree_lck|5000|100|192|False|
ablation_remotefree_batchsize|deqalloc_remotefree_2048|leaftree_lck|5000|100|192|False|
ablation_remotefree_batchsize|deqalloc_remotefree_4096|leaftree_lck|5000|100|192|False|
ablation_remotefree_batchsize|deqalloc_remotefree_8192|leaftree_lck|5000|100|192|False|
ablation_remotefree_batchsize|deqalloc_remotefree|leaftree_lck|5000|100|192|False|
ablation_remotefree_batchsize|snmalloc_4096|leaftree_lck|5000|100|192|False|
ablation_remotefree_batchsize|snmalloc_16384|leaftree_lck|5000|100|192|False|
ablation_remotefree_batchsize|snmalloc_65536|leaftree_lck|5000|100|192|False|
ablation_remotefree_batchsize|snmalloc_262144|leaftree_lck|5000|100|192|False|
ablation_remotefree_batchsize|snmalloc_1048576|leaftree_lck|5000|100|192|False|
ablation_remotefree_batchsize|snmalloc_4194304|leaftree_lck|5000|100|192|False|
ablation_remotefree_batchsize|deqalloc_512|skiplist_lck|5000|100|192|False|
ablation_remotefree_batchsize|deqalloc_1024|skiplist_lck|5000|100|192|False|
ablation_remotefree_batchsize|deqalloc_2048|skiplist_lck|5000|100|192|False|
ablation_remotefree_batchsize|deqalloc_4096|skiplist_lck|5000|100|192|False|
ablation_remotefree_batchsize|deqalloc_8192|skiplist_lck|5000|100|192|False|
ablation_remotefree_batchsize|deqalloc|skiplist_lck|5000|100|192|False|
ablation_remotefree_batchsize|deqalloc_remotefree_512|skiplist_lck|5000|100|192|False|
ablation_remotefree_batchsize|deqalloc_remotefree_1024|skiplist_lck|5000|100|192|False|
ablation_remotefree_batchsize|deqalloc_remotefree_2048|skiplist_lck|5000|100|192|False|
ablation_remotefree_batchsize|deqalloc_remotefree_4096|skiplist_lck|5000|100|192|False|
ablation_remotefree_batchsize|deqalloc_remotefree_8192|skiplist_lck|5000|100|192|False|
ablation_remotefree_batchsize|deqalloc_remotefree|skiplist_lck|5000|100|192|False|
ablation_remotefree_batchsize|snmalloc_4096|skiplist_lck|5000|100|192|False|
ablation_remotefree_batchsize|snmalloc_16384|skiplist_lck|5000|100|192|False|
ablation_remotefree_batchsize|snmalloc_65536|skiplist_lck|5000|100|192|False|
ablation_remotefree_batchsize|snmalloc_262144|skiplist_lck|5000|100|192|False|
ablation_remotefree_batchsize|snmalloc_1048576|skiplist_lck|5000|100|192|False|
ablation_remotefree_batchsize|snmalloc_4194304|skiplist_lck|5000|100|192|False|
ablation_remotefree_batchsize|deqalloc_512|arttree_lck|5000|100|192|False|
ablation_remotefree_batchsize|deqalloc_1024|arttree_lck|5000|100|192|False|
ablation_remotefree_batchsize|deqalloc_2048|arttree_lck|5000|100|192|False|
ablation_remotefree_batchsize|deqalloc_4096|arttree_lck|5000|100|192|False|
ablation_remotefree_batchsize|deqalloc_8192|arttree_lck|5000|100|192|False|
ablation_remotefree_batchsize|deqalloc|arttree_lck|5000|100|192|False|
ablation_remotefree_batchsize|deqalloc_remotefree_512|arttree_lck|5000|100|192|False|
ablation_remotefree_batchsize|deqalloc_remotefree_1024|arttree_lck|5000|100|192|False|
ablation_remotefree_batchsize|deqalloc_remotefree_2048|arttree_lck|5000|100|192|False|
ablation_remotefree_batchsize|deqalloc_remotefree_4096|arttree_lck|5000|100|192|False|
ablation_remotefree_batchsize|deqalloc_remotefree_8192|arttree_lck|5000|100|192|False|
ablation_remotefree_batchsize|deqalloc_remotefree|arttree_lck|5000|100|192|False|
ablation_remotefree_batchsize|snmalloc_4096|arttree_lck|5000|100|192|False|
ablation_remotefree_batchsize|snmalloc_16384|arttree_lck|5000|100|192|False|
ablation_remotefree_batchsize|snmalloc_65536|arttree_lck|5000|100|192|False|
ablation_remotefree_batchsize|snmalloc_262144|arttree_lck|5000|100|192|False|
ablation_remotefree_batchsize|snmalloc_1048576|arttree_lck|5000|100|192|False|
ablation_remotefree_batchsize|snmalloc_4194304|arttree_lck|5000|100|192|False|
ablation_remotefree_batchsize|deqalloc_512|list_lck|500|100|192|False|
ablation_remotefree_batchsize|deqalloc_1024|list_lck|500|100|192|False|
ablation_remotefree_batchsize|deqalloc_2048|list_lck|500|100|192|False|
ablation_remotefree_batchsize|deqalloc_4096|list_lck|500|100|192|False|
ablation_remotefree_batchsize|deqalloc_8192|list_lck|500|100|192|False|
ablation_remotefree_batchsize|deqalloc|list_lck|500|100|192|False|
ablation_remotefree_batchsize|deqalloc_remotefree_512|list_lck|500|100|192|False|
ablation_remotefree_batchsize|deqalloc_remotefree_1024|list_lck|500|100|192|False|
ablation_remotefree_batchsize|deqalloc_remotefree_2048|list_lck|500|100|192|False|
ablation_remotefree_batchsize|deqalloc_remotefree_4096|list_lck|500|100|192|False|
ablation_remotefree_batchsize|deqalloc_remotefree_8192|list_lck|500|100|192|False|
ablation_remotefree_batchsize|deqalloc_remotefree|list_lck|500|100|192|False|
ablation_remotefree_batchsize|snmalloc_4096|list_lck|500|100|192|False|
ablation_remotefree_batchsize|snmalloc_16384|list_lck|500|100|192|False|
ablation_remotefree_batchsize|snmalloc_65536|list_lck|500|100|192|False|
ablation_remotefree_batchsize|snmalloc_262144|list_lck|500|100|192|False|
ablation_remotefree_batchsize|snmalloc_1048576|list_lck|500|100|192|False|
ablation_remotefree_batchsize|snmalloc_4194304|list_lck|500|100|192|False|
ablation_remotefree_batchsize|deqalloc_512|btree_lck|200000|100|192|False|
ablation_remotefree_batchsize|deqalloc_1024|btree_lck|200000|100|192|False|
ablation_remotefree_batchsize|deqalloc_2048|btree_lck|200000|100|192|False|
ablation_remotefree_batchsize|deqalloc_4096|btree_lck|200000|100|192|False|
ablation_remotefree_batchsize|deqalloc_8192|btree_lck|200000|100|192|False|
ablation_remotefree_batchsize|deqalloc|btree_lck|200000|100|192|False|
ablation_remotefree_batchsize|deqalloc_remotefree_512|btree_lck|200000|100|192|False|
ablation_remotefree_batchsize|deqalloc_remotefree_1024|btree_lck|200000|100|192|False|
ablation_remotefree_batchsize|deqalloc_remotefree_2048|btree_lck|200000|100|192|False|
ablation_remotefree_batchsize|deqalloc_remotefree_4096|btree_lck|200000|100|192|False|
ablation_remotefree_batchsize|deqalloc_remotefree_8192|btree_lck|200000|100|192|False|
ablation_remotefree_batchsize|deqalloc_remotefree|btree_lck|200000|100|192|False|
ablation_remotefree_batchsize|snmalloc_4096|btree_lck|200000|100|192|False|
ablation_remotefree_batchsize|snmalloc_16384|btree_lck|200000|100|192|False|
ablation_remotefree_batchsize|snmalloc_65536|btree_lck|200000|100|192|False|
ablation_remotefree_batchsize|snmalloc_262144|btree_lck|200000|100|192|False|
ablation_remotefree_batchsize|snmalloc_1048576|btree_lck|200000|100|192|False|
ablation_remotefree_batchsize|snmalloc_4194304|btree_lck|200000|100|192|False|
ablation_remotefree_batchsize|deqalloc_512|hash_block_lck|200000|100|192|False|
ablation_remotefree_batchsize|deqalloc_1024|hash_block_lck|200000|100|192|False|
ablation_remotefree_batchsize|deqalloc_2048|hash_block_lck|200000|100|192|False|
ablation_remotefree_batchsize|deqalloc_4096|hash_block_lck|200000|100|192|False|
ablation_remotefree_batchsize|deqalloc_8192|hash_block_lck|200000|100|192|False|
ablation_remotefree_batchsize|deqalloc|hash_block_lck|200000|100|192|False|
ablation_remotefree_batchsize|deqalloc_remotefree_512|hash_block_lck|200000|100|192|False|
ablation_remotefree_batchsize|deqalloc_remotefree_1024|hash_block_lck|200000|100|192|False|
ablation_remotefree_batchsize|deqalloc_remotefree_2048|hash_block_lck|200000|100|192|False|
ablation_remotefree_batchsize|deqalloc_remotefree_4096|hash_block_lck|200000|100|192|False|
ablation_remotefree_batchsize|deqalloc_remotefree_8192|hash_block_lck|200000|100|192|False|
ablation_remotefree_batchsize|deqalloc_remotefree|hash_block_lck|200000|100|192|False|
ablation_remotefree_batchsize|snmalloc_4096|hash_block_lck|200000|100|192|False|
ablation_remotefree_batchsize|snmalloc_16384|hash_block_lck|200000|100|192|False|
ablation_remotefree_batchsize|snmalloc_65536|hash_block_lck|200000|100|192|False|
ablation_remotefree_batchsize|snmalloc_262144|hash_block_lck|200000|100|192|False|
ablation_remotefree_batchsize|snmalloc_1048576|hash_block_lck|200000|100|192|False|
ablation_remotefree_batchsize|snmalloc_4194304|hash_block_lck|200000|100|192|False|
ablation_remotefree_batchsize|deqalloc_512|leaftree_lck|200000|100|192|False|
ablation_remotefree_batchsize|deqalloc_1024|leaftree_lck|200000|100|192|False|
ablation_remotefree_batchsize|deqalloc_2048|leaftree_lck|200000|100|192|False|
ablation_remotefree_batchsize|deqalloc_4096|leaftree_lck|200000|100|192|False|
ablation_remotefree_batchsize|deqalloc_8192|leaftree_lck|200000|100|192|False|
ablation_remotefree_batchsize|deqalloc|leaftree_lck|200000|100|192|False|
ablation_remotefree_batchsize|deqalloc_remotefree_512|leaftree_lck|200000|100|192|False|
ablation_remotefree_batchsize|deqalloc_remotefree_1024|leaftree_lck|200000|100|192|False|
ablation_remotefree_batchsize|deqalloc_remotefree_2048|leaftree_lck|200000|100|192|False|
ablation_remotefree_batchsize|deqalloc_remotefree_4096|leaftree_lck|200000|100|192|False|
ablation_remotefree_batchsize|deqalloc_remotefree_8192|leaftree_lck|200000|100|192|False|
ablation_remotefree_batchsize|deqalloc_remotefree|leaftree_lck|200000|100|192|False|
ablation_remotefree_batchsize|snmalloc_4096|leaftree_lck|200000|100|192|False|
ablation_remotefree_batchsize|snmalloc_16384|leaftree_lck|200000|100|192|False|
ablation_remotefree_batchsize|snmalloc_65536|leaftree_lck|200000|100|192|False|
ablation_remotefree_batchsize|snmalloc_262144|leaftree_lck|200000|100|192|False|
ablation_remotefree_batchsize|snmalloc_1048576|leaftree_lck|200000|100|192|False|
ablation_remotefree_batchsize|snmalloc_4194304|leaftree_lck|200000|100|192|False|
ablation_remotefree_batchsize|deqalloc_512|skiplist_lck|200000|100|192|False|
ablation_remotefree_batchsize|deqalloc_1024|skiplist_lck|200000|100|192|False|
ablation_remotefree_batchsize|deqalloc_2048|skiplist_lck|200000|100|192|False|
ablation_remotefree_batchsize|deqalloc_4096|skiplist_lck|200000|100|192|False|
ablation_remotefree_batchsize|deqalloc_8192|skiplist_lck|200000|100|192|False|
ablation_remotefree_batchsize|deqalloc|skiplist_lck|200000|100|192|False|
ablation_remotefree_batchsize|deqalloc_remotefree_512|skiplist_lck|200000|100|192|False|
ablation_remotefree_batchsize|deqalloc_remotefree_1024|skiplist_lck|200000|100|192|False|
ablation_remotefree_batchsize|deqalloc_remotefree_2048|skiplist_lck|200000|100|192|False|
ablation_remotefree_batchsize|deqalloc_remotefree_4096|skiplist_lck|200000|100|192|False|
ablation_remotefree_batchsize|deqalloc_remotefree_8192|skiplist_lck|200000|100|192|False|
ablation_remotefree_batchsize|deqalloc_remotefree|skiplist_lck|200000|100|192|False|
ablation_remotefree_batchsize|snmalloc_4096|skiplist_lck|200000|100|192|False|
ablation_remotefree_batchsize|snmalloc_16384|skiplist_lck|200000|100|192|False|
ablation_remotefree_batchsize|snmalloc_65536|skiplist_lck|200000|100|192|False|
ablation_remotefree_batchsize|snmalloc_262144|skiplist_lck|200000|100|192|False|
ablation_remotefree_batchsize|snmalloc_1048576|skiplist_lck|200000|100|192|False|
ablation_remotefree_batchsize|snmalloc_4194304|skiplist_lck|200000|100|192|False|
ablation_remotefree_batchsize|deqalloc_512|arttree_lck|200000|100|192|False|
ablation_remotefree_batchsize|deqalloc_1024|arttree_lck|200000|100|192|False|
ablation_remotefree_batchsize|deqalloc_2048|arttree_lck|200000|100|192|False|
ablation_remotefree_batchsize|deqalloc_4096|arttree_lck|200000|100|192|False|
ablation_remotefree_batchsize|deqalloc_8192|arttree_lck|200000|100|192|False|
ablation_remotefree_batchsize|deqalloc|arttree_lck|200000|100|192|False|
ablation_remotefree_batchsize|deqalloc_remotefree_512|arttree_lck|200000|100|192|False|
ablation_remotefree_batchsize|deqalloc_remotefree_1024|arttree_lck|200000|100|192|False|
ablation_remotefree_batchsize|deqalloc_remotefree_2048|arttree_lck|200000|100|192|False|
ablation_remotefree_batchsize|deqalloc_remotefree_4096|arttree_lck|200000|100|192|False|
ablation_remotefree_batchsize|deqalloc_remotefree_8192|arttree_lck|200000|100|192|False|
ablation_remotefree_batchsize|deqalloc_remotefree|arttree_lck|200000|100|192|False|
ablation_remotefree_batchsize|snmalloc_4096|arttree_lck|200000|100|192|False|
ablation_remotefree_batchsize|snmalloc_16384|arttree_lck|200000|100|192|False|
ablation_remotefree_batchsize|snmalloc_65536|arttree_lck|200000|100|192|False|
ablation_remotefree_batchsize|snmalloc_262144|arttree_lck|200000|100|192|False|
ablation_remotefree_batchsize|snmalloc_1048576|arttree_lck|200000|100|192|False|
ablation_remotefree_batchsize|snmalloc_4194304|arttree_lck|200000|100|192|False|
ablation_remotefree_batchsize|deqalloc_512|list_lck|2000|100|192|False|
ablation_remotefree_batchsize|deqalloc_1024|list_lck|2000|100|192|False|
ablation_remotefree_batchsize|deqalloc_2048|list_lck|2000|100|192|False|
ablation_remotefree_batchsize|deqalloc_4096|list_lck|2000|100|192|False|
ablation_remotefree_batchsize|deqalloc_8192|list_lck|2000|100|192|False|
ablation_remotefree_batchsize|deqalloc|list_lck|2000|100|192|False|
ablation_remotefree_batchsize|deqalloc_remotefree_512|list_lck|2000|100|192|False|
ablation_remotefree_batchsize|deqalloc_remotefree_1024|list_lck|2000|100|192|False|
ablation_remotefree_batchsize|deqalloc_remotefree_2048|list_lck|2000|100|192|False|
ablation_remotefree_batchsize|deqalloc_remotefree_4096|list_lck|2000|100|192|False|
ablation_remotefree_batchsize|deqalloc_remotefree_8192|list_lck|2000|100|192|False|
ablation_remotefree_batchsize|deqalloc_remotefree|list_lck|2000|100|192|False|
ablation_remotefree_batchsize|snmalloc_4096|list_lck|2000|100|192|False|
ablation_remotefree_batchsize|snmalloc_16384|list_lck|2000|100|192|False|
ablation_remotefree_batchsize|snmalloc_65536|list_lck|2000|100|192|False|
ablation_remotefree_batchsize|snmalloc_262144|list_lck|2000|100|192|False|
ablation_remotefree_batchsize|snmalloc_1048576|list_lck|2000|100|192|False|
ablation_remotefree_batchsize|snmalloc_4194304|list_lck|2000|100|192|False|
ablation_remotefree_batchsize|deqalloc_512|btree_lck|20000000|100|192|False|
ablation_remotefree_batchsize|deqalloc_1024|btree_lck|20000000|100|192|False|
ablation_remotefree_batchsize|deqalloc_2048|btree_lck|20000000|100|192|False|
ablation_remotefree_batchsize|deqalloc_4096|btree_lck|20000000|100|192|False|
ablation_remotefree_batchsize|deqalloc_8192|btree_lck|20000000|100|192|False|
ablation_remotefree_batchsize|deqalloc|btree_lck|20000000|100|192|False|
ablation_remotefree_batchsize|deqalloc_remotefree_512|btree_lck|20000000|100|192|False|
ablation_remotefree_batchsize|deqalloc_remotefree_1024|btree_lck|20000000|100|192|False|
ablation_remotefree_batchsize|deqalloc_remotefree_2048|btree_lck|20000000|100|192|False|
ablation_remotefree_batchsize|deqalloc_remotefree_4096|btree_lck|20000000|100|192|False|
ablation_remotefree_batchsize|deqalloc_remotefree_8192|btree_lck|20000000|100|192|False|
ablation_remotefree_batchsize|deqalloc_remotefree|btree_lck|20000000|100|192|False|
ablation_remotefree_batchsize|snmalloc_4096|btree_lck|20000000|100|192|False|
ablation_remotefree_batchsize|snmalloc_16384|btree_lck|20000000|100|192|False|
ablation_remotefree_batchsize|snmalloc_65536|btree_lck|20000000|100|192|False|
ablation_remotefree_batchsize|snmalloc_262144|btree_lck|20000000|100|192|False|
ablation_remotefree_batchsize|snmalloc_1048576|btree_lck|20000000|100|192|False|
ablation_remotefree_batchsize|snmalloc_4194304|btree_lck|20000000|100|192|False|
ablation_remotefree_batchsize|deqalloc_512|hash_block_lck|20000000|100|192|False|
ablation_remotefree_batchsize|deqalloc_1024|hash_block_lck|20000000|100|192|False|
ablation_remotefree_batchsize|deqalloc_2048|hash_block_lck|20000000|100|192|False|
ablation_remotefree_batchsize|deqalloc_4096|hash_block_lck|20000000|100|192|False|
ablation_remotefree_batchsize|deqalloc_8192|hash_block_lck|20000000|100|192|False|
ablation_remotefree_batchsize|deqalloc|hash_block_lck|20000000|100|192|False|
ablation_remotefree_batchsize|deqalloc_remotefree_512|hash_block_lck|20000000|100|192|False|
ablation_remotefree_batchsize|deqalloc_remotefree_1024|hash_block_lck|20000000|100|192|False|
ablation_remotefree_batchsize|deqalloc_remotefree_2048|hash_block_lck|20000000|100|192|False|
ablation_remotefree_batchsize|deqalloc_remotefree_4096|hash_block_lck|20000000|100|192|False|
ablation_remotefree_batchsize|deqalloc_remotefree_8192|hash_block_lck|20000000|100|192|False|
ablation_remotefree_batchsize|deqalloc_remotefree|hash_block_lck|20000000|100|192|False|
ablation_remotefree_batchsize|snmalloc_4096|hash_block_lck|20000000|100|192|False|
ablation_remotefree_batchsize|snmalloc_16384|hash_block_lck|20000000|100|192|False|
ablation_remotefree_batchsize|snmalloc_65536|hash_block_lck|20000000|100|192|False|
ablation_remotefree_batchsize|snmalloc_262144|hash_block_lck|20000000|100|192|False|
ablation_remotefree_batchsize|snmalloc_1048576|hash_block_lck|20000000|100|192|False|
ablation_remotefree_batchsize|snmalloc_4194304|hash_block_lck|20000000|100|192|False|
ablation_remotefree_batchsize|deqalloc_512|leaftree_lck|20000000|100|192|False|
ablation_remotefree_batchsize|deqalloc_1024|leaftree_lck|20000000|100|192|False|
ablation_remotefree_batchsize|deqalloc_2048|leaftree_lck|20000000|100|192|False|
ablation_remotefree_batchsize|deqalloc_4096|leaftree_lck|20000000|100|192|False|
ablation_remotefree_batchsize|deqalloc_8192|leaftree_lck|20000000|100|192|False|
ablation_remotefree_batchsize|deqalloc|leaftree_lck|20000000|100|192|False|
ablation_remotefree_batchsize|deqalloc_remotefree_512|leaftree_lck|20000000|100|192|False|
ablation_remotefree_batchsize|deqalloc_remotefree_1024|leaftree_lck|20000000|100|192|False|
ablation_remotefree_batchsize|deqalloc_remotefree_2048|leaftree_lck|20000000|100|192|False|
ablation_remotefree_batchsize|deqalloc_remotefree_4096|leaftree_lck|20000000|100|192|False|
ablation_remotefree_batchsize|deqalloc_remotefree_8192|leaftree_lck|20000000|100|192|False|
ablation_remotefree_batchsize|deqalloc_remotefree|leaftree_lck|20000000|100|192|False|
ablation_remotefree_batchsize|snmalloc_4096|leaftree_lck|20000000|100|192|False|
ablation_remotefree_batchsize|snmalloc_16384|leaftree_lck|20000000|100|192|False|
ablation_remotefree_batchsize|snmalloc_65536|leaftree_lck|20000000|100|192|False|
ablation_remotefree_batchsize|snmalloc_262144|leaftree_lck|20000000|100|192|False|
ablation_remotefree_batchsize|snmalloc_1048576|leaftree_lck|20000000|100|192|False|
ablation_remotefree_batchsize|snmalloc_4194304|leaftree_lck|20000000|100|192|False|
ablation_remotefree_batchsize|deqalloc_512|skiplist_lck|20000000|100|192|False|
ablation_remotefree_batchsize|deqalloc_1024|skiplist_lck|20000000|100|192|False|
ablation_remotefree_batchsize|deqalloc_2048|skiplist_lck|20000000|100|192|False|
ablation_remotefree_batchsize|deqalloc_4096|skiplist_lck|20000000|100|192|False|
ablation_remotefree_batchsize|deqalloc_8192|skiplist_lck|20000000|100|192|False|
ablation_remotefree_batchsize|deqalloc|skiplist_lck|20000000|100|192|False|
ablation_remotefree_batchsize|deqalloc_remotefree_512|skiplist_lck|20000000|100|192|False|
ablation_remotefree_batchsize|deqalloc_remotefree_1024|skiplist_lck|20000000|100|192|False|
ablation_remotefree_batchsize|deqalloc_remotefree_2048|skiplist_lck|20000000|100|192|False|
ablation_remotefree_batchsize|deqalloc_remotefree_4096|skiplist_lck|20000000|100|192|False|
ablation_remotefree_batchsize|deqalloc_remotefree_8192|skiplist_lck|20000000|100|192|False|
ablation_remotefree_batchsize|deqalloc_remotefree|skiplist_lck|20000000|100|192|False|
ablation_remotefree_batchsize|snmalloc_4096|skiplist_lck|20000000|100|192|False|
ablation_remotefree_batchsize|snmalloc_16384|skiplist_lck|20000000|100|192|False|
ablation_remotefree_batchsize|snmalloc_65536|skiplist_lck|20000000|100|192|False|
ablation_remotefree_batchsize|snmalloc_262144|skiplist_lck|20000000|100|192|False|
ablation_remotefree_batchsize|snmalloc_1048576|skiplist_lck|20000000|100|192|False|
ablation_remotefree_batchsize|snmalloc_4194304|skiplist_lck|20000000|100|192|False|
ablation_remotefree_batchsize|deqalloc_512|arttree_lck|20000000|100|192|False|
ablation_remotefree_batchsize|deqalloc_1024|arttree_lck|20000000|100|192|False|
ablation_remotefree_batchsize|deqalloc_2048|arttree_lck|20000000|100|192|False|
ablation_remotefree_batchsize|deqalloc_4096|arttree_lck|20000000|100|192|False|
ablation_remotefree_batchsize|deqalloc_8192|arttree_lck|20000000|100|192|False|
ablation_remotefree_batchsize|deqalloc|arttree_lck|20000000|100|192|False|
ablation_remotefree_batchsize|deqalloc_remotefree_512|arttree_lck|20000000|100|192|False|
ablation_remotefree_batchsize|deqalloc_remotefree_1024|arttree_lck|20000000|100|192|False|
ablation_remotefree_batchsize|deqalloc_remotefree_2048|arttree_lck|20000000|100|192|False|
ablation_remotefree_batchsize|deqalloc_remotefree_4096|arttree_lck|20000000|100|192|False|
ablation_remotefree_batchsize|deqalloc_remotefree_8192|arttree_lck|20000000|100|192|False|
ablation_remotefree_batchsize|deqalloc_remotefree|arttree_lck|20000000|100|192|False|
ablation_remotefree_batchsize|snmalloc_4096|arttree_lck|20000000|100|192|False|
ablation_remotefree_batchsize|snmalloc_16384|arttree_lck|20000000|100|192|False|
ablation_remotefree_batchsize|snmalloc_65536|arttree_lck|20000000|100|192|False|
ablation_remotefree_batchsize|snmalloc_262144|arttree_lck|20000000|100|192|False|
ablation_remotefree_batchsize|snmalloc_1048576|arttree_lck|20000000|100|192|False|
ablation_remotefree_batchsize|snmalloc_4194304|arttree_lck|20000000|100|192|False|
ablation_remotefree_batchsize|deqalloc_512|list_lck|10000|100|192|False|
ablation_remotefree_batchsize|deqalloc_1024|list_lck|10000|100|192|False|
ablation_remotefree_batchsize|deqalloc_2048|list_lck|10000|100|192|False|
ablation_remotefree_batchsize|deqalloc_4096|list_lck|10000|100|192|False|
ablation_remotefree_batchsize|deqalloc_8192|list_lck|10000|100|192|False|
ablation_remotefree_batchsize|deqalloc|list_lck|10000|100|192|False|
ablation_remotefree_batchsize|deqalloc_remotefree_512|list_lck|10000|100|192|False|
ablation_remotefree_batchsize|deqalloc_remotefree_1024|list_lck|10000|100|192|False|
ablation_remotefree_batchsize|deqalloc_remotefree_2048|list_lck|10000|100|192|False|
ablation_remotefree_batchsize|deqalloc_remotefree_4096|list_lck|10000|100|192|False|
ablation_remotefree_batchsize|deqalloc_remotefree_8192|list_lck|10000|100|192|False|
ablation_remotefree_batchsize|deqalloc_remotefree|list_lck|10000|100|192|False|
ablation_remotefree_batchsize|snmalloc_4096|list_lck|10000|100|192|False|
ablation_remotefree_batchsize|snmalloc_16384|list_lck|10000|100|192|False|
ablation_remotefree_batchsize|snmalloc_65536|list_lck|10000|100|192|False|
ablation_remotefree_batchsize|snmalloc_262144|list_lck|10000|100|192|False|
ablation_remotefree_batchsize|snmalloc_1048576|list_lck|10000|100|192|False|
ablation_remotefree_batchsize|snmalloc_4194304|list_lck|10000|100|192|False|
ablation_remotefree_batchsize|deqalloc_512|btree_lck|200000000|100|192|False|
ablation_remotefree_batchsize|deqalloc_1024|btree_lck|200000000|100|192|False|
ablation_remotefree_batchsize|deqalloc_2048|btree_lck|200000000|100|192|False|
ablation_remotefree_batchsize|deqalloc_4096|btree_lck|200000000|100|192|False|
ablation_remotefree_batchsize|deqalloc_8192|btree_lck|200000000|100|192|False|
ablation_remotefree_batchsize|deqalloc|btree_lck|200000000|100|192|False|
ablation_remotefree_batchsize|deqalloc_remotefree_512|btree_lck|200000000|100|192|False|
ablation_remotefree_batchsize|deqalloc_remotefree_1024|btree_lck|200000000|100|192|False|
ablation_remotefree_batchsize|deqalloc_remotefree_2048|btree_lck|200000000|100|192|False|
ablation_remotefree_batchsize|deqalloc_remotefree_4096|btree_lck|200000000|100|192|False|
ablation_remotefree_batchsize|deqalloc_remotefree_8192|btree_lck|200000000|100|192|False|
ablation_remotefree_batchsize|deqalloc_remotefree|btree_lck|200000000|100|192|False|
ablation_remotefree_batchsize|snmalloc_4096|btree_lck|200000000|100|192|False|
ablation_remotefree_batchsize|snmalloc_16384|btree_lck|200000000|100|192|False|
ablation_remotefree_batchsize|snmalloc_65536|btree_lck|200000000|100|192|False|
ablation_remotefree_batchsize|snmalloc_262144|btree_lck|200000000|100|192|False|
ablation_remotefree_batchsize|snmalloc_1048576|btree_lck|200000000|100|192|False|
ablation_remotefree_batchsize|snmalloc_4194304|btree_lck|200000000|100|192|False|
ablation_remotefree_batchsize|deqalloc_512|hash_block_lck|200000000|100|192|False|
ablation_remotefree_batchsize|deqalloc_1024|hash_block_lck|200000000|100|192|False|
ablation_remotefree_batchsize|deqalloc_2048|hash_block_lck|200000000|100|192|False|
ablation_remotefree_batchsize|deqalloc_4096|hash_block_lck|200000000|100|192|False|
ablation_remotefree_batchsize|deqalloc_8192|hash_block_lck|200000000|100|192|False|
ablation_remotefree_batchsize|deqalloc|hash_block_lck|200000000|100|192|False|
ablation_remotefree_batchsize|deqalloc_remotefree_512|hash_block_lck|200000000|100|192|False|
ablation_remotefree_batchsize|deqalloc_remotefree_1024|hash_block_lck|200000000|100|192|False|
ablation_remotefree_batchsize|deqalloc_remotefree_2048|hash_block_lck|200000000|100|192|False|
ablation_remotefree_batchsize|deqalloc_remotefree_4096|hash_block_lck|200000000|100|192|False|
ablation_remotefree_batchsize|deqalloc_remotefree_8192|hash_block_lck|200000000|100|192|False|
ablation_remotefree_batchsize|deqalloc_remotefree|hash_block_lck|200000000|100|192|False|
ablation_remotefree_batchsize|snmalloc_4096|hash_block_lck|200000000|100|192|False|
ablation_remotefree_batchsize|snmalloc_16384|hash_block_lck|200000000|100|192|False|
ablation_remotefree_batchsize|snmalloc_65536|hash_block_lck|200000000|100|192|False|
ablation_remotefree_batchsize|snmalloc_262144|hash_block_lck|200000000|100|192|False|
ablation_remotefree_batchsize|snmalloc_1048576|hash_block_lck|200000000|100|192|False|
ablation_remotefree_batchsize|snmalloc_4194304|hash_block_lck|200000000|100|192|False|
ablation_remotefree_batchsize|deqalloc_512|leaftree_lck|200000000|100|192|False|
ablation_remotefree_batchsize|deqalloc_1024|leaftree_lck|200000000|100|192|False|
ablation_remotefree_batchsize|deqalloc_2048|leaftree_lck|200000000|100|192|False|
ablation_remotefree_batchsize|deqalloc_4096|leaftree_lck|200000000|100|192|False|
ablation_remotefree_batchsize|deqalloc_8192|leaftree_lck|200000000|100|192|False|
ablation_remotefree_batchsize|deqalloc|leaftree_lck|200000000|100|192|False|
ablation_remotefree_batchsize|deqalloc_remotefree_512|leaftree_lck|200000000|100|192|False|
ablation_remotefree_batchsize|deqalloc_remotefree_1024|leaftree_lck|200000000|100|192|False|
ablation_remotefree_batchsize|deqalloc_remotefree_2048|leaftree_lck|200000000|100|192|False|
ablation_remotefree_batchsize|deqalloc_remotefree_4096|leaftree_lck|200000000|100|192|False|
ablation_remotefree_batchsize|deqalloc_remotefree_8192|leaftree_lck|200000000|100|192|False|
ablation_remotefree_batchsize|deqalloc_remotefree|leaftree_lck|200000000|100|192|False|
ablation_remotefree_batchsize|snmalloc_4096|leaftree_lck|200000000|100|192|False|
ablation_remotefree_batchsize|snmalloc_16384|leaftree_lck|200000000|100|192|False|
ablation_remotefree_batchsize|snmalloc_65536|leaftree_lck|200000000|100|192|False|
ablation_remotefree_batchsize|snmalloc_262144|leaftree_lck|200000000|100|192|False|
ablation_remotefree_batchsize|snmalloc_1048576|leaftree_lck|200000000|100|192|False|
ablation_remotefree_batchsize|snmalloc_4194304|leaftree_lck|200000000|100|192|False|
ablation_remotefree_batchsize|deqalloc_512|skiplist_lck|200000000|100|192|False|
ablation_remotefree_batchsize|deqalloc_1024|skiplist_lck|200000000|100|192|False|
ablation_remotefree_batchsize|deqalloc_2048|skiplist_lck|200000000|100|192|False|
ablation_remotefree_batchsize|deqalloc_4096|skiplist_lck|200000000|100|192|False|
ablation_remotefree_batchsize|deqalloc_8192|skiplist_lck|200000000|100|192|False|
ablation_remotefree_batchsize|deqalloc|skiplist_lck|200000000|100|192|False|
ablation_remotefree_batchsize|deqalloc_remotefree_512|skiplist_lck|200000000|100|192|False|
ablation_remotefree_batchsize|deqalloc_remotefree_1024|skiplist_lck|200000000|100|192|False|
ablation_remotefree_batchsize|deqalloc_remotefree_2048|skiplist_lck|200000000|100|192|False|
ablation_remotefree_batchsize|deqalloc_remotefree_4096|skiplist_lck|200000000|100|192|False|
ablation_remotefree_batchsize|deqalloc_remotefree_8192|skiplist_lck|200000000|100|192|False|
ablation_remotefree_batchsize|deqalloc_remotefree|skiplist_lck|200000000|100|192|False|
ablation_remotefree_batchsize|snmalloc_4096|skiplist_lck|200000000|100|192|False|
ablation_remotefree_batchsize|snmalloc_16384|skiplist_lck|200000000|100|192|False|
ablation_remotefree_batchsize|snmalloc_65536|skiplist_lck|200000000|100|192|False|
ablation_remotefree_batchsize|snmalloc_262144|skiplist_lck|200000000|100|192|False|
ablation_remotefree_batchsize|snmalloc_1048576|skiplist_lck|200000000|100|192|False|
ablation_remotefree_batchsize|snmalloc_4194304|skiplist_lck|200000000|100|192|False|
ablation_remotefree_batchsize|deqalloc_512|arttree_lck|200000000|100|192|False|
ablation_remotefree_batchsize|deqalloc_1024|arttree_lck|200000000|100|192|False|
ablation_remotefree_batchsize|deqalloc_2048|arttree_lck|200000000|100|192|False|
ablation_remotefree_batchsize|deqalloc_4096|arttree_lck|200000000|100|192|False|
ablation_remotefree_batchsize|deqalloc_8192|arttree_lck|200000000|100|192|False|
ablation_remotefree_batchsize|deqalloc|arttree_lck|200000000|100|192|False|
ablation_remotefree_batchsize|deqalloc_remotefree_512|arttree_lck|200000000|100|192|False|
ablation_remotefree_batchsize|deqalloc_remotefree_1024|arttree_lck|200000000|100|192|False|
ablation_remotefree_batchsize|deqalloc_remotefree_2048|arttree_lck|200000000|100|192|False|
ablation_remotefree_batchsize|deqalloc_remotefree_4096|arttree_lck|200000000|100|192|False|
ablation_remotefree_batchsize|deqalloc_remotefree_8192|arttree_lck|200000000|100|192|False|
ablation_remotefree_batchsize|deqalloc_remotefree|arttree_lck|200000000|100|192|False|
ablation_remotefree_batchsize|snmalloc_4096|arttree_lck|200000000|100|192|False|
ablation_remotefree_batchsize|snmalloc_16384|arttree_lck|200000000|100|192|False|
ablation_remotefree_batchsize|snmalloc_65536|arttree_lck|200000000|100|192|False|
ablation_remotefree_batchsize|snmalloc_262144|arttree_lck|200000000|100|192|False|
ablation_remotefree_batchsize|snmalloc_1048576|arttree_lck|200000000|100|192|False|
ablation_remotefree_batchsize|snmalloc_4194304|arttree_lck|200000000|100|192|False|
