Timestamp,Temp_mC,Freq_kHz
2026-07-30 17:08:21,45000,3400670
2026-07-30 17:08:26,51000,3200000
2026-07-30 17:08:31,52000,3200001
2026-07-30 17:08:36,55000,3200000
2026-07-30 17:08:41,54000,3200000
2026-07-30 17:08:46,54000,3200009
2026-07-30 17:08:51,52000,3204047
2026-07-30 17:08:56,54000,3200001
2026-07-30 17:09:02,53000,3200002
2026-07-30 17:09:07,52000,3200000
2026-07-30 17:09:12,52000,3200000
2026-07-30 17:09:17,52000,3199997
2026-07-30 17:09:22,53000,3200753
2026-07-30 17:09:27,53000,3200001
2026-07-30 17:09:32,52000,3200002
2026-07-30 17:09:37,53000,3199812
2026-07-30 17:09:42,53000,3200000
2026-07-30 17:09:47,53000,3200002
2026-07-30 17:09:52,52000,3200000
2026-07-30 17:09:57,52000,3200000
2026-07-30 17:10:02,52000,3200000
2026-07-30 17:10:07,52000,3200000
2026-07-30 17:10:13,54000,3200001
2026-07-30 17:10:18,54000,3200000
2026-07-30 17:10:23,55000,3200001
2026-07-30 17:10:28,55000,3200000
2026-07-30 17:10:33,55000,3199943
2026-07-30 17:10:38,56000,3200000
2026-07-30 17:10:43,56000,3200026
2026-07-30 17:10:48,55000,3200000
2026-07-30 17:10:53,55000,3144272
2026-07-30 17:10:58,54000,3295683
2026-07-30 17:11:03,58000,3197722
2026-07-30 17:11:08,55000,3199998
2026-07-30 17:11:14,57000,3199998
2026-07-30 17:11:19,55000,3200000
2026-07-30 17:11:24,55000,3200000
2026-07-30 17:11:29,56000,3200003
2026-07-30 17:11:34,56000,3200000
2026-07-30 17:11:39,56000,3200000
2026-07-30 17:11:44,56000,3200000
2026-07-30 17:11:49,56000,3200000
2026-07-30 17:11:54,56000,3200000
2026-07-30 17:12:00,55000,3200000
2026-07-30 17:12:05,55000,3200000
2026-07-30 17:12:10,54000,3200001
2026-07-30 17:12:15,54000,3329323
2026-07-30 17:12:20,55000,3200000
2026-07-30 17:12:25,55000,3199981
2026-07-30 17:12:30,57000,3199998
2026-07-30 17:12:35,57000,3199967
2026-07-30 17:12:40,57000,3200000
2026-07-30 17:12:45,57000,3199960
2026-07-30 17:12:50,57000,3200001
2026-07-30 17:12:55,53000,3200074
2026-07-30 17:13:00,54000,3200000
2026-07-30 17:13:06,51000,3999053
2026-07-30 17:13:11,53000,3200000
2026-07-30 17:13:16,50000,3867111
2026-07-30 17:13:21,52000,3200001
2026-07-30 17:13:26,48000,3200000
2026-07-30 17:13:31,50000,3966351
2026-07-30 17:13:36,49000,3199998
2026-07-30 17:13:41,50000,3957070
2026-07-30 17:13:46,54000,3200000
2026-07-30 17:13:51,54000,3200000
2026-07-30 17:13:56,56000,3200000
2026-07-30 17:14:01,56000,3200001
2026-07-30 17:14:07,56000,3200000
2026-07-30 17:14:12,54000,3208222
2026-07-30 17:14:17,54000,3199988
2026-07-30 17:14:22,54000,3200000
2026-07-30 17:14:27,52000,3199987
2026-07-30 17:14:32,54000,3200000
2026-07-30 17:14:37,52000,3248221
2026-07-30 17:14:42,53000,3200000
2026-07-30 17:14:47,51000,3200004
2026-07-30 17:14:52,54000,3341862
2026-07-30 17:14:57,54000,3200037
2026-07-30 17:15:02,55000,3199998
2026-07-30 17:15:07,54000,3212714
2026-07-30 17:15:12,56000,3196591
2026-07-30 17:15:17,57000,3196679
2026-07-30 17:15:22,53000,3247448
2026-07-30 17:15:27,54000,3202290
2026-07-30 17:15:32,54000,3199998
2026-07-30 17:15:37,53000,3200005
2026-07-30 17:15:43,53000,3199998
2026-07-30 17:15:48,53000,3199998
2026-07-30 17:15:53,53000,3200001
2026-07-30 17:15:58,53000,3200000
2026-07-30 17:16:03,52000,3500000
2026-07-30 17:16:08,51000,3200000
2026-07-30 17:16:13,50000,3200000
2026-07-30 17:16:18,49000,3200000
2026-07-30 17:16:23,50000,3200000
2026-07-30 17:16:28,52000,3199775
2026-07-30 17:16:33,50000,3200003
2026-07-30 17:16:38,50000,3199926
2026-07-30 17:16:43,52000,3300079
2026-07-30 17:16:48,52000,3562556
2026-07-30 17:16:53,50000,3950550
2026-07-30 17:16:58,49000,3952129
2026-07-30 17:17:03,49000,3200000
2026-07-30 17:17:08,45000,3957546
2026-07-30 17:17:13,44000,3967678
2026-07-30 17:17:18,43000,3956518
2026-07-30 17:17:23,43000,3984426
2026-07-30 17:17:28,47000,3200001
2026-07-30 17:17:34,49000,3199988
2026-07-30 17:17:39,49000,3200001
2026-07-30 17:17:44,50000,3199991
2026-07-30 17:17:49,51000,3200000
2026-07-30 17:17:54,51000,3199549
2026-07-30 17:17:59,50000,3200327
2026-07-30 17:18:04,49000,3300119
2026-07-30 17:18:09,51000,3200000
2026-07-30 17:18:14,49000,3200336
2026-07-30 17:18:19,49000,3199991
2026-07-30 17:18:24,51000,3200000
2026-07-30 17:18:29,50000,3200000
2026-07-30 17:18:34,49000,3200088
2026-07-30 17:18:39,50000,3199187
2026-07-30 17:18:44,48000,3259207
2026-07-30 17:18:49,49000,3982836
2026-07-30 17:18:54,45000,3954868
2026-07-30 17:18:59,49000,3199976
2026-07-30 17:19:04,45000,3964370
2026-07-30 17:19:09,44000,3965323
2026-07-30 17:19:14,45000,3959330
2026-07-30 17:19:19,43000,3200001
2026-07-30 17:19:25,48000,3200000
2026-07-30 17:19:30,49000,3200000
2026-07-30 17:19:35,51000,3200000
2026-07-30 17:19:40,51000,3200011
2026-07-30 17:19:45,51000,3200004
2026-07-30 17:19:50,51000,3200000
2026-07-30 17:19:55,51000,3200000
2026-07-30 17:20:00,51000,3200000
2026-07-30 17:20:05,51000,3200000
2026-07-30 17:20:10,51000,3200000
2026-07-30 17:20:15,51000,3200000
2026-07-30 17:20:20,51000,3199835
2026-07-30 17:20:25,51000,3198961
2026-07-30 17:20:30,50000,3600000
2026-07-30 17:20:35,48000,4000000
2026-07-30 17:20:40,46000,4000055
2026-07-30 17:20:45,45000,3971553
2026-07-30 17:20:50,45000,3200000
2026-07-30 17:20:56,47000,3966681
2026-07-30 17:21:01,48000,3964335
2026-07-30 17:21:06,43000,3967473
2026-07-30 17:21:11,45000,3972307
2026-07-30 17:21:16,43000,3960957
2026-07-30 17:21:21,47000,3200000
2026-07-30 17:21:26,48000,3200001
2026-07-30 17:21:31,49000,3200000
2026-07-30 17:21:36,51000,3200016
2026-07-30 17:21:41,51000,3200011
2026-07-30 17:21:46,51000,3200892
2026-07-30 17:21:51,51000,3200000
2026-07-30 17:21:56,50000,3200080
2026-07-30 17:22:01,51000,3198548
2026-07-30 17:22:06,50000,3200110
2026-07-30 17:22:11,51000,3200334
2026-07-30 17:22:16,51000,3199918
2026-07-30 17:22:21,51000,3198355
2026-07-30 17:22:26,50000,3599910
2026-07-30 17:22:31,47000,3962147
2026-07-30 17:22:36,46000,3484815
2026-07-30 17:22:41,45000,3968554
2026-07-30 17:22:46,45000,3200000
2026-07-30 17:22:52,48000,3197298
2026-07-30 17:22:57,44000,3967784
2026-07-30 17:23:02,43000,3948619
2026-07-30 17:23:07,43000,3295892
2026-07-30 17:23:12,45000,3200004
2026-07-30 17:23:17,48000,3200000
2026-07-30 17:23:22,49000,3199999
2026-07-30 17:23:27,50000,3200001
2026-07-30 17:23:32,50000,3200001
2026-07-30 17:23:37,51000,3199999
2026-07-30 17:23:42,50000,3199903
2026-07-30 17:23:47,49000,3600000
2026-07-30 17:23:52,49000,3209259
2026-07-30 17:23:57,49000,3198209
2026-07-30 17:24:02,49000,3200000
2026-07-30 17:24:07,50000,3199999
2026-07-30 17:24:12,50000,3200000
2026-07-30 17:24:17,52000,3199911
2026-07-30 17:24:22,51000,3199998
2026-07-30 17:24:27,50000,3300069
2026-07-30 17:24:32,49000,3562181
2026-07-30 17:24:37,46000,3658904
2026-07-30 17:24:43,46000,3200000
2026-07-30 17:24:48,48000,3968287
2026-07-30 17:24:53,46000,3975629
2026-07-30 17:24:58,44000,3966774
2026-07-30 17:25:03,44000,3998554
2026-07-30 17:25:08,43000,3976629
2026-07-30 17:25:13,48000,3200001
2026-07-30 17:25:18,50000,3200001
2026-07-30 17:25:23,51000,3200000
2026-07-30 17:25:28,52000,3200000
2026-07-30 17:25:33,52000,3200000
2026-07-30 21:06:17,59000,3200000
2026-07-30 21:06:22,58000,3200000
2026-07-30 21:06:27,55000,3200001
2026-07-30 21:06:33,53000,3209112
2026-07-30 21:06:38,59000,3197693
2026-07-30 21:06:43,59000,3197722
2026-07-30 21:06:48,59000,3195300
2026-07-30 21:06:53,59000,3200000
2026-07-30 21:06:58,58000,3200000
2026-07-30 21:07:03,58000,3200012
2026-07-30 21:07:08,56000,3240704
2026-07-30 21:07:13,53000,3273793
2026-07-30 21:07:18,59000,3194578
2026-07-30 21:07:23,59000,3195387
2026-07-30 21:07:28,59000,3197209
2026-07-30 21:07:34,58000,3200001
2026-07-30 21:07:39,57000,3200000
2026-07-30 21:07:44,55000,3200000
2026-07-30 21:07:49,54000,3200002
2026-07-30 21:07:54,56000,3165875
2026-07-30 21:07:59,58000,3197059
2026-07-30 21:08:04,59000,3197035
2026-07-30 21:08:09,58000,3200001
2026-07-30 21:08:14,57000,3200001
2026-07-30 21:08:19,55000,3199998
2026-07-30 21:08:25,55000,3200012
2026-07-30 21:08:30,54000,3199998
2026-07-30 21:08:35,52000,3198525
2026-07-30 21:08:40,55000,3200000
2026-07-30 21:08:45,58000,3200000
2026-07-30 21:08:50,59000,3197193
2026-07-30 21:08:55,59000,3197620
2026-07-30 21:09:00,60000,3197202
2026-07-30 21:09:06,60000,3197713
2026-07-30 21:09:11,60000,3197709
2026-07-30 21:09:16,59000,3195430
2026-07-30 21:09:21,60000,3200000
2026-07-30 21:09:26,60000,3200001
2026-07-30 21:09:31,60000,3200001
2026-07-30 21:09:36,60000,3195181
2026-07-30 21:09:41,60000,3194591
2026-07-30 21:09:47,60000,3197173
2026-07-30 21:09:52,60000,3200000
2026-07-30 21:09:57,60000,3195356
2026-07-30 21:10:02,60000,3196982
2026-07-30 21:10:07,60000,3197258
2026-07-30 21:10:12,60000,3197538
2026-07-30 21:10:17,59000,3197722
2026-07-30 21:10:22,59000,3197843
2026-07-30 21:10:28,60000,3197168
2026-07-30 21:10:33,59000,3200000
2026-07-30 21:10:38,60000,3197269
2026-07-30 21:10:43,59000,3200001
2026-07-30 21:10:48,59000,3200000
2026-07-30 21:10:53,60000,3199999
2026-07-30 21:10:58,59000,3200004
2026-07-30 21:11:03,59000,3200000
2026-07-30 21:11:08,59000,3200001
2026-07-30 21:11:13,58000,3200027
2026-07-30 21:11:19,55000,3200000
2026-07-30 21:11:24,54000,3200031
2026-07-30 21:11:29,54000,3200000
2026-07-30 21:11:34,52000,3200001
2026-07-30 21:11:39,53000,3357878
2026-07-30 21:11:44,54000,3199998
2026-07-30 21:11:49,51000,3200000
2026-07-30 21:11:54,53000,3199990
2026-07-30 21:11:59,51000,3200001
2026-07-30 21:12:04,51000,3200000
2026-07-30 21:12:09,53000,3200000
2026-07-30 21:12:14,51000,3199998
2026-07-30 21:12:19,51000,3200006
2026-07-30 21:12:24,53000,3200000
2026-07-30 21:12:30,52000,3200009
2026-07-30 21:12:35,56000,3956950
2026-07-30 21:12:40,53000,3200001
2026-07-30 21:12:45,52000,3200001
2026-07-30 21:12:50,53000,3199629
2026-07-30 21:12:55,55000,3200000
2026-07-30 21:13:00,54000,3200006
2026-07-30 21:13:05,52000,3200000
2026-07-30 21:13:10,53000,3968469
2026-07-30 21:13:15,53000,3199993
2026-07-30 21:13:20,53000,3200035
2026-07-30 21:13:25,54000,3200000
2026-07-30 21:13:30,53000,3199997
2026-07-30 21:13:35,52000,3200000
2026-07-30 21:13:41,53000,3199998
2026-07-30 21:13:46,54000,3199998
2026-07-30 21:13:51,52000,3982518
2026-07-30 21:13:56,54000,3200000
2026-07-30 21:14:01,53000,3200009
2026-07-30 21:14:06,52000,3952838
2026-07-30 21:14:11,54000,3200000
2026-07-30 21:14:16,55000,3573163
2026-07-30 21:14:21,54000,3199439
2026-07-30 21:14:26,54000,3200000
2026-07-30 21:14:31,55000,3200000
2026-07-30 21:14:37,54000,3199997
2026-07-30 21:14:42,54000,3200014
2026-07-30 21:14:47,53000,3199643
2026-07-30 21:14:52,54000,3199998
2026-07-30 21:14:57,53000,3200008
2026-07-30 21:15:02,54000,3973976
2026-07-30 21:15:07,54000,3199998
2026-07-30 21:15:12,52000,3600001
2026-07-30 21:15:17,53000,3199996
2026-07-30 21:15:22,54000,3200000
2026-07-30 21:15:27,54000,3200003
2026-07-30 21:15:32,54000,3200001
2026-07-30 21:15:38,54000,3200000
2026-07-30 21:15:43,53000,3200001
2026-07-30 21:15:48,54000,3199896
2026-07-30 21:15:53,54000,3198850
2026-07-30 21:15:58,55000,3190930
2026-07-30 21:16:03,55000,3199998
2026-07-30 21:16:08,55000,3198803
2026-07-30 21:16:13,54000,3199671
2026-07-30 21:16:18,57000,3973867
2026-07-30 21:16:23,55000,3198786
2026-07-30 21:16:28,55000,3194997
2026-07-30 21:16:33,58000,3197142
2026-07-30 21:16:38,56000,3196836
2026-07-30 21:16:43,54000,3200000
2026-07-30 21:16:48,51000,3965513
2026-07-30 21:16:53,55000,3199395
2026-07-30 21:16:58,56000,3199711
2026-07-30 21:17:03,56000,3199450
2026-07-30 21:17:08,56000,3197137
2026-07-30 21:17:13,55000,3200000
2026-07-30 21:17:18,55000,3199548
2026-07-30 21:17:23,55000,3199106
2026-07-30 21:17:28,56000,3199266
2026-07-30 21:17:33,56000,3199642
2026-07-30 21:17:38,56000,3232153
2026-07-30 21:17:43,54000,3205841
2026-07-30 21:17:48,55000,3199896
2026-07-30 21:17:53,55000,3198136
2026-07-30 21:17:58,57000,3199729
2026-07-30 21:18:03,56000,3199407
2026-07-30 21:18:08,54000,3964917
2026-07-30 21:18:13,58000,3968836
2026-07-30 21:18:18,56000,3200003
2026-07-30 21:18:23,56000,3199998
2026-07-30 21:18:28,55000,3199998
2026-07-30 21:18:34,54000,3199498
2026-07-30 21:18:39,57000,3200000
2026-07-30 21:18:44,55000,3193992
2026-07-30 21:18:49,54000,3190561
2026-07-30 21:18:54,56000,3199232
2026-07-30 21:18:59,56000,3199795
2026-07-30 21:19:04,55000,3188535
2026-07-30 21:19:09,51000,3197383
2026-07-30 21:19:14,55000,3199652
2026-07-30 21:19:19,56000,3199792
2026-07-30 21:19:24,55000,3200000
2026-07-30 21:19:29,55000,3199697
2026-07-30 21:19:34,56000,3199774
2026-07-30 21:19:39,55000,3200000
2026-07-30 21:19:44,52000,3366267
2026-07-30 21:19:49,55000,3199643
2026-07-30 21:19:54,54000,3199998
2026-07-30 21:19:59,54000,3196482
2026-07-30 21:20:04,58000,3327448
2026-07-30 21:20:09,58000,3984665
2026-07-30 21:20:14,55000,3198895
2026-07-30 21:20:19,54000,3200006
2026-07-30 21:20:24,55000,3177177
2026-07-30 21:20:29,54000,3200001
2026-07-30 21:20:34,54000,3313197
2026-07-30 21:20:39,55000,3199852
2026-07-30 21:20:45,54000,3200000
2026-07-30 21:20:50,54000,3200011
2026-07-30 21:20:55,55000,3200000
2026-07-30 21:21:00,54000,3197341
2026-07-30 21:21:05,54000,3200000
2026-07-30 21:21:10,54000,3199324
2026-07-30 21:21:15,54000,3199990
2026-07-30 21:21:20,54000,3199897
2026-07-30 21:21:25,54000,3199998
2026-07-30 21:21:30,54000,3200000
2026-07-30 21:21:35,56000,3200007
2026-07-30 21:21:40,51000,3200071
2026-07-30 21:21:45,54000,3245236
2026-07-30 21:21:50,53000,3200000
2026-07-30 21:21:55,52000,3200000
2026-07-30 21:22:00,54000,3199871
2026-07-30 21:22:05,57000,3570682
2026-07-30 21:22:10,55000,3197810
2026-07-30 21:22:16,53000,3199973
2026-07-30 21:22:21,51000,3180626
2026-07-30 21:22:26,53000,3199997
2026-07-30 21:22:31,53000,3200000
2026-07-30 21:22:36,54000,3200001
2026-07-30 21:22:41,52000,3199996
2026-07-30 21:22:46,51000,3998987
2026-07-30 21:22:51,54000,3199971
2026-07-30 21:22:56,52000,3199998
2026-07-30 21:23:01,54000,3200013
2026-07-30 21:23:06,54000,3200000
2026-07-30 21:23:11,54000,3200000
2026-07-30 21:23:16,54000,3200000
2026-07-30 21:23:21,53000,3201233
2026-07-30 21:23:27,54000,3200000
2026-07-30 21:23:32,54000,3199366
2026-07-30 21:23:37,54000,3200016
2026-07-30 21:23:42,51000,3199998
2026-07-30 21:23:47,54000,3200000
2026-07-30 21:23:52,53000,3200000
2026-07-30 21:23:57,51000,3953230
2026-07-30 21:24:02,53000,3200001
2026-07-30 21:24:07,53000,3200000
2026-07-30 21:24:12,54000,3199998
2026-07-30 21:24:18,53000,3196096
2026-07-30 21:24:23,58000,3525169
2026-07-30 21:24:28,54000,3200000
2026-07-30 21:24:33,56000,3197859
2026-07-30 21:24:38,54000,3199990
2026-07-30 21:24:43,54000,3200000
2026-07-30 21:24:48,53000,3200000
2026-07-30 21:24:53,54000,3200000
2026-07-30 21:24:58,53000,3200000
2026-07-30 21:25:03,53000,3199998
2026-07-30 21:25:08,54000,3199082
2026-07-30 21:25:13,54000,3200004
2026-07-30 21:25:18,53000,3200000
2026-07-30 21:25:23,54000,3200001
2026-07-30 21:25:29,54000,3199777
2026-07-30 21:25:34,53000,3200000
2026-07-30 21:25:39,54000,3200001
2026-07-30 21:25:44,54000,3200017
2026-07-30 21:25:49,54000,3199983
2026-07-30 21:25:54,54000,3199995
2026-07-30 21:25:59,54000,3199986
2026-07-30 21:26:04,54000,3200000
2026-07-30 21:26:09,54000,3199010
2026-07-30 21:26:15,54000,3200000
2026-07-30 21:26:20,53000,3199994
2026-07-30 21:26:25,56000,3200001
2026-07-30 21:26:30,55000,3200001
2026-07-30 21:26:35,51000,3196038
2026-07-30 21:26:40,54000,3199978
2026-07-30 21:26:45,54000,3200000
2026-07-30 21:26:50,58000,3969084
2026-07-30 21:26:55,54000,3199998
2026-07-30 21:27:00,51000,3200000
2026-07-30 21:27:05,53000,3200107
2026-07-30 21:27:10,52000,3200036
2026-07-30 21:27:16,54000,3199087
2026-07-30 21:27:21,53000,3199029
2026-07-30 21:27:26,54000,3487083
2026-07-30 21:27:31,55000,3200000
2026-07-30 21:27:36,52000,3200034
2026-07-30 21:27:41,55000,3200009
2026-07-30 21:27:46,54000,3198017
2026-07-30 21:27:51,54000,3200001
2026-07-30 21:27:56,52000,3183273
2026-07-30 21:28:01,55000,3200007
2026-07-30 21:28:06,55000,3200000
2026-07-30 21:28:11,54000,3200000
2026-07-30 21:28:16,56000,3200000
2026-07-30 21:28:21,54000,3199955
2026-07-30 21:28:26,57000,3200000
2026-07-30 21:28:31,55000,3200000
2026-07-30 21:28:37,55000,3200001
2026-07-30 21:28:42,57000,3200005
2026-07-30 21:28:47,57000,3200000
2026-07-30 21:28:52,55000,3200000
2026-07-30 21:28:57,55000,3191653
2026-07-30 21:29:02,58000,2973464
2026-07-30 21:29:07,58000,3200000
2026-07-30 21:29:12,56000,3199977
2026-07-30 21:29:17,58000,3192052
2026-07-30 21:29:22,58000,3200005
2026-07-30 21:29:27,57000,3200000
2026-07-30 21:29:32,54000,3188517
2026-07-30 21:29:37,58000,3031940
2026-07-30 21:29:42,58000,3180818
2026-07-30 21:29:48,58000,3199753
2026-07-30 21:29:53,57000,3199673
2026-07-30 21:29:58,58000,3100002
2026-07-30 21:30:03,58000,3200000
2026-07-30 21:30:08,57000,3254886
2026-07-30 21:30:13,58000,3186123
2026-07-30 21:30:18,58000,3199983
2026-07-30 21:30:23,58000,3208445
2026-07-30 21:30:28,55000,3336498
2026-07-30 21:30:33,58000,3116449
2026-07-30 21:30:38,59000,3191222
2026-07-30 21:30:43,57000,3199998
2026-07-30 21:30:49,55000,3147476
2026-07-30 21:30:54,58000,3195110
2026-07-30 21:30:59,57000,3171387
2026-07-30 21:31:04,57000,3199651
2026-07-30 21:31:09,57000,3200000
2026-07-30 21:31:14,56000,3199599
2026-07-30 21:31:19,56000,3199592
2026-07-30 21:31:24,58000,3199209
2026-07-30 21:31:29,56000,3198968
2026-07-30 21:31:34,56000,3199793
2026-07-30 21:31:39,54000,3499998
2026-07-30 21:31:44,58000,3200000
2026-07-30 21:31:49,56000,3199509
2026-07-30 21:31:54,57000,3199552
2026-07-30 21:31:59,57000,3199864
2026-07-30 21:32:04,56000,3199616
2026-07-30 21:32:09,56000,3199622
2026-07-30 21:32:14,57000,3199876
2026-07-30 21:32:19,55000,3199872
2026-07-30 21:32:24,55000,3199906
2026-07-30 21:32:29,55000,3584707
2026-07-30 21:32:34,56000,3199757
2026-07-30 21:32:39,57000,3195054
2026-07-30 21:32:44,57000,3198658
2026-07-30 21:32:49,57000,3199918
2026-07-30 21:32:54,57000,3200000
2026-07-30 21:32:59,55000,3199899
2026-07-30 21:33:04,54000,3011358
2026-07-30 21:33:09,56000,3199355
2026-07-30 21:33:14,57000,3199586
2026-07-30 21:33:19,58000,3200742
2026-07-30 21:33:24,58000,3199773
2026-07-30 21:33:29,56000,3199890
2026-07-30 21:33:34,58000,3966218
2026-07-30 21:33:39,57000,3199974
2026-07-30 21:33:45,55000,3199824
2026-07-30 21:33:50,58000,3199887
2026-07-30 21:33:55,56000,3199387
2026-07-30 21:34:00,57000,3199976
2026-07-30 21:34:05,55000,3209789
2026-07-30 21:34:10,57000,3200007
2026-07-30 21:34:15,56000,3200000
2026-07-30 21:34:20,56000,3199751
2026-07-30 21:34:25,58000,3200003
2026-07-30 21:34:30,57000,3200000
2026-07-30 21:34:35,55000,3562087
2026-07-30 21:34:40,57000,2929194
2026-07-30 21:34:45,56000,3199245
2026-07-30 21:34:50,57000,3199998
2026-07-30 21:34:55,57000,3198372
2026-07-30 21:35:00,56000,3199610
2026-07-30 21:35:05,57000,3100005
2026-07-30 21:35:10,58000,3199784
2026-07-30 21:35:15,52000,3316393
2026-07-30 21:35:20,57000,3098744
2026-07-30 21:35:25,55000,3187389
2026-07-30 21:35:30,54000,3965937
2026-07-30 21:35:35,56000,3000003
2026-07-30 21:35:41,56000,3200007
2026-07-30 21:35:46,54000,3203063
2026-07-30 21:35:51,57000,3200018
2026-07-30 21:35:56,57000,3200000
2026-07-30 21:36:01,57000,3199983
2026-07-30 21:36:06,57000,3209649
2026-07-30 21:36:11,58000,3270103
2026-07-30 21:36:16,56000,3200000
2026-07-30 21:36:21,56000,3246042
2026-07-30 21:36:26,58000,3329965
2026-07-30 21:36:31,56000,3200000
2026-07-30 21:36:36,58000,3199998
2026-07-30 21:36:41,56000,3285273
2026-07-30 21:36:46,57000,3200000
2026-07-30 21:36:51,58000,3200000
2026-07-30 21:36:57,58000,3200041
2026-07-30 21:37:02,57000,3247729
2026-07-30 21:37:07,56000,3200000
2026-07-30 21:37:12,57000,3261373
2026-07-30 21:37:17,56000,3274916
2026-07-30 21:37:22,54000,2885416
2026-07-30 21:37:27,57000,3279918
2026-07-30 21:37:32,56000,3209525
2026-07-30 21:37:37,55000,3200001
2026-07-30 21:37:42,56000,3281579
2026-07-30 21:37:47,56000,3199998
2026-07-30 21:37:52,56000,3240828
2026-07-30 21:37:57,57000,3224850
2026-07-30 21:38:02,55000,3200000
2026-07-30 21:38:07,56000,3290790
2026-07-30 21:38:12,56000,3201228
2026-07-30 21:38:17,53000,3200002
2026-07-30 21:38:22,57000,3315538
2026-07-30 21:38:27,57000,3199706
2026-07-30 21:38:32,54000,2889403
2026-07-30 21:38:37,56000,3197098
2026-07-30 21:38:42,56000,3285546
2026-07-30 21:38:47,54000,3200000
2026-07-30 21:38:52,56000,3213949
2026-07-30 21:38:57,56000,3279497
2026-07-30 21:39:02,56000,3200004
2026-07-30 21:39:08,58000,3225664
2026-07-30 21:39:13,56000,3268089
2026-07-30 21:39:18,56000,3200000
2026-07-30 21:39:23,56000,3229037
2026-07-30 21:39:28,56000,3268900
2026-07-30 21:39:33,58000,3987144
2026-07-30 21:39:38,56000,3225921
2026-07-30 21:39:43,56000,3332571
2026-07-30 21:39:48,54000,3200001
2026-07-30 21:39:53,54000,3202332
2026-07-30 21:39:58,54000,3200000
2026-07-30 21:40:03,53000,3190774
2026-07-30 21:40:08,54000,3200000
2026-07-30 21:40:13,54000,3199601
2026-07-30 21:40:18,52000,3200378
2026-07-30 21:40:23,52000,3200000
2026-07-30 21:40:28,52000,3199637
2026-07-30 21:40:33,52000,3198346
2026-07-30 21:40:38,51000,3199998
2026-07-30 21:40:43,51000,3200000
2026-07-30 21:40:48,52000,3200000
2026-07-30 21:40:53,51000,3199996
2026-07-30 21:40:58,50000,3973028
2026-07-30 21:41:03,47000,3961530
2026-07-30 21:41:08,48000,3200001
2026-07-30 21:41:14,48000,3979247
2026-07-30 21:41:19,46000,3974679
2026-07-30 21:41:24,45000,3968867
2026-07-30 21:41:29,44000,3979096
2026-07-30 21:41:34,48000,3199972
2026-07-30 21:41:39,50000,3199998
2026-07-30 21:41:44,51000,3200000
2026-07-30 21:41:49,51000,3196642
2026-07-30 21:41:54,51000,3200001
2026-07-30 21:41:59,51000,3200000
2026-07-30 21:42:04,51000,3200000
2026-07-30 21:42:09,51000,3199904
2026-07-30 21:42:14,51000,3199621
2026-07-30 21:42:19,51000,3199447
2026-07-30 21:42:24,51000,3200000
2026-07-30 21:42:29,50000,3199923
2026-07-30 21:42:34,51000,3200023
2026-07-30 21:42:39,50000,3300000
2026-07-30 21:42:44,48000,3968631
2026-07-30 21:42:49,47000,3971670
2026-07-30 21:42:54,48000,3200016
2026-07-30 21:42:59,50000,3962638
2026-07-30 21:43:04,45000,3967023
2026-07-30 21:43:09,46000,3967741
2026-07-30 21:43:14,48000,3200000
2026-07-30 21:43:20,51000,3199998
2026-07-30 21:43:25,51000,3200000
2026-07-30 21:43:30,51000,3200005
2026-07-30 21:43:35,51000,3199998
2026-07-30 21:43:40,51000,3200000
2026-07-30 21:43:45,51000,3201007
2026-07-30 21:43:50,51000,3200000
2026-07-30 21:43:55,51000,3200000
2026-07-30 21:44:00,52000,3200085
2026-07-30 21:44:05,51000,3200488
2026-07-30 21:44:10,51000,3199934
2026-07-30 21:44:15,51000,3199894
2026-07-30 21:44:20,50000,3220397
2026-07-30 21:44:25,48000,3964709
2026-07-30 21:44:30,50000,3959528
2026-07-30 21:44:35,49000,3200004
2026-07-30 21:44:40,48000,3956076
2026-07-30 21:44:45,46000,3955238
2026-07-30 21:44:50,44000,3944804
2026-07-30 21:44:55,45000,3872087
2026-07-30 21:45:00,48000,3200000
2026-07-30 21:45:05,50000,3200001
2026-07-30 21:45:11,52000,3200001
2026-07-30 21:45:16,51000,3199991
2026-07-30 21:45:21,53000,3199994
2026-07-30 21:45:26,52000,3200001
2026-07-30 21:45:31,51000,3200000
2026-07-30 21:45:36,52000,3200000
2026-07-30 21:45:41,51000,3200000
2026-07-30 21:45:46,51000,3200000
2026-07-30 21:45:51,51000,3199249
2026-07-30 21:45:56,51000,3200000
2026-07-30 21:46:01,51000,3199581
2026-07-30 21:46:06,51000,3300001
2026-07-30 21:46:11,48000,3944097
2026-07-30 21:46:16,46000,3952129
2026-07-30 21:46:21,49000,3199988
2026-07-30 21:46:26,48000,3968278
2026-07-30 21:46:31,45000,3944480
2026-07-30 21:46:36,45000,3973582
2026-07-30 21:46:41,44000,3949301
2026-07-30 21:46:46,48000,3199998
2026-07-30 21:46:51,50000,3200015
2026-07-30 21:46:56,53000,3200028
2026-07-30 21:47:02,51000,3200011
2026-07-30 21:47:07,51000,3200000
2026-07-30 21:47:12,51000,3200000
2026-07-30 21:47:17,50000,3200000
2026-07-30 21:47:22,51000,3199783
2026-07-30 21:47:27,51000,3200000
2026-07-30 21:47:32,51000,3200000
2026-07-30 21:47:37,50000,3200862
2026-07-30 21:47:42,50000,3199555
2026-07-30 21:47:47,51000,3200107
2026-07-30 21:47:52,51000,3200000
2026-07-30 21:47:57,52000,3948453
2026-07-30 21:48:02,45000,3785681
2026-07-30 21:48:07,50000,3200001
2026-07-30 21:48:12,48000,3689124
2026-07-30 21:48:17,49000,3965828
2026-07-30 21:48:22,46000,3929068
2026-07-30 21:48:27,46000,3200000
2026-07-30 21:48:32,49000,3200000
2026-07-30 21:48:37,50000,3200000
2026-07-30 21:48:42,51000,3200000
2026-07-30 21:48:47,51000,3200000
2026-07-30 21:48:53,51000,3199999
2026-07-30 21:48:58,52000,3200000
2026-07-30 21:49:03,51000,3200000
2026-07-30 21:49:08,51000,3199998
2026-07-30 21:49:13,50000,3200201
2026-07-30 21:49:18,51000,3200118
2026-07-30 21:49:23,51000,3200000
2026-07-30 21:49:28,52000,3200000
2026-07-30 21:49:33,51000,3200000
2026-07-30 21:49:38,50000,3405151
2026-07-30 21:49:43,50000,3956274
2026-07-30 21:49:48,48000,3200000
2026-07-30 21:49:53,49000,3539388
2026-07-30 21:49:58,45000,3946791
2026-07-30 21:50:03,49000,3949301
2026-07-30 21:50:08,44000,3886911
2026-07-30 21:50:13,47000,3200001
2026-07-30 21:50:18,49000,3200004
2026-07-30 21:50:23,50000,3200000
2026-07-30 21:50:28,51000,3200000
2026-07-30 21:50:33,51000,3200000
2026-07-30 21:50:38,51000,3199998
2026-07-30 21:50:43,52000,3200008
2026-07-30 21:50:48,51000,3199098
2026-07-30 21:50:53,51000,3199999
2026-07-30 21:50:58,51000,3200000
2026-07-30 21:51:03,51000,3200117
2026-07-30 21:51:08,51000,3200000
2026-07-30 21:51:13,51000,3200000
2026-07-30 21:51:18,51000,3199434
2026-07-30 21:51:23,49000,3556380
2026-07-30 21:51:28,52000,3953711
2026-07-30 21:51:33,49000,3199783
2026-07-30 21:51:38,46000,3700291
2026-07-30 21:51:43,47000,3952583
2026-07-30 21:51:48,47000,3966315
2026-07-30 21:51:53,48000,3976394
2026-07-30 21:51:58,48000,3200001
2026-07-30 21:52:04,50000,3200000
2026-07-30 21:52:09,51000,3199998
2026-07-30 21:52:14,51000,3200006
2026-07-30 21:52:19,51000,3200001
2026-07-30 21:52:24,51000,3200000
2026-07-30 21:52:29,51000,3200000
2026-07-30 21:52:34,51000,3199996
2026-07-30 21:52:39,51000,3199595
2026-07-30 21:52:44,52000,3200000
2026-07-30 21:52:49,51000,3200000
2026-07-30 21:52:54,51000,3199753
2026-07-30 21:52:59,51000,3199861
2026-07-30 21:53:04,51000,3200000
2026-07-30 21:53:09,48000,3977182
2026-07-30 21:53:14,46000,3594813
2026-07-30 21:53:19,49000,3200000
2026-07-30 21:53:24,46000,3972429
2026-07-30 21:53:29,45000,3964750
2026-07-30 21:53:34,43000,3965241
2026-07-30 21:53:40,48000,3200001
2026-07-30 21:53:45,49000,3200000
2026-07-30 21:53:50,52000,3200001
2026-07-30 21:53:55,51000,3200000
2026-07-30 21:54:00,51000,3200000
2026-07-30 21:54:05,51000,3198679
2026-07-30 21:54:10,51000,3200103
2026-07-30 21:54:15,51000,3200000
2026-07-30 21:54:20,51000,3199669
2026-07-30 21:54:25,51000,3199884
2026-07-30 21:54:30,51000,3199921
2026-07-30 21:54:35,50000,3200090
2026-07-30 21:54:40,51000,3198318
2026-07-30 21:54:45,51000,3199926
2026-07-30 21:54:50,53000,4000000
2026-07-30 21:54:55,50000,3964563
2026-07-30 21:55:00,49000,3200000
2026-07-30 21:55:05,47000,4000175
2026-07-30 21:55:10,48000,4000081
2026-07-30 21:55:15,45000,4000000
2026-07-30 21:55:20,47000,3200001
2026-07-30 21:55:25,49000,3199998
2026-07-30 21:55:31,51000,3199998
2026-07-30 21:55:36,51000,3200000
2026-07-30 21:55:41,51000,3196980
2026-07-30 21:55:46,51000,3200087
2026-07-30 21:55:51,51000,3200081
2026-07-30 21:55:56,51000,3199113
2026-07-30 21:56:01,52000,3200089
2026-07-30 21:56:06,51000,3199899
2026-07-30 21:56:11,51000,3200245
2026-07-30 21:56:16,52000,3200072
2026-07-30 21:56:21,52000,3200076
2026-07-30 21:56:26,51000,3200000
2026-07-30 21:56:31,49000,3967092
2026-07-30 21:56:36,46000,3962595
2026-07-30 21:56:41,48000,3200008
2026-07-30 21:56:46,46000,3960061
2026-07-30 21:56:51,49000,3948681
2026-07-30 21:56:56,47000,3957789
2026-07-30 21:57:01,49000,3200001
2026-07-30 21:57:06,50000,3200000
2026-07-30 21:57:11,51000,3200003
2026-07-30 21:57:17,51000,3200013
2026-07-30 21:57:22,51000,3200004
2026-07-30 21:57:27,51000,3200000
2026-07-30 21:57:32,51000,3200000
2026-07-30 21:57:37,51000,3199886
2026-07-30 21:57:42,51000,3200000
2026-07-30 21:57:47,51000,3200000
2026-07-30 21:57:52,51000,3200117
2026-07-30 21:57:57,51000,3200000
2026-07-30 21:58:02,51000,3198895
2026-07-30 21:58:07,50000,3198986
2026-07-30 21:58:12,50000,3959760
2026-07-30 21:58:17,50000,3964105
2026-07-30 21:58:22,48000,3200003
2026-07-30 21:58:27,46000,3950312
2026-07-30 21:58:32,45000,3957810
2026-07-30 21:58:37,48000,3953213
2026-07-30 21:58:42,43000,3945380
2026-07-30 21:58:47,48000,3200000
2026-07-30 21:58:52,49000,3200001
2026-07-30 21:58:57,51000,3200004
2026-07-30 21:59:02,51000,3200004
2026-07-30 21:59:08,51000,3199999
2026-07-30 21:59:13,51000,3199924
2026-07-30 21:59:18,51000,3200019
2026-07-30 21:59:23,51000,3199995
2026-07-30 21:59:28,51000,3200000
2026-07-30 21:59:33,51000,3200000
2026-07-30 21:59:38,51000,3199999
2026-07-30 21:59:43,51000,3200121
2026-07-30 21:59:48,51000,3198609
2026-07-30 21:59:53,51000,3200001
2026-07-30 21:59:58,48000,3977165
2026-07-30 22:00:03,47000,3200015
2026-07-30 22:00:08,48000,3206505
2026-07-30 22:00:13,48000,3946496
2026-07-30 22:00:18,44000,3950252
2026-07-30 22:00:23,45000,3861388
2026-07-30 22:00:28,47000,3200001
2026-07-30 22:00:33,49000,3200011
2026-07-30 22:00:38,50000,3199999
2026-07-30 22:00:43,51000,3200000
2026-07-30 22:00:48,51000,3200001
2026-07-30 22:00:53,52000,3199904
2026-07-30 22:00:59,51000,3200387
2026-07-30 22:01:04,51000,3199905
2026-07-30 22:01:09,51000,3199907
2026-07-30 22:01:14,52000,3200394
2026-07-30 22:01:19,51000,3200081
2026-07-30 22:01:24,53000,3200000
2026-07-30 22:01:29,52000,3200000
2026-07-30 22:01:34,51000,3199926
2026-07-30 22:01:39,50000,4000000
2026-07-30 22:01:44,46000,3953112
2026-07-30 22:01:49,47000,3200001
2026-07-30 22:01:54,48000,3962848
2026-07-30 22:01:59,48000,3955441
2026-07-30 22:02:04,45000,4000000
2026-07-30 22:02:09,44000,4000000
2026-07-30 22:02:14,47000,3200000
2026-07-30 22:02:19,49000,3199998
2026-07-30 22:02:24,51000,3199998
2026-07-30 22:02:29,51000,3200000
2026-07-30 22:02:34,51000,3200000
2026-07-30 22:02:39,51000,3200093
2026-07-30 22:02:44,51000,3201008
2026-07-30 22:02:49,51000,3200000
2026-07-30 22:02:55,51000,3200912
2026-07-30 22:03:00,51000,3200000
2026-07-30 22:03:05,51000,3199734
2026-07-30 22:03:10,51000,3200061
2026-07-30 22:03:15,51000,3199192
2026-07-30 22:03:20,51000,3199512
2026-07-30 22:03:25,53000,3964780
2026-07-30 22:03:30,47000,3972559
2026-07-30 22:03:35,49000,3200000
2026-07-30 22:03:40,49000,3948955
2026-07-30 22:03:45,49000,3949772
2026-07-30 22:03:50,45000,3956698
2026-07-30 22:03:55,45000,3947094
2026-07-30 22:04:00,48000,3200000
2026-07-30 22:04:05,49000,3200000
2026-07-30 22:04:10,51000,3199998
2026-07-30 22:04:15,51000,3200000
2026-07-30 22:04:20,51000,3200000
2026-07-30 22:04:25,51000,3199997
2026-07-30 22:04:30,51000,3199568
2026-07-30 22:04:35,51000,3200000
2026-07-30 22:04:41,51000,3200000
2026-07-30 22:04:46,51000,3200000
2026-07-30 22:04:51,51000,3199909
2026-07-30 22:04:56,50000,3300060
2026-07-30 22:05:01,49000,3300000
2026-07-30 22:05:06,51000,3360505
2026-07-30 22:05:11,48000,3600000
2026-07-30 22:05:16,50000,3499997
2026-07-30 22:05:21,47000,3996289
2026-07-30 22:05:26,47000,3200001
2026-07-30 22:05:31,47000,3963164
2026-07-30 22:05:36,48000,3647281
2026-07-30 22:05:41,46000,3960649
2026-07-30 22:05:46,45000,3200001
2026-07-30 22:05:51,49000,3200000
2026-07-30 22:05:56,50000,3200000
2026-07-30 22:06:01,51000,3200000
2026-07-30 22:06:06,51000,3200003
2026-07-30 22:06:11,51000,3200001
2026-07-30 22:06:16,51000,3200102
2026-07-30 22:06:21,51000,3199901
2026-07-30 22:06:26,51000,3200000
2026-07-30 22:06:31,52000,3200000
2026-07-30 22:06:37,52000,3200001
2026-07-30 22:06:42,50000,3200016
2026-07-30 22:06:47,50000,3199973
2026-07-30 22:06:52,51000,3200000
2026-07-30 22:06:57,50000,3198796
2026-07-30 22:07:02,49000,3952329
2026-07-30 22:07:07,47000,3200000
2026-07-30 22:07:12,48000,3937469
2026-07-30 22:07:17,49000,3945989
2026-07-30 22:07:22,47000,3974590
2026-07-30 22:07:27,44000,3953432
2026-07-30 22:07:32,47000,3200000
2026-07-30 22:07:37,49000,3200000
2026-07-30 22:07:42,50000,3200000
2026-07-30 22:07:47,51000,3200001
2026-07-30 22:07:52,51000,3200011
2026-07-30 22:07:57,51000,3200000
2026-07-30 22:08:02,51000,3199945
2026-07-30 22:08:07,51000,3199734
2026-07-30 22:08:12,51000,3198363
2026-07-30 22:08:17,51000,3199253
2026-07-30 22:08:22,51000,3200000
2026-07-30 22:08:27,51000,3199903
2026-07-30 22:08:32,51000,3198707
2026-07-30 22:08:37,50000,3200000
2026-07-30 22:08:42,49000,3600076
2026-07-30 22:08:48,46000,3945807
2026-07-30 22:08:53,46000,3199999
2026-07-30 22:08:58,48000,3971178
2026-07-30 22:09:03,45000,3954840
2026-07-30 22:09:08,44000,3354673
2026-07-30 22:09:13,43000,3962199
2026-07-30 22:09:18,46000,3200000
2026-07-30 22:09:23,49000,3200000
2026-07-30 22:09:28,50000,3200000
2026-07-30 22:09:33,52000,3200001
2026-07-30 22:09:38,51000,3200000
2026-07-30 22:09:43,51000,3198070
2026-07-30 22:09:48,52000,3200000
2026-07-30 22:09:53,51000,3199104
2026-07-30 22:09:58,51000,3199765
2026-07-30 22:10:03,51000,3200102
2026-07-30 22:10:08,51000,3200001
2026-07-30 22:10:13,52000,3200118
2026-07-30 22:10:18,51000,3199905
2026-07-30 22:10:23,51000,3200000
2026-07-30 22:10:28,49000,3934972
2026-07-30 22:10:33,51000,3965676
2026-07-30 22:10:38,49000,3199999
2026-07-30 22:10:43,49000,3953934
2026-07-30 22:10:48,45000,3954123
2026-07-30 22:10:53,44000,3690574
2026-07-30 22:10:58,47000,3200000
2026-07-30 22:11:04,49000,3200000
2026-07-30 22:11:09,50000,3199998
2026-07-30 22:11:14,51000,3199998
2026-07-30 22:11:19,51000,3199593
2026-07-30 22:11:24,51000,3200000
2026-07-30 22:11:29,51000,3199681
2026-07-30 22:11:34,51000,3199994
2026-07-30 22:11:39,51000,3200000
2026-07-30 22:11:44,50000,3199673
2026-07-30 22:11:49,49000,3199932
2026-07-30 22:11:54,49000,3167395
2026-07-30 22:11:59,50000,3198195
2026-07-30 22:12:04,49000,3223483
2026-07-30 22:12:09,50000,3298099
2026-07-30 22:12:14,49000,3200757
2026-07-30 22:12:19,50000,3972093
2026-07-30 22:12:24,45000,3898110
2026-07-30 22:12:29,49000,3200003
2026-07-30 22:12:34,48000,3982407
2026-07-30 22:12:39,44000,3974313
2026-07-30 22:12:44,43000,3953214
2026-07-30 22:12:49,45000,3200000
2026-07-30 22:12:55,49000,3200000
2026-07-30 22:13:00,50000,3200003
2026-07-30 22:13:05,51000,3200003
2026-07-30 22:13:10,54000,3200000
2026-07-30 22:13:15,51000,3199998
2026-07-30 22:13:20,51000,3200000
2026-07-30 22:13:25,51000,3200000
2026-07-30 22:13:30,51000,3200000
2026-07-30 22:13:35,51000,3199792
2026-07-30 22:13:40,51000,3200000
2026-07-30 22:13:45,51000,3199294
2026-07-30 22:13:50,51000,3200000
2026-07-30 22:13:55,51000,3200000
2026-07-30 22:14:00,49000,3281835
2026-07-30 22:14:05,50000,3970182
2026-07-30 22:14:10,45000,3953326
2026-07-30 22:14:15,48000,3192847
2026-07-30 22:14:20,45000,3963038
2026-07-30 22:14:25,47000,3962098
2026-07-30 22:14:30,47000,3200000
2026-07-30 22:14:35,48000,3199990
2026-07-30 22:14:40,50000,3200000
2026-07-30 22:14:45,51000,3199998
2026-07-30 22:14:51,51000,3189356
2026-07-30 22:14:56,51000,3200001
2026-07-30 22:15:01,51000,3200000
2026-07-30 22:15:06,51000,3200108
2026-07-30 22:15:11,51000,3200088
2026-07-30 22:15:16,51000,3200000
2026-07-30 22:15:21,52000,3200000
2026-07-30 22:15:26,51000,3200007
2026-07-30 22:15:31,50000,3200000
2026-07-30 22:15:36,51000,3200661
2026-07-30 22:15:41,50000,3562523
2026-07-30 22:15:46,47000,3955183
2026-07-30 22:15:51,47000,3200000
2026-07-30 22:15:56,53000,3951068
2026-07-30 22:16:01,48000,3954095
2026-07-30 22:16:06,49000,3949275
2026-07-30 22:16:11,43000,3965456
2026-07-30 22:16:16,48000,3200001
2026-07-30 22:16:21,49000,3200000
2026-07-30 22:16:26,51000,3199983
2026-07-30 22:16:31,51000,3200000
2026-07-30 22:16:36,51000,3200005
2026-07-30 22:16:41,52000,3200066
2026-07-30 22:16:46,51000,3200000
2026-07-30 22:16:51,51000,3200000
2026-07-30 22:16:57,51000,3200000
2026-07-30 22:17:02,52000,3200000
2026-07-30 22:17:07,51000,3200000
2026-07-30 22:17:12,51000,3200000
2026-07-30 22:17:17,51000,3200682
2026-07-30 22:17:22,51000,3200000
2026-07-30 22:17:27,48000,3931874
2026-07-30 22:17:32,51000,3984926
2026-07-30 22:17:37,50000,3200000
2026-07-30 22:17:42,50000,4000076
2026-07-30 22:17:47,45000,4000000
2026-07-30 22:17:52,44000,3999930
2026-07-30 22:17:57,47000,3200000
2026-07-30 22:18:02,50000,3200001
2026-07-30 22:18:07,50000,3199996
2026-07-30 22:18:12,51000,3200001
2026-07-30 22:18:17,53000,3200001
2026-07-30 22:18:22,52000,3200034
2026-07-30 22:18:27,51000,3200001
2026-07-30 22:18:32,51000,3199883
2026-07-30 22:18:37,51000,3200239
2026-07-30 22:18:42,51000,3200000
2026-07-30 22:18:47,51000,3200770
2026-07-30 22:18:53,51000,3200000
2026-07-30 22:18:58,51000,3199782
2026-07-30 22:19:03,51000,3200330
2026-07-30 22:19:08,51000,3191865
2026-07-30 22:19:13,46000,3971827
2026-07-30 22:19:18,48000,3199998
2026-07-30 22:19:23,48000,3328090
2026-07-30 22:19:28,46000,3978587
2026-07-30 22:19:33,47000,3960775
2026-07-30 22:19:38,48000,3200000
2026-07-30 22:19:43,49000,3200000
2026-07-30 22:19:48,51000,3200001
2026-07-30 22:19:53,51000,3200000
2026-07-30 22:19:58,53000,3200000
2026-07-30 22:20:03,51000,3200001
2026-07-30 22:20:08,51000,3200000
2026-07-30 22:20:13,53000,3200000
2026-07-30 22:20:18,51000,3200170
2026-07-30 22:20:23,51000,3199999
2026-07-30 22:20:28,51000,3200219
2026-07-30 22:20:33,51000,3200000
2026-07-30 22:20:38,51000,3200000
2026-07-30 22:20:43,52000,3200000
2026-07-30 22:20:48,52000,3948382
2026-07-30 22:20:53,53000,3601860
2026-07-30 22:20:58,49000,3200001
2026-07-30 22:21:04,45000,3973439
2026-07-30 22:21:09,45000,3980067
2026-07-30 22:21:14,44000,3957551
2026-07-30 22:21:19,44000,3144220
2026-07-30 22:21:24,49000,3200001
2026-07-30 22:21:29,50000,3200000
2026-07-30 22:21:34,51000,3200000
2026-07-30 22:21:39,51000,3199980
2026-07-30 22:21:44,51000,3200001
2026-07-30 22:21:49,51000,3200001
2026-07-30 22:21:54,51000,3200000
2026-07-30 22:21:59,50000,3199882
2026-07-30 22:22:04,51000,3200107
2026-07-30 22:22:09,50000,3200054
2026-07-30 22:22:14,51000,3200000
2026-07-30 22:22:19,51000,3200000
2026-07-30 22:22:24,50000,3200000
2026-07-30 22:22:29,50000,3335569
2026-07-30 22:22:34,47000,3969330
2026-07-30 22:22:39,48000,3200001
2026-07-30 22:22:44,50000,3948771
2026-07-30 22:22:49,48000,3951772
2026-07-30 22:22:55,47000,3978718
2026-07-30 22:23:00,46000,3951807
2026-07-30 22:23:05,48000,3199998
2026-07-30 22:23:10,50000,3199998
2026-07-30 22:23:15,51000,3200000
2026-07-30 22:23:20,51000,3199990
2026-07-30 22:23:25,51000,3200000
2026-07-30 22:23:30,51000,3199998
2026-07-30 22:23:35,51000,3200070
2026-07-30 22:23:40,51000,3199858
2026-07-30 22:23:45,51000,3200000
2026-07-30 22:23:50,51000,3200000
2026-07-30 22:23:55,51000,3200000
2026-07-30 22:24:00,51000,3200076
2026-07-30 22:24:05,51000,3200000
2026-07-30 22:24:10,51000,3199943
2026-07-30 22:24:15,48000,3967194
2026-07-30 22:24:20,47000,3200000
2026-07-30 22:24:25,48000,3959822
2026-07-30 22:24:30,45000,3965557
2026-07-30 22:24:35,45000,3960120
2026-07-30 22:24:40,44000,3964173
2026-07-30 22:24:45,46000,3198257
2026-07-30 22:24:50,49000,3200000
2026-07-30 22:24:56,50000,3199996
2026-07-30 22:25:01,51000,3200001
2026-07-30 22:25:06,51000,3200003
2026-07-30 22:25:11,51000,3200000
2026-07-30 22:25:16,50000,3200000
2026-07-30 22:25:21,50000,3200019
2026-07-30 22:25:26,53000,3200004
2026-07-30 22:25:31,50000,3200000
2026-07-30 22:25:36,51000,3199867
2026-07-30 22:25:41,51000,3200000
2026-07-30 22:25:46,51000,3199201
2026-07-30 22:25:51,51000,3199908
2026-07-30 22:25:56,49000,3188054
2026-07-30 22:26:01,51000,3954592
2026-07-30 22:26:06,48000,3199998
2026-07-30 22:26:11,52000,3965344
2026-07-30 22:26:16,45000,3955658
2026-07-30 22:26:21,45000,3975821
2026-07-30 22:26:26,44000,3968443
2026-07-30 22:26:31,48000,3200001
2026-07-30 22:26:36,49000,3200000
2026-07-30 22:26:41,51000,3199995
2026-07-30 22:26:46,51000,3199998
2026-07-30 22:26:51,53000,3200000
2026-07-30 22:26:56,51000,3200097
2026-07-30 22:27:01,52000,3200949
2026-07-30 22:27:07,51000,3201254
2026-07-30 22:27:12,52000,3200082
2026-07-30 22:27:17,51000,3199907
2026-07-30 22:27:22,52000,3200000
2026-07-30 22:27:27,51000,3200055
2026-07-30 22:27:32,52000,3200000
2026-07-30 22:27:37,52000,3200275
2026-07-30 22:27:42,51000,3963308
2026-07-30 22:27:47,46000,3995690
2026-07-30 22:27:52,49000,3200000
2026-07-30 22:27:57,47000,3956381
2026-07-30 22:28:02,45000,3967552
2026-07-30 22:28:07,43000,3970031
2026-07-30 22:28:12,43000,3200001
2026-07-30 22:28:17,48000,3199998
2026-07-30 22:28:22,50000,3200000
2026-07-30 22:28:27,51000,3200000
2026-07-30 22:28:32,51000,3200002
2026-07-30 22:28:37,51000,3200009
2026-07-30 22:28:42,52000,3200461
2026-07-30 22:28:47,51000,3200000
2026-07-30 22:28:52,51000,3200000
2026-07-30 22:28:57,51000,3200000
2026-07-30 22:29:02,51000,3200000
2026-07-30 22:29:07,51000,3199998
2026-07-30 22:29:12,51000,3200000
2026-07-30 22:29:17,51000,3200117
2026-07-30 22:29:22,50000,2953179
2026-07-30 22:29:27,51000,3944611
2026-07-30 22:29:32,47000,3200000
2026-07-30 22:29:38,47000,3194625
2026-07-30 22:29:43,50000,3942377
2026-07-30 22:29:48,45000,3486394
2026-07-30 22:29:53,44000,3192845
2026-07-30 22:29:58,48000,3200001
2026-07-30 22:30:03,50000,3200000
2026-07-30 22:30:08,51000,3199999
2026-07-30 22:30:13,51000,3200001
2026-07-30 22:30:18,51000,3200016
2026-07-30 22:30:23,51000,3199629
2026-07-30 22:30:28,51000,3199686
2026-07-30 22:30:33,51000,3199888
2026-07-30 22:30:38,51000,3199863
2026-07-30 22:30:43,51000,3200000
2026-07-30 22:30:48,50000,3199889
2026-07-30 22:30:53,51000,3200000
2026-07-30 22:30:58,51000,3201209
2026-07-30 22:31:03,51000,3200000
2026-07-30 22:31:08,51000,3855268
2026-07-30 22:31:13,47000,3200002
2026-07-30 22:31:19,48000,3978398
2026-07-30 22:31:24,50000,3970502
2026-07-30 22:31:29,45000,3973064
2026-07-30 22:31:34,46000,3951200
2026-07-30 22:31:39,46000,3200003
2026-07-30 22:31:44,49000,3199970
2026-07-30 22:31:49,51000,3200000
2026-07-30 22:31:54,51000,3200001
2026-07-30 22:31:59,51000,3199998
2026-07-30 22:32:04,51000,3200001
2026-07-30 22:32:09,51000,3200000
2026-07-30 22:32:14,51000,3200093
2026-07-30 22:32:19,51000,3200000
2026-07-30 22:32:24,51000,3200570
2026-07-30 22:32:29,51000,3200000
2026-07-30 22:32:34,51000,3200278
2026-07-30 22:32:39,51000,3199911
2026-07-30 22:32:44,51000,3199920
2026-07-30 22:32:49,52000,3200000
2026-07-30 22:32:54,47000,3951712
2026-07-30 22:32:59,48000,3200000
2026-07-30 22:33:04,47000,3958147
2026-07-30 22:33:09,46000,3954467
2026-07-30 22:33:14,46000,3964140
2026-07-30 22:33:19,44000,3954107
2026-07-30 22:33:24,48000,3200015
2026-07-30 22:33:29,50000,3200000
2026-07-30 22:33:35,52000,3200001
2026-07-30 22:33:40,51000,3200001
2026-07-30 22:33:45,51000,3199998
2026-07-30 22:33:50,51000,3200536
2026-07-30 22:33:55,50000,3200000
2026-07-30 22:34:00,50000,3316150
2026-07-30 22:34:05,50000,3200000
2026-07-30 22:34:10,50000,3199789
2026-07-30 22:34:15,50000,3199912
2026-07-30 22:34:20,51000,3199896
2026-07-30 22:34:25,50000,3200000
2026-07-30 22:34:30,51000,3200000
2026-07-30 22:34:35,50000,3200000
2026-07-30 22:34:40,48000,3957560
2026-07-30 22:34:45,46000,3951282
2026-07-30 22:34:50,49000,3200000
2026-07-30 22:34:55,46000,3946389
2026-07-30 22:35:00,45000,4000000
2026-07-30 22:35:05,47000,3945830
2026-07-30 22:35:10,46000,3200000
2026-07-30 22:35:15,49000,3200007
2026-07-30 22:35:20,51000,3200000
2026-07-30 22:35:25,51000,3200000
2026-07-30 22:35:31,51000,3200000
2026-07-30 22:35:36,51000,3200000
2026-07-30 22:35:41,51000,3200092
2026-07-30 22:35:46,50000,3199298
2026-07-30 22:35:51,50000,3200000
2026-07-30 22:35:56,51000,3200024
2026-07-30 22:36:01,50000,3199997
2026-07-30 22:36:06,51000,3200423
2026-07-30 22:36:11,51000,3197178
2026-07-30 22:36:16,51000,3200000
2026-07-30 22:36:21,51000,3199844
2026-07-30 22:36:26,50000,3949755
2026-07-30 22:36:31,47000,3925289
2026-07-30 22:36:36,51000,3197383
2026-07-30 22:36:41,46000,3947310
2026-07-30 22:36:46,48000,3946437
2026-07-30 22:36:51,47000,3944762
2026-07-30 22:36:56,46000,3200026
2026-07-30 22:37:01,49000,3199981
2026-07-30 22:37:06,51000,3200000
2026-07-30 22:37:11,51000,3200000
2026-07-30 22:37:16,51000,3200000
2026-07-30 22:37:21,51000,3200000
2026-07-30 22:37:26,51000,3200000
2026-07-30 22:37:31,51000,3194780
2026-07-30 22:37:36,51000,3200000
2026-07-30 22:37:41,52000,3200000
2026-07-30 22:37:46,51000,3200071
2026-07-30 22:37:51,53000,3200000
2026-07-30 22:37:56,51000,3200000
2026-07-30 22:38:01,51000,3200000
2026-07-30 22:38:07,51000,3299159
2026-07-30 22:38:12,47000,3947009
2026-07-30 22:38:17,47000,3199998
2026-07-30 22:38:22,51000,3954265
2026-07-30 22:38:27,49000,3889650
2026-07-30 22:38:32,45000,3948669
2026-07-30 22:38:37,46000,3944444
2026-07-30 22:38:42,49000,3199862
2026-07-30 22:38:47,51000,3200001
2026-07-30 22:38:52,51000,3195265
2026-07-30 22:38:57,51000,3200250
2026-07-30 22:39:02,52000,3200000
2026-07-30 22:39:07,52000,3200000
2026-07-30 22:39:12,51000,3200001
2026-07-30 22:39:17,51000,3199596
2026-07-30 22:39:22,51000,3199664
2026-07-30 22:39:27,51000,3200177
2026-07-30 22:39:32,51000,3200641
2026-07-30 22:39:37,51000,3200091
2026-07-30 22:39:42,51000,3199885
2026-07-30 22:39:47,51000,3200000
2026-07-30 22:39:52,48000,3908738
2026-07-30 22:39:57,47000,3200001
2026-07-30 22:40:02,50000,3176802
2026-07-30 22:40:07,47000,3950679
2026-07-30 22:40:12,46000,3954151
2026-07-30 22:40:17,45000,4000000
2026-07-30 22:40:22,45000,3200000
2026-07-30 22:40:28,48000,3200000
2026-07-30 22:40:33,50000,3200001
2026-07-30 22:40:38,51000,3199998
2026-07-30 22:40:43,51000,3199998
2026-07-30 22:40:48,52000,3199980
2026-07-30 22:40:53,51000,3193219
2026-07-30 22:40:58,51000,3198386
2026-07-30 22:41:03,51000,3199998
2026-07-30 22:41:08,51000,3200000
2026-07-30 22:41:13,51000,3200013
2026-07-30 22:41:18,51000,3200000
2026-07-30 22:41:23,51000,3200000
2026-07-30 22:41:28,51000,3199693
2026-07-30 22:41:33,52000,3223235
2026-07-30 22:41:38,51000,3500998
2026-07-30 22:41:43,48000,3200002
2026-07-30 22:41:48,51000,4000000
2026-07-30 22:41:53,49000,3606034
2026-07-30 22:41:58,45000,3999936
2026-07-30 22:42:03,46000,3200021
2026-07-30 22:42:08,50000,3200000
2026-07-30 22:42:13,50000,3200001
2026-07-30 22:42:18,51000,3190558
2026-07-30 22:42:23,51000,3199999
2026-07-30 22:42:29,51000,3199901
2026-07-30 22:42:34,51000,3200068
2026-07-30 22:42:39,51000,3200000
2026-07-30 22:42:44,51000,3200072
2026-07-30 22:42:49,51000,3200000
2026-07-30 22:42:54,51000,3200000
2026-07-30 22:42:59,51000,3200000
2026-07-30 22:43:04,51000,3200000
2026-07-30 22:43:09,51000,3200000
2026-07-30 22:43:14,50000,3500757
2026-07-30 22:43:19,49000,3953578
2026-07-30 22:43:24,50000,3200000
2026-07-30 22:43:29,47000,3961131
2026-07-30 22:43:34,48000,3950914
2026-07-30 22:43:39,45000,3951071
2026-07-30 22:43:44,45000,3953848
2026-07-30 22:43:49,48000,3200000
2026-07-30 22:43:54,50000,3200001
2026-07-30 22:43:59,51000,3188687
2026-07-30 22:44:04,51000,3181164
2026-07-30 22:44:09,51000,3199983
2026-07-30 22:44:14,51000,3199929
2026-07-30 22:44:19,51000,3200000
2026-07-30 22:44:24,51000,3199729
2026-07-30 22:44:29,51000,3200000
2026-07-30 22:44:34,51000,3200053
2026-07-30 22:44:40,51000,3199916
2026-07-30 22:44:45,51000,3199930
2026-07-30 22:44:50,51000,3200000
2026-07-30 22:44:55,51000,3200538
2026-07-30 22:45:00,49000,3999057
2026-07-30 22:45:05,47000,3958637
2026-07-30 22:45:10,48000,3199994
2026-07-30 22:45:15,49000,3915101
2026-07-30 22:45:20,47000,3954387
2026-07-30 22:45:25,47000,3949311
2026-07-30 22:45:30,44000,3929751
2026-07-30 22:45:35,45000,3200014
2026-07-30 22:45:40,49000,3200000
2026-07-30 22:45:45,50000,3200002
2026-07-30 22:45:50,51000,3200001
2026-07-30 22:45:55,51000,3200004
2026-07-30 22:46:00,52000,3200001
2026-07-30 22:46:05,51000,3198968
2026-07-30 22:46:10,51000,3200000
2026-07-30 22:46:15,51000,3199888
2026-07-30 22:46:20,51000,3200000
2026-07-30 22:46:25,51000,3200000
2026-07-30 22:46:30,50000,3200000
2026-07-30 22:46:35,51000,3199058
2026-07-30 22:46:40,51000,3201953
2026-07-30 22:46:45,51000,3200000
2026-07-30 22:46:50,48000,3770000
2026-07-30 22:46:55,51000,3947843
2026-07-30 22:47:00,52000,3199086
2026-07-30 22:47:06,48000,3913313
2026-07-30 22:47:11,45000,3946801
2026-07-30 22:47:16,45000,3957236
2026-07-30 22:47:21,45000,3199757
2026-07-30 22:47:26,49000,3200001
2026-07-30 22:47:31,49000,3200001
2026-07-30 22:47:36,51000,3199984
2026-07-30 22:47:41,51000,3200000
2026-07-30 22:47:46,51000,3200000
2026-07-30 22:47:51,51000,3199750
2026-07-30 22:47:56,51000,3200088
2026-07-30 22:48:01,52000,3200080
2026-07-30 22:48:06,51000,3199942
2026-07-30 22:48:11,51000,3200000
2026-07-30 22:48:16,51000,3199833
2026-07-30 22:48:21,52000,3161396
2026-07-30 22:48:26,52000,3200000
2026-07-30 22:48:31,51000,3199517
2026-07-30 22:48:36,48000,3968211
2026-07-30 22:48:41,48000,3199998
2026-07-30 22:48:46,48000,3969827
2026-07-30 22:48:51,45000,3971179
2026-07-30 22:48:56,49000,3964580
2026-07-30 22:49:01,46000,3200000
2026-07-30 22:49:07,49000,3200000
2026-07-30 22:49:12,51000,3199982
2026-07-30 22:49:17,51000,3200000
2026-07-30 22:49:22,51000,3200001
2026-07-30 22:49:27,53000,3198661
2026-07-30 22:49:32,51000,3200087
2026-07-30 22:49:37,51000,3198271
2026-07-30 22:49:42,52000,3200000
2026-07-30 22:49:47,51000,3200000
2026-07-30 22:49:52,51000,3200000
2026-07-30 22:49:57,51000,3199530
2026-07-30 22:50:02,51000,3199875
2026-07-30 22:50:07,51000,3200001
2026-07-30 22:50:12,51000,3329773
2026-07-30 22:50:17,49000,3941248
2026-07-30 22:50:22,49000,3200031
2026-07-30 22:50:27,50000,3952240
2026-07-30 22:50:32,49000,3956969
2026-07-30 22:50:37,47000,3953202
2026-07-30 22:50:42,45000,3946616
2026-07-30 22:50:47,47000,3200000
2026-07-30 22:50:52,49000,3199998
2026-07-30 22:50:58,51000,3200000
2026-07-30 22:51:03,51000,3200000
2026-07-30 22:51:08,51000,3200000
2026-07-30 22:51:13,51000,3200000
2026-07-30 22:51:18,51000,3200000
2026-07-30 22:51:23,52000,3199998
2026-07-30 22:51:28,51000,3201930
2026-07-30 22:51:33,51000,3199998
2026-07-30 22:51:38,51000,3200000
2026-07-30 22:51:43,50000,3199994
2026-07-30 22:51:48,50000,3200000
2026-07-30 22:51:53,51000,3199998
2026-07-30 22:51:58,50000,3965760
2026-07-30 22:52:03,47000,3953101
2026-07-30 22:52:08,49000,3199999
2026-07-30 22:52:13,51000,3951206
2026-07-30 22:52:18,45000,3951120
2026-07-30 22:52:23,45000,3756017
2026-07-30 22:52:28,43000,3915237
2026-07-30 22:52:33,48000,3200000
2026-07-30 22:52:38,50000,3200000
2026-07-30 22:52:43,51000,3200001
2026-07-30 22:52:49,51000,3200003
2026-07-30 22:52:54,51000,3199998
2026-07-30 22:52:59,51000,3200000
2026-07-30 22:53:04,51000,3199298
2026-07-30 22:53:09,51000,3200000
2026-07-30 22:53:14,51000,3200913
2026-07-30 22:53:19,51000,3199753
2026-07-30 22:53:24,51000,3200000
2026-07-30 22:53:29,51000,3200122
2026-07-30 22:53:34,51000,3200005
2026-07-30 22:53:39,50000,3198373
2026-07-30 22:53:44,51000,3953420
2026-07-30 22:53:49,47000,4000000
2026-07-30 22:53:54,49000,3200001
2026-07-30 22:53:59,47000,3942854
2026-07-30 22:54:04,48000,3875538
2026-07-30 22:54:09,44000,3634903
2026-07-30 22:54:14,45000,3956125
2026-07-30 22:54:19,49000,3200001
2026-07-30 22:54:24,49000,3200024
2026-07-30 22:54:29,50000,3200000
2026-07-30 22:54:34,51000,3200005
2026-07-30 22:54:39,51000,3200000
2026-07-30 22:54:45,52000,3200239
2026-07-30 22:54:50,52000,3200000
2026-07-30 22:54:55,51000,3200000
2026-07-30 22:55:00,51000,3200000
2026-07-30 22:55:05,50000,3200521
2026-07-30 22:55:10,50000,3200000
2026-07-30 22:55:15,52000,3199836
2026-07-30 22:55:20,51000,3199790
2026-07-30 22:55:25,51000,3199824
2026-07-30 22:55:30,48000,3966820
2026-07-30 22:55:35,46000,3976799
2026-07-30 22:55:40,50000,3200021
2026-07-30 22:55:45,48000,3962313
2026-07-30 22:55:50,45000,3965392
2026-07-30 22:55:55,45000,3979503
2026-07-30 22:56:00,43000,2940501
2026-07-30 22:56:05,48000,3199986
2026-07-30 22:56:10,49000,3200000
2026-07-30 22:56:15,50000,3200000
2026-07-30 22:56:20,51000,3189707
2026-07-30 22:56:25,51000,3200001
2026-07-30 22:56:31,51000,3200004
2026-07-30 22:56:36,51000,3200000
2026-07-30 22:56:41,51000,3200000
2026-07-30 22:56:46,51000,3200100
2026-07-30 22:56:51,51000,3199921
2026-07-30 22:56:56,51000,3199816
2026-07-30 22:57:01,50000,3200383
2026-07-30 22:57:06,52000,3199896
2026-07-30 22:57:11,52000,3200000
2026-07-30 22:57:16,52000,3953269
2026-07-30 22:57:21,47000,3961406
2026-07-30 22:57:26,50000,3200001
2026-07-30 22:57:31,46000,3973972
2026-07-30 22:57:36,45000,3974874
2026-07-30 22:57:41,45000,3966617
2026-07-30 22:57:46,46000,3964933
2026-07-30 22:57:51,48000,3199998
2026-07-30 22:57:56,50000,3200036
2026-07-30 22:58:01,50000,3199991
2026-07-30 22:58:06,51000,3200000
2026-07-30 22:58:11,51000,3200005
2026-07-30 22:58:16,51000,3200000
2026-07-30 22:58:21,51000,3200021
2026-07-30 22:58:26,51000,3199656
2026-07-30 22:58:31,51000,3200000
2026-07-30 22:58:36,51000,3199920
2026-07-30 22:58:41,51000,3200724
2026-07-30 22:58:46,51000,3200000
2026-07-30 22:58:51,51000,3200001
2026-07-30 22:58:56,52000,3218093
2026-07-30 22:59:02,48000,3974248
2026-07-30 22:59:07,46000,3976337
2026-07-30 22:59:12,50000,3200001
2026-07-30 22:59:17,46000,3973045
2026-07-30 22:59:22,45000,3989355
2026-07-30 22:59:27,47000,3930987
2026-07-30 22:59:32,44000,3999807
2026-07-30 22:59:37,49000,3199998
2026-07-30 22:59:42,51000,3200000
2026-07-30 22:59:47,51000,3199987
2026-07-30 22:59:52,51000,3200000
2026-07-30 22:59:57,51000,3200000
2026-07-30 23:00:02,51000,3196809
2026-07-30 23:00:07,51000,3200000
2026-07-30 23:00:12,51000,3199905
2026-07-30 23:00:17,51000,3200000
2026-07-30 23:00:22,51000,3200798
2026-07-30 23:00:27,51000,3200324
2026-07-30 23:00:32,51000,3201289
2026-07-30 23:00:37,51000,3200000
2026-07-30 23:00:42,53000,3201107
2026-07-30 23:00:47,53000,3950691
2026-07-30 23:00:52,46000,3957710
2026-07-30 23:00:57,50000,3199681
2026-07-30 23:01:02,50000,3995524
2026-07-30 23:01:07,45000,3973367
2026-07-30 23:01:13,44000,3967205
2026-07-30 23:01:18,45000,3200000
2026-07-30 23:01:23,49000,3199997
2026-07-30 23:01:28,51000,3200006
2026-07-30 23:01:33,51000,3200004
2026-07-30 23:01:38,51000,3199999
2026-07-30 23:01:43,51000,3199887
2026-07-30 23:01:48,51000,3200076
2026-07-30 23:01:53,51000,3200000
2026-07-30 23:01:58,51000,3200998
2026-07-30 23:02:03,52000,3200000
2026-07-30 23:02:08,51000,3200001
2026-07-30 23:02:13,52000,3200000
2026-07-30 23:02:18,51000,3199984
2026-07-30 23:02:23,51000,3200000
2026-07-30 23:02:28,51000,3599477
2026-07-30 23:02:33,47000,3958801
2026-07-30 23:02:38,49000,3200000
2026-07-30 23:02:43,47000,3970467
2026-07-30 23:02:48,47000,3953943
2026-07-30 23:02:53,45000,3387580
2026-07-30 23:02:58,45000,3960400
2026-07-30 23:03:03,47000,3200005
2026-07-30 23:03:08,49000,3200000
2026-07-30 23:03:13,51000,3200000
2026-07-30 23:03:18,51000,3200000
2026-07-30 23:03:24,51000,3199776
2026-07-30 23:03:29,51000,3200000
2026-07-30 23:03:34,53000,3199892
2026-07-30 23:03:39,51000,3199661
2026-07-30 23:03:44,52000,3200113
2026-07-30 23:03:49,51000,3199049
2026-07-30 23:03:54,51000,3200000
2026-07-30 23:03:59,52000,3200104
2026-07-30 23:04:04,51000,3200114
2026-07-30 23:04:09,51000,3199634
2026-07-30 23:04:14,50000,3624848
2026-07-30 23:04:19,47000,3957501
2026-07-30 23:04:24,50000,3200009
2026-07-30 23:04:29,47000,3572578
2026-07-30 23:04:34,47000,3951044
2026-07-30 23:04:39,45000,3967713
2026-07-30 23:04:44,48000,3200001
2026-07-30 23:04:49,50000,3200000
2026-07-30 23:04:54,51000,3183580
2026-07-30 23:04:59,51000,3200001
2026-07-30 23:05:04,52000,3200000
2026-07-30 23:05:10,52000,3200087
2026-07-30 23:05:15,51000,3198921
2026-07-30 23:05:20,51000,3199926
2026-07-30 23:05:25,51000,3198400
2026-07-30 23:05:30,51000,3200000
2026-07-30 23:05:35,51000,3200000
2026-07-30 23:05:40,51000,3200761
2026-07-30 23:05:45,51000,3200095
2026-07-30 23:05:50,51000,3199914
2026-07-30 23:05:55,51000,3997190
2026-07-30 23:06:00,49000,3964165
2026-07-30 23:06:05,49000,3200000
2026-07-30 23:06:10,47000,4000075
2026-07-30 23:06:15,45000,4000068
2026-07-30 23:06:20,45000,3970729
2026-07-30 23:06:25,46000,3967393
2026-07-30 23:06:30,47000,3200000
2026-07-30 23:06:35,49000,3200001
2026-07-30 23:06:40,50000,3200000
2026-07-30 23:06:45,51000,3200006
2026-07-30 23:06:50,51000,3200000
2026-07-30 23:06:55,51000,3200000
2026-07-30 23:07:00,51000,3200000
2026-07-30 23:07:05,51000,3200035
2026-07-30 23:07:11,50000,3200003
2026-07-30 23:07:16,51000,3200346
2026-07-30 23:07:21,51000,3200000
2026-07-30 23:07:26,51000,3200000
2026-07-30 23:07:31,53000,3200287
2026-07-30 23:07:36,51000,3200000
2026-07-30 23:07:41,50000,3967723
2026-07-30 23:07:46,50000,3966266
2026-07-30 23:07:51,51000,3200001
2026-07-30 23:07:56,46000,3979204
2026-07-30 23:08:01,46000,3977465
2026-07-30 23:08:06,45000,3964682
2026-07-30 23:08:11,48000,3200001
2026-07-30 23:08:16,50000,3200000
2026-07-30 23:08:21,51000,3200003
2026-07-30 23:08:26,51000,3200020
2026-07-30 23:08:31,51000,3200000
2026-07-30 23:08:36,51000,3199945
2026-07-30 23:08:41,53000,3199895
2026-07-30 23:08:46,51000,3199042
2026-07-30 23:08:51,51000,3199998
2026-07-30 23:08:56,51000,3200000
2026-07-30 23:09:01,51000,3199789
2026-07-30 23:09:06,51000,3200185
2026-07-30 23:09:11,51000,3200000
2026-07-30 23:09:16,52000,3199914
2026-07-30 23:09:21,52000,3951416
2026-07-30 23:09:27,50000,3914309
2026-07-30 23:09:32,49000,3200005
2026-07-30 23:09:37,46000,3964550
2026-07-30 23:09:42,45000,3960427
2026-07-30 23:09:47,44000,3998349
2026-07-30 23:09:52,44000,3961543
2026-07-30 23:09:57,48000,3200021
2026-07-30 23:10:02,51000,3200018
2026-07-30 23:10:07,50000,3200000
2026-07-30 23:10:12,53000,3200000
2026-07-30 23:10:17,51000,3199998
2026-07-30 23:10:22,51000,3198791
2026-07-30 23:10:27,51000,3200551
2026-07-30 23:10:32,51000,3200000
2026-07-30 23:10:37,52000,3200102
2026-07-30 23:10:42,51000,3200000
2026-07-30 23:10:47,51000,3192580
2026-07-30 23:10:52,52000,3200076
2026-07-30 23:10:57,51000,3200000
2026-07-30 23:11:02,51000,3200067
2026-07-30 23:11:07,48000,3966313
2026-07-30 23:11:12,47000,3966655
2026-07-30 23:11:17,50000,3200018
2026-07-30 23:11:23,47000,3961768
2026-07-30 23:11:28,49000,3965260
2026-07-30 23:11:33,45000,3960371
2026-07-30 23:11:38,44000,3957642
2026-07-30 23:11:43,49000,3200002
2026-07-30 23:11:48,50000,3199998
2026-07-30 23:11:53,51000,3198631
2026-07-30 23:11:58,51000,3200004
2026-07-30 23:12:03,52000,3200000
2026-07-30 23:12:08,51000,3199701
2026-07-30 23:12:13,50000,3200415
2026-07-30 23:12:18,53000,3200119
2026-07-30 23:12:23,51000,3199994
2026-07-30 23:12:28,51000,3200350
2026-07-30 23:12:33,51000,3198866
2026-07-30 23:12:38,52000,3200000
2026-07-30 23:12:43,53000,3200000
2026-07-30 23:12:48,51000,3200000
2026-07-30 23:12:53,48000,3636937
2026-07-30 23:12:58,47000,3641545
2026-07-30 23:13:03,50000,3199998
2026-07-30 23:13:08,46000,3565840
2026-07-30 23:13:13,48000,3947559
2026-07-30 23:13:18,44000,3948735
2026-07-30 23:13:23,48000,3199911
2026-07-30 23:13:29,49000,3200001
2026-07-30 23:13:34,50000,3199982
2026-07-30 23:13:39,51000,3199998
2026-07-30 23:13:44,51000,3200001
2026-07-30 23:13:49,51000,3200000
2026-07-30 23:13:54,51000,3200000
2026-07-30 23:13:59,51000,3200187
2026-07-30 23:14:04,51000,3200000
2026-07-30 23:14:09,51000,3200000
2026-07-30 23:14:14,50000,3200038
2026-07-30 23:14:19,51000,3199998
2026-07-30 23:14:24,50000,3200000
2026-07-30 23:14:29,51000,3200596
2026-07-30 23:14:34,53000,4000000
2026-07-30 23:14:39,51000,3965755
2026-07-30 23:14:44,49000,3200001
2026-07-30 23:14:49,46000,3966593
2026-07-30 23:14:54,45000,3966036
2026-07-30 23:14:59,48000,3966124
2026-07-30 23:15:04,47000,3969509
2026-07-30 23:15:09,49000,3200000
2026-07-30 23:15:15,49000,3200001
2026-07-30 23:15:20,50000,3200003
2026-07-30 23:15:25,53000,3200000
2026-07-30 23:15:30,51000,3200000
2026-07-30 23:15:35,51000,3200077
2026-07-30 23:15:40,52000,3200454
2026-07-30 23:15:45,51000,3200000
2026-07-30 23:15:50,50000,3200000
2026-07-30 23:15:55,50000,3200093
2026-07-30 23:16:00,51000,3200000
2026-07-30 23:16:05,51000,3200005
2026-07-30 23:16:10,51000,3200000
2026-07-30 23:16:15,52000,3200000
2026-07-30 23:16:20,48000,3954020
2026-07-30 23:16:25,46000,3964352
2026-07-30 23:16:30,50000,3200006
2026-07-30 23:16:35,45000,3999533
2026-07-30 23:16:40,45000,3992640
2026-07-30 23:16:45,44000,3944664
2026-07-30 23:16:50,45000,3828275
2026-07-30 23:16:55,49000,3200020
2026-07-30 23:17:00,51000,3200000
2026-07-30 23:17:05,51000,3200000
2026-07-30 23:17:11,51000,3200000
2026-07-30 23:17:16,52000,3200000
2026-07-30 23:17:21,51000,3199542
2026-07-30 23:17:26,51000,3200000
2026-07-30 23:17:31,51000,3200000
2026-07-30 23:17:36,51000,3200000
2026-07-30 23:17:41,51000,3200000
2026-07-30 23:17:46,51000,3200000
2026-07-30 23:17:51,51000,3200395
2026-07-30 23:17:56,51000,3199831
2026-07-30 23:18:01,50000,3600053
2026-07-30 23:18:06,47000,3966491
2026-07-30 23:18:11,47000,3200001
2026-07-30 23:18:16,48000,3963851
2026-07-30 23:18:21,45000,3975408
2026-07-30 23:18:26,45000,3970124
2026-07-30 23:18:31,43000,3967012
2026-07-30 23:18:36,44000,3200014
2026-07-30 23:18:41,48000,3200000
2026-07-30 23:18:46,51000,3199998
2026-07-30 23:18:52,51000,3200000
2026-07-30 23:18:57,52000,3191936
2026-07-30 23:19:02,51000,3200018
2026-07-30 23:19:07,51000,3113323
2026-07-30 23:19:12,51000,3200000
2026-07-30 23:19:17,50000,3196287
2026-07-30 23:19:22,51000,3201608
2026-07-30 23:19:27,51000,3199919
2026-07-30 23:19:32,51000,3200113
2026-07-30 23:19:37,51000,3200000
2026-07-30 23:19:42,51000,3200000
2026-07-30 23:19:47,51000,3200057
2026-07-30 23:19:52,47000,3967431
2026-07-30 23:19:57,47000,3200000
2026-07-30 23:20:02,48000,3976985
2026-07-30 23:20:07,45000,3967268
2026-07-30 23:20:12,46000,3968539
2026-07-30 23:20:17,47000,3963153
2026-07-30 23:20:22,45000,3200000
2026-07-30 23:20:27,48000,3200001
2026-07-30 23:20:32,50000,3200395
2026-07-30 23:20:37,51000,3200000
2026-07-30 23:20:42,51000,3200001
2026-07-30 23:20:47,51000,3199998
2026-07-30 23:20:52,51000,3200000
2026-07-30 23:20:57,51000,3201019
2026-07-30 23:21:02,51000,3200134
2026-07-30 23:21:07,53000,3200000
2026-07-30 23:21:12,51000,3199932
2026-07-30 23:21:18,51000,3200002
2026-07-30 23:21:23,52000,3200000
2026-07-30 23:21:28,51000,3200000
2026-07-30 23:21:33,50000,3968390
2026-07-30 23:21:38,47000,3975730
2026-07-30 23:21:43,45000,3972591
2026-07-30 23:21:48,49000,3200013
2026-07-30 23:21:53,45000,3197924
2026-07-30 23:21:58,45000,3975444
2026-07-30 23:22:03,43000,3988061
2026-07-30 23:22:08,45000,3199999
2026-07-30 23:22:13,49000,3200000
2026-07-30 23:22:18,50000,3200030
2026-07-30 23:22:23,51000,3199999
2026-07-30 23:22:28,51000,3200027
2026-07-30 23:22:33,51000,3200001
2026-07-30 23:22:38,52000,3199999
2026-07-30 23:22:43,51000,3199897
2026-07-30 23:22:48,51000,3200099
2026-07-30 23:22:53,52000,3200000
2026-07-30 23:22:58,51000,3199879
2026-07-30 23:23:03,51000,3203633
2026-07-30 23:23:09,51000,3199998
2026-07-30 23:23:14,51000,3199894
2026-07-30 23:23:19,50000,3499913
2026-07-30 23:23:24,47000,3715321
2026-07-30 23:23:29,48000,3200013
2026-07-30 23:23:34,51000,3988564
2026-07-30 23:23:39,46000,4000000
2026-07-30 23:23:44,47000,3966240
2026-07-30 23:23:49,48000,3955343
2026-07-30 23:23:54,48000,3200000
2026-07-30 23:23:59,49000,3200006
2026-07-30 23:24:04,50000,3200004
2026-07-30 23:24:09,51000,3200001
2026-07-30 23:24:14,51000,3200001
2026-07-30 23:24:19,51000,3200000
2026-07-30 23:24:24,51000,3200115
2026-07-30 23:24:29,51000,3200129
2026-07-30 23:24:34,51000,3199900
2026-07-30 23:24:39,51000,3200000
2026-07-30 23:24:44,51000,3199643
2026-07-30 23:24:50,50000,3199750
2026-07-30 23:24:55,51000,3197688
2026-07-30 23:25:00,51000,3200000
2026-07-30 23:25:05,53000,3981782
2026-07-30 23:25:10,49000,3913156
2026-07-30 23:25:15,50000,3200000
2026-07-30 23:25:20,48000,3949962
2026-07-30 23:25:25,45000,3950749
2026-07-30 23:25:30,44000,3955267
2026-07-30 23:25:35,45000,3200000
2026-07-30 23:25:40,48000,3200001
2026-07-30 23:25:45,50000,3199998
2026-07-30 23:25:50,50000,3200001
2026-07-30 23:25:55,51000,3200001
2026-07-30 23:26:00,51000,3199998
2026-07-30 23:26:05,51000,3200000
2026-07-30 23:26:10,51000,3200000
2026-07-30 23:26:15,51000,3200000
2026-07-30 23:26:20,51000,3200000
2026-07-30 23:26:25,51000,3199509
2026-07-30 23:26:30,52000,3200000
2026-07-30 23:26:35,51000,3200000
2026-07-30 23:26:40,51000,3200077
2026-07-30 23:26:46,56000,3999824
2026-07-30 23:26:51,47000,3965355
2026-07-30 23:26:56,48000,3200000
2026-07-30 23:27:01,53000,3973864
2026-07-30 23:27:06,48000,3972035
2026-07-30 23:27:11,44000,3936519
2026-07-30 23:27:16,47000,3932474
2026-07-30 23:27:21,48000,3200001
2026-07-30 23:27:26,49000,3200003
2026-07-30 23:27:31,51000,3200001
2026-07-30 23:27:36,51000,3199998
2026-07-30 23:27:41,51000,3200000
2026-07-30 23:27:46,50000,3200000
2026-07-30 23:27:51,50000,3200001
2026-07-30 23:27:56,54000,3200000
2026-07-30 23:28:01,51000,3199824
2026-07-30 23:28:06,51000,3200000
2026-07-30 23:28:11,52000,3199902
2026-07-30 23:28:17,51000,3200000
2026-07-30 23:28:22,53000,3199909
2026-07-30 23:28:27,50000,3167281
2026-07-30 23:28:32,51000,3952008
2026-07-30 23:28:37,47000,3200006
2026-07-30 23:28:42,49000,3969568
2026-07-30 23:28:47,45000,3943648
2026-07-30 23:28:52,44000,3969715
2026-07-30 23:28:57,43000,3967538
2026-07-30 23:29:02,47000,3200004
2026-07-30 23:29:07,48000,3199998
2026-07-30 23:29:12,50000,3200002
2026-07-30 23:29:17,51000,3200000
2026-07-30 23:29:22,51000,3200001
2026-07-30 23:29:27,51000,3200000
2026-07-30 23:29:32,51000,3199914
2026-07-30 23:29:37,53000,3200098
2026-07-30 23:29:42,51000,3199778
2026-07-30 23:29:47,51000,3200241
2026-07-30 23:29:52,51000,3200000
2026-07-30 23:29:57,51000,3200106
2026-07-30 23:30:03,51000,3200218
2026-07-30 23:30:08,50000,3200000
2026-07-30 23:30:13,48000,3192243
2026-07-30 23:30:18,46000,3959494
2026-07-30 23:30:23,49000,3200000
2026-07-30 23:30:28,47000,3970996
2026-07-30 23:30:33,47000,3964810
2026-07-30 23:30:38,44000,3186756
2026-07-30 23:30:43,49000,3960732
2026-07-30 23:30:48,50000,3199998
2026-07-30 23:30:53,50000,3200000
2026-07-30 23:30:58,50000,3200001
2026-07-30 23:31:03,52000,3200000
2026-07-30 23:31:08,51000,3200000
2026-07-30 23:31:13,50000,3199897
2026-07-30 23:31:18,53000,3199897
2026-07-30 23:31:23,51000,3199998
2026-07-30 23:31:28,51000,3200000
2026-07-30 23:31:33,51000,3200094
2026-07-30 23:31:38,51000,3200000
2026-07-30 23:31:43,51000,3200000
2026-07-30 23:31:48,51000,3199908
2026-07-30 23:31:53,50000,3331560
2026-07-30 23:31:58,52000,3953195
2026-07-30 23:32:03,47000,3200017
2026-07-30 23:32:09,49000,3548740
2026-07-30 23:32:14,49000,3948441
2026-07-30 23:32:19,47000,3945578
2026-07-30 23:32:24,46000,3525907
2026-07-30 23:32:29,47000,3199998
2026-07-30 23:32:34,49000,3200001
2026-07-30 23:32:39,51000,3192299
2026-07-30 23:32:44,51000,3200005
2026-07-30 23:32:49,51000,3200000
2026-07-30 23:32:54,52000,3199615
2026-07-30 23:32:59,52000,3202275
2026-07-30 23:33:04,51000,3199833
2026-07-30 23:33:09,51000,3200000
2026-07-30 23:33:14,51000,3200000
2026-07-30 23:33:19,51000,3200088
2026-07-30 23:33:24,51000,3200000
2026-07-30 23:33:29,51000,3199791
2026-07-30 23:33:34,51000,3200081
2026-07-30 23:33:39,48000,3972995
2026-07-30 23:33:44,46000,3968757
2026-07-30 23:33:49,50000,3200001
2026-07-30 23:33:55,47000,3979016
2026-07-30 23:34:00,45000,3965964
2026-07-30 23:34:05,46000,3967416
2026-07-30 23:34:10,44000,3200004
2026-07-30 23:34:15,48000,3200008
2026-07-30 23:34:20,49000,3200000
2026-07-30 23:34:25,51000,3200001
2026-07-30 23:34:30,51000,3199998
2026-07-30 23:34:35,51000,3199922
2026-07-30 23:34:40,52000,3200000
2026-07-30 23:34:45,51000,3200000
2026-07-30 23:34:50,51000,3200000
2026-07-30 23:34:55,51000,3199902
2026-07-30 23:35:00,52000,3200000
2026-07-30 23:35:05,51000,3199912
2026-07-30 23:35:10,51000,3200098
2026-07-30 23:35:15,51000,3200000
2026-07-30 23:35:20,49000,4000000
2026-07-30 23:35:25,48000,3945505
2026-07-30 23:35:30,49000,3199998
2026-07-30 23:35:36,50000,3959920
2026-07-30 23:35:41,45000,3972796
2026-07-30 23:35:46,45000,3920236
2026-07-30 23:35:51,44000,3971613
2026-07-30 23:35:56,48000,3199991
2026-07-30 23:36:01,50000,3200016
2026-07-30 23:36:06,51000,3200008
2026-07-30 23:36:11,51000,3195044
2026-07-30 23:36:16,51000,3199998
2026-07-30 23:36:21,51000,3200000
2026-07-30 23:36:26,51000,3200466
2026-07-30 23:36:31,51000,3199704
2026-07-30 23:36:36,51000,3198186
2026-07-30 23:36:41,51000,3199885
2026-07-30 23:36:46,51000,3200000
2026-07-30 23:36:51,51000,3200092
2026-07-30 23:36:56,51000,3200053
2026-07-30 23:37:01,50000,2986447
2026-07-30 23:37:06,47000,3957429
2026-07-30 23:37:11,49000,3199998
2026-07-30 23:37:16,47000,3972591
2026-07-30 23:37:21,45000,3671834
2026-07-30 23:37:26,45000,3954602
2026-07-30 23:37:31,44000,3956176
2026-07-30 23:37:37,48000,3200001
2026-07-30 23:37:42,49000,3199998
2026-07-30 23:37:47,50000,3200000
2026-07-30 23:37:52,51000,3199998
2026-07-30 23:37:57,51000,3200000
2026-07-30 23:38:02,51000,3200000
2026-07-30 23:38:07,51000,3200000
2026-07-30 23:38:12,50000,3198100
2026-07-30 23:38:17,53000,3201040
2026-07-30 23:38:22,51000,3200000
2026-07-30 23:38:27,52000,3200279
2026-07-30 23:38:32,51000,3200000
2026-07-30 23:38:37,51000,3200007
2026-07-30 23:38:42,51000,3200000
2026-07-30 23:38:47,47000,3967002
2026-07-30 23:38:52,51000,3959736
2026-07-30 23:38:57,49000,3199990
2026-07-30 23:39:02,45000,3950471
2026-07-30 23:39:07,45000,3968004
2026-07-30 23:39:13,48000,3951738
2026-07-30 23:39:18,45000,3200000
2026-07-30 23:39:23,48000,3200000
2026-07-30 23:39:28,49000,3200000
2026-07-30 23:39:33,51000,3200001
2026-07-30 23:39:38,51000,3200000
2026-07-30 23:39:43,51000,3199687
2026-07-30 23:39:48,50000,3200090
2026-07-30 23:39:53,50000,3200000
2026-07-30 23:39:58,50000,3199888
2026-07-30 23:40:03,51000,3200000
2026-07-30 23:40:08,51000,3200000
2026-07-30 23:40:13,50000,3200000
2026-07-30 23:40:18,51000,3200000
2026-07-30 23:40:23,51000,3200000
2026-07-30 23:40:28,50000,3170781
2026-07-30 23:40:33,47000,3959020
2026-07-30 23:40:38,49000,3199999
2026-07-30 23:40:43,52000,4000188
2026-07-30 23:40:48,47000,3977472
2026-07-30 23:40:53,45000,3414589
2026-07-30 23:40:58,44000,3929847
2026-07-30 23:41:03,48000,3199983
2026-07-30 23:41:08,49000,3200000
2026-07-30 23:41:14,51000,3200010
2026-07-30 23:41:19,51000,3200001
2026-07-30 23:41:24,51000,3199998
2026-07-30 23:41:29,51000,3200000
2026-07-30 23:41:34,51000,3201317
2026-07-30 23:41:39,51000,3199911
2026-07-30 23:41:44,51000,3199904
2026-07-30 23:41:49,51000,3199395
2026-07-30 23:41:54,51000,3200000
2026-07-30 23:41:59,52000,3200000
2026-07-30 23:42:04,51000,3200098
2026-07-30 23:42:09,51000,3199901
2026-07-30 23:42:14,49000,3968839
2026-07-30 23:42:19,47000,3965266
2026-07-30 23:42:24,49000,3200017
2026-07-30 23:42:29,50000,3953280
2026-07-30 23:42:34,47000,3955588
2026-07-30 23:42:39,48000,3952825
2026-07-30 23:42:44,45000,3200000
2026-07-30 23:42:49,49000,3200001
2026-07-30 23:42:55,50000,3199986
2026-07-30 23:43:00,51000,3199986
2026-07-30 23:43:05,51000,3200000
2026-07-30 23:43:10,51000,3199882
2026-07-30 23:43:15,51000,3200695
2026-07-30 23:43:20,52000,3200001
2026-07-30 23:43:25,51000,3200000
2026-07-30 23:43:30,51000,3199897
2026-07-30 23:43:35,51000,3200000
2026-07-30 23:43:40,51000,3200084
2026-07-30 23:43:45,51000,3200998
2026-07-30 23:43:50,51000,3200968
2026-07-30 23:43:55,50000,3965263
2026-07-30 23:44:00,47000,3970149
2026-07-30 23:44:05,49000,3199987
2026-07-30 23:44:10,51000,3966098
2026-07-30 23:44:15,45000,3966754
2026-07-30 23:44:20,48000,3965627
2026-07-30 23:44:25,43000,3967180
2026-07-30 23:44:30,48000,3200008
2026-07-30 23:44:36,51000,3200000
2026-07-30 23:44:41,51000,3199995
2026-07-30 23:44:46,51000,3200004
2026-07-30 23:44:51,51000,3199982
2026-07-30 23:44:56,51000,3200000
2026-07-30 23:45:01,51000,3200000
2026-07-30 23:45:06,51000,3199631
2026-07-30 23:45:11,51000,3200114
2026-07-30 23:45:16,51000,3200000
2026-07-30 23:45:21,50000,3200000
2026-07-30 23:45:26,51000,3199595
2026-07-30 23:45:31,51000,3199911
2026-07-30 23:45:36,53000,3561338
2026-07-30 23:45:41,51000,3949793
2026-07-30 23:45:46,48000,3200000
2026-07-30 23:45:51,47000,3967378
2026-07-30 23:45:56,49000,3965534
2026-07-30 23:46:01,48000,3949280
2026-07-30 23:46:06,46000,3966584
2026-07-30 23:46:11,48000,3200000
2026-07-30 23:46:17,49000,3200001
2026-07-30 23:46:22,50000,3200000
2026-07-30 23:46:27,51000,3200000
2026-07-30 23:46:32,51000,3200003
2026-07-30 23:46:37,51000,3200000
2026-07-30 23:46:42,53000,3200091
2026-07-30 23:46:47,51000,3200282
2026-07-30 23:46:52,51000,3200000
2026-07-30 23:46:57,51000,3200326
2026-07-30 23:47:02,50000,3200000
2026-07-30 23:47:07,51000,3199924
2026-07-30 23:47:12,51000,3200022
2026-07-30 23:47:17,51000,3200000
2026-07-30 23:47:22,51000,3969582
2026-07-30 23:47:27,50000,3966030
2026-07-30 23:47:32,49000,3200000
2026-07-30 23:47:37,46000,3967504
2026-07-30 23:47:42,45000,3978723
2026-07-30 23:47:47,45000,3964359
2026-07-30 23:47:52,46000,3199998
2026-07-30 23:47:58,50000,3200000
2026-07-30 23:48:03,50000,3200000
2026-07-30 23:48:08,51000,3200000
2026-07-30 23:48:13,51000,3200011
2026-07-30 23:48:18,51000,2974269
2026-07-30 23:48:23,51000,3200000
2026-07-30 23:48:28,51000,3200000
2026-07-30 23:48:33,51000,3198790
2026-07-30 23:48:38,51000,3200000
2026-07-30 23:48:43,51000,3200000
2026-07-30 23:48:48,51000,3200000
2026-07-30 23:48:53,51000,3200000
2026-07-30 23:48:58,51000,3200872
2026-07-30 23:49:03,49000,3955865
2026-07-30 23:49:08,49000,3423411
2026-07-30 23:49:13,50000,3200002
2026-07-30 23:49:18,46000,3974832
2026-07-30 23:49:23,45000,3752669
2026-07-30 23:49:28,44000,3967546
2026-07-30 23:49:33,46000,3199998
2026-07-30 23:49:38,49000,3200000
2026-07-30 23:49:44,50000,3200001
2026-07-30 23:49:49,51000,3200000
2026-07-30 23:49:54,51000,3200000
2026-07-30 23:49:59,51000,3199714
2026-07-30 23:50:04,50000,3200098
2026-07-30 23:50:09,50000,3199867
2026-07-30 23:50:14,51000,3199932
2026-07-30 23:50:19,50000,3200000
2026-07-30 23:50:24,51000,3200000
2026-07-30 23:50:29,51000,3200671
2026-07-30 23:50:34,50000,3200000
2026-07-30 23:50:39,51000,3200000
2026-07-30 23:50:44,51000,3754025
2026-07-30 23:50:49,47000,3974399
2026-07-30 23:50:54,48000,3200075
2026-07-30 23:50:59,47000,3935399
2026-07-30 23:51:04,45000,3971026
2026-07-30 23:51:09,46000,3958627
2026-07-30 23:51:14,46000,3951026
2026-07-30 23:51:19,48000,3200000
2026-07-30 23:51:24,49000,3200000
2026-07-30 23:51:30,51000,3200000
2026-07-30 23:51:35,51000,3200000
2026-07-30 23:51:40,51000,3200000
2026-07-30 23:51:45,51000,3200233
2026-07-30 23:51:50,51000,3200000
2026-07-30 23:51:55,51000,3199906
2026-07-30 23:52:00,52000,3200000
2026-07-30 23:52:05,53000,3200386
2026-07-30 23:52:10,51000,3200000
2026-07-30 23:52:15,51000,3200088
2026-07-30 23:52:20,51000,3200000
2026-07-30 23:52:25,51000,3499997
2026-07-30 23:52:30,52000,3958674
2026-07-30 23:52:35,50000,3955082
2026-07-30 23:52:40,49000,3200001
2026-07-30 23:52:45,48000,3970491
2026-07-30 23:52:50,48000,3949093
2026-07-30 23:52:55,44000,3957378
2026-07-30 23:53:00,46000,3199998
2026-07-30 23:53:06,49000,3199996
2026-07-30 23:53:11,50000,3200001
2026-07-30 23:53:16,51000,3200000
2026-07-30 23:53:21,52000,3200000
2026-07-30 23:53:26,51000,3200094
2026-07-30 23:53:31,51000,3199906
2026-07-30 23:53:36,51000,3200086
2026-07-30 23:53:41,53000,3199093
2026-07-30 23:53:46,50000,3200274
2026-07-30 23:53:51,51000,3198889
2026-07-30 23:53:56,50000,3200000
2026-07-30 23:54:01,51000,3200000
2026-07-30 23:54:06,50000,3200000
2026-07-30 23:54:11,51000,3977667
2026-07-30 23:54:16,46000,3967636
2026-07-30 23:54:21,49000,3200000
2026-07-30 23:54:26,49000,3966585
2026-07-30 23:54:31,45000,3968031
2026-07-30 23:54:36,45000,3968020
2026-07-30 23:54:41,43000,3973295
2026-07-30 23:54:46,48000,3200000
2026-07-30 23:54:52,50000,3199996
2026-07-30 23:54:57,51000,3200000
2026-07-30 23:55:02,51000,3200001
2026-07-30 23:55:07,51000,3199998
2026-07-30 23:55:12,50000,3199931
2026-07-30 23:55:17,51000,3199998
2026-07-30 23:55:22,51000,3200268
2026-07-30 23:55:27,51000,3199940
2026-07-30 23:55:32,51000,3200099
2026-07-30 23:55:37,51000,3198580
2026-07-30 23:55:42,51000,3199917
2026-07-30 23:55:47,51000,3200194
2026-07-30 23:55:52,53000,3500000
2026-07-30 23:55:57,48000,3969531
2026-07-30 23:56:02,48000,3200003
2026-07-30 23:56:07,52000,3965899
2026-07-30 23:56:12,45000,3977446
2026-07-30 23:56:17,44000,3971569
2026-07-30 23:56:22,46000,3964987
2026-07-30 23:56:27,47000,3200012
2026-07-30 23:56:33,50000,3200000
2026-07-30 23:56:38,50000,3200001
2026-07-30 23:56:43,51000,3200001
2026-07-30 23:56:48,51000,3200009
2026-07-30 23:56:53,52000,3182538
2026-07-30 23:56:58,52000,3201064
2026-07-30 23:57:03,50000,3199689
2026-07-30 23:57:08,51000,3199947
2026-07-30 23:57:13,51000,3200000
2026-07-30 23:57:18,51000,3199869
2026-07-30 23:57:23,52000,3199992
2026-07-30 23:57:28,53000,3199823
2026-07-30 23:57:33,51000,3200000
2026-07-30 23:57:38,48000,3188570
2026-07-30 23:57:43,48000,3972361
2026-07-30 23:57:48,49000,3200000
2026-07-30 23:57:53,47000,3575969
2026-07-30 23:57:58,47000,3963603
2026-07-30 23:58:03,45000,3941726
2026-07-30 23:58:08,44000,3730109
2026-07-30 23:58:13,49000,3199975
2026-07-30 23:58:18,50000,3200009
2026-07-30 23:58:24,51000,3200000
2026-07-30 23:58:29,51000,3200000
2026-07-30 23:58:34,51000,3200001
2026-07-30 23:58:39,51000,3200000
2026-07-30 23:58:44,51000,3200000
2026-07-30 23:58:49,51000,3200000
2026-07-30 23:58:54,51000,3200096
2026-07-30 23:58:59,51000,3200114
2026-07-30 23:59:04,51000,3199905
2026-07-30 23:59:09,51000,3182706
2026-07-30 23:59:14,51000,3200000
2026-07-30 23:59:19,50000,3251739
2026-07-30 23:59:24,47000,3946683
2026-07-30 23:59:29,49000,3200001
2026-07-30 23:59:34,48000,3966042
2026-07-30 23:59:39,46000,3958226
2026-07-30 23:59:44,44000,3963541
2026-07-30 23:59:49,44000,3957775
2026-07-30 23:59:54,47000,3200000
2026-07-30 23:59:59,49000,3200009
2026-07-31 00:00:04,51000,3200012
2026-07-31 00:00:09,51000,3200001
2026-07-31 00:00:15,51000,3200000
2026-07-31 00:00:20,51000,3201583
2026-07-31 00:00:25,51000,3200304
2026-07-31 00:00:30,51000,3200000
2026-07-31 00:00:35,51000,3199864
2026-07-31 00:00:40,51000,3200000
2026-07-31 00:00:45,51000,3199925
2026-07-31 00:00:50,50000,3200000
2026-07-31 00:00:55,50000,3200000
2026-07-31 00:01:00,50000,3199712
2026-07-31 00:01:05,47000,3976939
2026-07-31 00:01:10,45000,3963466
2026-07-31 00:01:15,52000,3200000
2026-07-31 00:01:20,46000,3966564
2026-07-31 00:01:25,45000,3978622
2026-07-31 00:01:30,44000,3976349
2026-07-31 00:01:35,46000,3200001
2026-07-31 00:01:40,49000,3200031
2026-07-31 00:01:45,50000,3199998
2026-07-31 00:01:51,50000,3200000
2026-07-31 00:01:56,51000,3199991
2026-07-31 00:02:01,52000,3200000
2026-07-31 00:02:06,50000,3200016
2026-07-31 00:02:11,50000,3200075
2026-07-31 00:02:16,50000,3198843
2026-07-31 00:02:21,50000,3200000
2026-07-31 00:02:26,51000,3200000
2026-07-31 00:02:31,52000,3200000
2026-07-31 00:02:36,51000,3199906
2026-07-31 00:02:41,51000,3201636
2026-07-31 00:02:46,49000,3568437
2026-07-31 00:02:51,46000,3676216
2026-07-31 00:02:56,49000,3200006
2026-07-31 00:03:01,46000,3961094
2026-07-31 00:03:06,45000,3923241
2026-07-31 00:03:11,45000,3950446
2026-07-31 00:03:16,45000,3966223
2026-07-31 00:03:21,48000,3200000
2026-07-31 00:03:26,49000,3199994
2026-07-31 00:03:31,51000,3200004
2026-07-31 00:03:37,51000,3200008
2026-07-31 00:03:42,51000,3200001
2026-07-31 00:03:47,51000,3200097
2026-07-31 00:03:52,51000,3199248
2026-07-31 00:03:57,51000,3199914
2026-07-31 00:04:02,52000,3200000
2026-07-31 00:04:07,52000,3198491
2026-07-31 00:04:12,51000,3200000
2026-07-31 00:04:17,51000,3200000
2026-07-31 00:04:22,52000,3200089
2026-07-31 00:04:27,50000,3246130
2026-07-31 00:04:32,49000,3947959
2026-07-31 00:04:37,47000,3200008
2026-07-31 00:04:42,51000,3955535
2026-07-31 00:04:47,46000,3957104
2026-07-31 00:04:52,45000,3794335
2026-07-31 00:04:57,48000,3780331
2026-07-31 00:05:02,47000,3199998
2026-07-31 00:05:07,49000,3200003
2026-07-31 00:05:12,50000,3200000
2026-07-31 00:05:18,51000,3200000
2026-07-31 00:05:23,52000,3200001
2026-07-31 00:05:28,51000,3200000
2026-07-31 00:05:33,51000,3200003
2026-07-31 00:05:38,51000,3200036
2026-07-31 00:05:43,50000,3200163
2026-07-31 00:05:48,51000,3200000
2026-07-31 00:05:53,51000,3200004
2026-07-31 00:05:58,51000,3200000
2026-07-31 00:06:03,52000,3200000
2026-07-31 00:06:08,50000,3199996
2026-07-31 00:06:13,51000,3949782
2026-07-31 00:06:18,46000,3963527
2026-07-31 00:06:23,50000,3199998
2026-07-31 00:06:28,47000,3961075
2026-07-31 00:06:33,45000,3965910
2026-07-31 00:06:38,48000,3438525
2026-07-31 00:06:43,47000,3200000
2026-07-31 00:06:48,49000,3200000
2026-07-31 00:06:53,51000,3200000
2026-07-31 00:06:59,51000,3200003
2026-07-31 00:07:04,51000,3200000
2026-07-31 00:07:09,54000,3174203
2026-07-31 00:07:14,53000,3200065
2026-07-31 00:07:19,51000,3200196
2026-07-31 00:07:24,51000,3200001
2026-07-31 00:07:29,52000,3200000
2026-07-31 00:07:34,51000,3199906
2026-07-31 00:07:39,51000,3200000
2026-07-31 00:07:44,51000,3200000
2026-07-31 00:07:49,51000,3200000
2026-07-31 00:07:54,48000,3983490
2026-07-31 00:07:59,45000,3955578
2026-07-31 00:08:04,49000,3200000
2026-07-31 00:08:09,48000,3959124
2026-07-31 00:08:14,45000,3958281
2026-07-31 00:08:19,46000,3946106
2026-07-31 00:08:24,45000,3943014
2026-07-31 00:08:29,48000,3200001
2026-07-31 00:08:34,49000,3199993
2026-07-31 00:08:39,50000,3200008
2026-07-31 00:08:44,51000,3200000
2026-07-31 00:08:50,51000,3199998
2026-07-31 00:08:55,51000,3178427
2026-07-31 00:09:00,51000,3199895
2026-07-31 00:09:05,51000,3200314
2026-07-31 00:09:10,51000,3200442
2026-07-31 00:09:15,51000,3200000
2026-07-31 00:09:20,51000,3200418
2026-07-31 00:09:25,51000,3200092
2026-07-31 00:09:30,51000,3200000
2026-07-31 00:09:35,50000,3560257
2026-07-31 00:09:40,50000,3956544
2026-07-31 00:09:45,49000,3200001
2026-07-31 00:09:50,48000,3954893
2026-07-31 00:09:55,46000,3964779
2026-07-31 00:10:00,45000,3951666
2026-07-31 00:10:05,45000,3970801
2026-07-31 00:10:10,47000,3200016
2026-07-31 00:10:15,49000,3200000
2026-07-31 00:10:20,50000,3199966
2026-07-31 00:10:26,51000,3200000
2026-07-31 00:10:31,51000,3199988
2026-07-31 00:10:36,51000,3200092
2026-07-31 00:10:41,51000,3200000
2026-07-31 00:10:46,51000,3200321
2026-07-31 00:10:51,51000,3200110
2026-07-31 00:10:56,51000,3200000
2026-07-31 00:11:01,53000,3200000
2026-07-31 00:11:06,53000,3199903
2026-07-31 00:11:11,51000,3199881
2026-07-31 00:11:16,50000,3199729
2026-07-31 00:11:21,48000,3961468
2026-07-31 00:11:26,47000,3946163
2026-07-31 00:11:31,49000,3200000
2026-07-31 00:11:36,50000,3955691
2026-07-31 00:11:41,49000,3968536
2026-07-31 00:11:46,44000,3860191
2026-07-31 00:11:51,45000,3200000
2026-07-31 00:11:56,48000,3200000
2026-07-31 00:12:01,50000,3200008
2026-07-31 00:12:07,51000,3200004
2026-07-31 00:12:12,51000,3200000
2026-07-31 00:12:17,51000,3199886
2026-07-31 00:12:22,51000,3200001
2026-07-31 00:12:27,51000,3200000
2026-07-31 00:12:32,51000,3199916
2026-07-31 00:12:37,51000,3200014
2026-07-31 00:12:42,51000,3200087
2026-07-31 00:12:47,51000,3199904
2026-07-31 00:12:52,51000,3199949
2026-07-31 00:12:57,51000,3200000
2026-07-31 00:13:02,49000,3974255
2026-07-31 00:13:07,50000,3971857
2026-07-31 00:13:12,48000,3200001
2026-07-31 00:13:17,47000,3971048
2026-07-31 00:13:22,45000,3968899
2026-07-31 00:13:27,45000,3970160
2026-07-31 00:13:32,45000,3969235
2026-07-31 00:13:37,48000,3200000
2026-07-31 00:13:42,49000,3200000
2026-07-31 00:13:48,51000,3199998
2026-07-31 00:13:53,51000,3200000
2026-07-31 00:13:58,51000,3200000
2026-07-31 00:14:03,51000,3200000
2026-07-31 00:14:08,51000,3200018
2026-07-31 00:14:13,51000,3199924
2026-07-31 00:14:18,50000,3200000
2026-07-31 00:14:23,51000,3200004
2026-07-31 00:14:28,51000,3200000
2026-07-31 00:14:33,51000,3199902
2026-07-31 00:14:38,52000,3199972
2026-07-31 00:14:43,54000,3507791
2026-07-31 00:14:48,50000,3974072
2026-07-31 00:14:53,48000,3200049
2026-07-31 00:14:58,47000,3963703
2026-07-31 00:15:03,48000,3953199
2026-07-31 00:15:08,45000,3434624
2026-07-31 00:15:13,47000,3960660
2026-07-31 00:15:18,54000,3200000
2026-07-31 00:15:23,55000,3197190
2026-07-31 00:15:28,56000,3197173
2026-07-31 00:15:33,57000,3199998
2026-07-31 00:15:39,57000,3197180
2026-07-31 00:15:44,58000,3200001
2026-07-31 00:15:49,59000,3200000
2026-07-31 00:15:54,59000,3200000
2026-07-31 00:15:59,59000,3200001
2026-07-31 00:16:04,57000,3199998
2026-07-31 00:16:09,60000,3209362
2026-07-31 00:16:14,60000,3198177
2026-07-31 00:16:19,59000,3198129
2026-07-31 00:16:24,59000,3198127
2026-07-31 00:16:30,60000,3197576
2026-07-31 00:16:35,60000,3200001
2026-07-31 00:16:40,60000,3194546
2026-07-31 00:16:45,60000,3200002
2026-07-31 00:16:50,60000,3200000
2026-07-31 00:16:55,60000,3195694
2026-07-31 00:17:00,60000,3200000
2026-07-31 00:17:05,59000,3200000
2026-07-31 00:17:10,58000,3200000
2026-07-31 00:17:16,57000,3978492
2026-07-31 00:17:21,59000,3195313
2026-07-31 00:17:26,60000,3197752
2026-07-31 00:17:31,60000,3199998
2026-07-31 00:17:36,60000,3200000
2026-07-31 00:17:41,59000,3197664
2026-07-31 00:17:46,60000,3195387
2026-07-31 00:17:51,60000,3195404
2026-07-31 00:17:56,60000,3195007
2026-07-31 00:18:01,55000,3200000
2026-07-31 00:18:06,54000,3200021
2026-07-31 00:18:12,57000,3950406
2026-07-31 00:18:17,59000,3200000
2026-07-31 00:18:22,57000,3200000
2026-07-31 00:18:27,57000,3200000
2026-07-31 00:18:32,57000,3200000
2026-07-31 00:18:37,54000,3200001
2026-07-31 00:18:42,53000,3200000
2026-07-31 00:18:47,55000,3970565
2026-07-31 00:18:52,58000,3197691
2026-07-31 00:18:57,58000,3200000
2026-07-31 00:19:02,56000,3200000
2026-07-31 00:19:07,55000,3192814
2026-07-31 00:19:13,54000,3200001
2026-07-31 00:19:18,54000,3200000
2026-07-31 00:19:23,54000,3500000
2026-07-31 00:19:28,57000,3200014
2026-07-31 00:19:33,56000,3200000
2026-07-31 00:19:38,55000,3200000
2026-07-31 00:19:43,55000,3200000
2026-07-31 00:19:48,53000,3200016
2026-07-31 00:19:53,56000,3247606
2026-07-31 00:19:58,57000,3200001
2026-07-31 00:20:03,56000,3199998
2026-07-31 00:20:09,57000,3199999
2026-07-31 00:20:14,54000,3200001
2026-07-31 00:20:19,53000,3200003
2026-07-31 00:20:24,52000,3304073
2026-07-31 00:20:29,53000,3186384
2026-07-31 00:20:34,54000,3200000
2026-07-31 00:20:39,54000,3199911
2026-07-31 00:20:44,53000,3186552
2026-07-31 00:20:49,53000,3200000
2026-07-31 00:20:54,54000,3298877
2026-07-31 00:20:59,54000,3199479
2026-07-31 00:21:04,58000,3200000
2026-07-31 00:21:09,59000,3194458
2026-07-31 00:21:14,59000,3197231
2026-07-31 00:21:20,59000,3197647
2026-07-31 00:21:25,60000,3197130
2026-07-31 00:21:30,60000,3196136
2026-07-31 00:21:35,60000,3197705
2026-07-31 00:21:40,60000,3197679
2026-07-31 00:21:45,60000,3194958
2026-07-31 00:21:50,60000,3195373
2026-07-31 00:21:55,60000,3197819
2026-07-31 00:22:00,60000,3195405
2026-07-31 00:22:06,61000,3200000
2026-07-31 00:22:11,60000,3200001
2026-07-31 00:22:16,60000,3200004
2026-07-31 00:22:21,58000,3199998
2026-07-31 00:22:26,57000,3200001
2026-07-31 00:22:31,58000,3200000
2026-07-31 00:22:36,56000,3884488
2026-07-31 00:22:41,60000,3197102
2026-07-31 00:22:46,60000,3195298
2026-07-31 00:22:52,57000,3199998
2026-07-31 00:22:57,57000,3200000
2026-07-31 00:23:02,56000,3200000
2026-07-31 00:23:07,56000,3200001
2026-07-31 00:23:12,56000,3200000
2026-07-31 00:23:17,55000,3200000
2026-07-31 00:23:22,55000,3200000
2026-07-31 00:23:27,55000,3200021
2026-07-31 00:23:33,55000,3199998
2026-07-31 00:23:38,55000,3200000
2026-07-31 00:23:43,59000,3182089
2026-07-31 00:23:48,59000,3134887
2026-07-31 00:23:53,60000,3182272
2026-07-31 00:23:58,59000,3197708
2026-07-31 00:24:03,60000,3141542
2026-07-31 00:24:08,59000,3175602
2026-07-31 00:24:13,60000,3165078
2026-07-31 00:24:18,60000,3141837
2026-07-31 00:24:24,60000,3170616
2026-07-31 00:24:29,60000,3200000
2026-07-31 00:24:34,60000,3187471
2026-07-31 00:24:39,60000,3178628
2026-07-31 00:24:44,60000,3200001
2026-07-31 00:24:49,60000,3200001
2026-07-31 00:24:54,60000,3200000
2026-07-31 00:24:59,60000,3156521
2026-07-31 00:25:04,60000,3164913
2026-07-31 00:25:09,60000,3180269
2026-07-31 00:25:15,60000,3175545
2026-07-31 00:25:20,60000,3182463
2026-07-31 00:25:25,60000,3197609
2026-07-31 00:25:30,60000,3200005
2026-07-31 00:25:35,60000,3199611
2026-07-31 00:25:40,60000,3200006
2026-07-31 00:25:45,60000,3176478
2026-07-31 00:25:50,60000,3164980
2026-07-31 00:25:55,60000,3165044
2026-07-31 00:26:01,60000,3193263
2026-07-31 00:26:06,61000,3167537
2026-07-31 00:26:11,60000,3182283
2026-07-31 00:26:16,60000,3182246
2026-07-31 00:26:21,60000,3198507
2026-07-31 00:26:26,61000,3161829
2026-07-31 00:26:31,60000,3199796
2026-07-31 00:26:36,61000,3199998
2026-07-31 00:26:41,60000,3197898
2026-07-31 00:26:46,59000,3165175
2026-07-31 00:26:51,60000,3164934
2026-07-31 00:26:57,60000,3162802
2026-07-31 00:27:02,60000,3200008
2026-07-31 00:27:07,60000,3162385
2026-07-31 00:27:12,60000,3176762
2026-07-31 00:27:17,60000,3194460
2026-07-31 00:27:22,60000,3174073
2026-07-31 00:27:27,60000,3144990
2026-07-31 00:27:32,60000,3182410
2026-07-31 00:27:37,60000,3199993
2026-07-31 00:27:42,60000,3154474
2026-07-31 00:27:48,60000,3188789
2026-07-31 00:27:53,60000,3156484
2026-07-31 00:27:58,60000,3162105
2026-07-31 00:28:03,60000,3160621
2026-07-31 00:28:08,61000,3200001
2026-07-31 00:28:13,60000,3200000
2026-07-31 00:28:18,60000,3181870
2026-07-31 00:28:23,60000,3173377
2026-07-31 00:28:28,61000,3174615
2026-07-31 00:28:33,60000,3200000
2026-07-31 00:28:38,60000,3176937
2026-07-31 00:28:43,60000,3200007
2026-07-31 00:28:48,60000,3192907
2026-07-31 00:28:54,60000,3180898
2026-07-31 00:28:59,60000,3200018
2026-07-31 00:29:04,60000,3182596
2026-07-31 00:29:09,60000,3187548
2026-07-31 00:29:14,61000,3181079
2026-07-31 00:29:19,60000,3179962
2026-07-31 00:29:24,60000,3175459
2026-07-31 00:29:29,60000,3183924
2026-07-31 00:29:34,60000,3128678
2026-07-31 00:29:39,60000,3191680
2026-07-31 00:29:44,60000,3200000
2026-07-31 00:29:49,60000,3170427
2026-07-31 00:29:54,60000,3158874
2026-07-31 00:30:00,61000,3177311
2026-07-31 00:30:05,60000,3177875
2026-07-31 00:30:10,60000,3180184
2026-07-31 00:30:15,60000,3146717
2026-07-31 00:30:20,60000,3199994
2026-07-31 00:30:25,60000,3146103
2026-07-31 00:30:30,60000,3163909
2026-07-31 00:30:35,60000,3136456
2026-07-31 00:30:40,60000,3178331
2026-07-31 00:30:45,61000,3197012
2026-07-31 00:30:50,60000,3199997
2026-07-31 00:30:55,60000,3199998
2026-07-31 00:31:01,60000,3162093
2026-07-31 00:31:06,60000,3164713
2026-07-31 00:31:11,60000,3137104
2026-07-31 00:31:16,60000,3192088
2026-07-31 00:31:21,60000,3166115
2026-07-31 00:31:26,60000,3126599
2026-07-31 00:31:31,60000,3195331
2026-07-31 00:31:36,60000,3138553
2026-07-31 00:31:42,60000,3184951
2026-07-31 00:31:47,60000,3186519
2026-07-31 00:31:52,60000,3180853
2026-07-31 00:31:57,60000,3182370
2026-07-31 00:32:02,60000,3164762
2026-07-31 00:32:07,60000,3164852
2026-07-31 00:32:12,60000,3187902
2026-07-31 00:32:17,60000,3177885
2026-07-31 00:32:22,61000,3166532
2026-07-31 00:32:28,61000,3164640
2026-07-31 00:32:33,60000,3197669
2026-07-31 00:32:38,60000,3178618
2026-07-31 00:32:43,60000,3182358
2026-07-31 00:32:48,60000,3176084
2026-07-31 00:32:53,58000,3200000
2026-07-31 00:32:58,57000,3200000
2026-07-31 00:33:03,57000,3200038
2026-07-31 00:33:08,57000,3200000
2026-07-31 00:33:13,56000,3200000
2026-07-31 00:33:19,56000,3200008
2026-07-31 00:33:24,56000,3200000
2026-07-31 00:33:29,56000,3200001
2026-07-31 00:33:34,56000,3200000
2026-07-31 00:33:39,57000,3200000
2026-07-31 00:33:44,57000,3200001
2026-07-31 00:33:49,57000,3199998
2026-07-31 00:33:54,58000,3200000
2026-07-31 00:33:59,57000,3200000
2026-07-31 00:34:05,56000,3200000
2026-07-31 00:34:10,57000,3200000
2026-07-31 00:34:15,56000,3200003
2026-07-31 00:34:20,57000,3200005
2026-07-31 00:34:25,57000,3200000
2026-07-31 00:34:30,58000,3200000
2026-07-31 00:34:35,56000,3200000
2026-07-31 00:34:40,57000,3200005
2026-07-31 00:34:45,56000,3200001
2026-07-31 00:34:50,54000,3976474
2026-07-31 00:34:55,56000,3200008
2026-07-31 00:35:00,57000,3200000
2026-07-31 00:35:05,56000,3200017
2026-07-31 00:35:11,56000,3200000
2026-07-31 00:35:16,56000,3200022
2026-07-31 00:35:21,56000,3199998
2026-07-31 00:35:26,56000,3200000
2026-07-31 00:35:31,56000,3200003
2026-07-31 00:35:36,56000,3200008
2026-07-31 00:35:41,56000,3200000
2026-07-31 00:35:46,56000,3199994
2026-07-31 00:35:51,54000,3153301
2026-07-31 00:35:56,57000,3199889
2026-07-31 00:36:01,56000,3200001
2026-07-31 00:36:06,56000,3200016
2026-07-31 00:36:11,56000,3200006
2026-07-31 00:36:16,57000,3200000
2026-07-31 00:36:21,56000,3200001
2026-07-31 00:36:26,56000,3200004
2026-07-31 00:36:31,56000,3200000
2026-07-31 00:36:36,57000,3200001
2026-07-31 00:36:42,57000,3200472
2026-07-31 00:36:47,58000,3200000
2026-07-31 00:36:52,58000,3199998
2026-07-31 00:36:57,56000,3200001
2026-07-31 00:37:02,58000,3200000
2026-07-31 00:37:07,56000,3200001
2026-07-31 00:37:12,57000,3178643
2026-07-31 00:37:17,58000,3200001
2026-07-31 00:37:22,57000,3200000
2026-07-31 00:37:27,56000,3200000
2026-07-31 00:37:32,57000,3200000
2026-07-31 00:37:37,56000,3200001
2026-07-31 00:37:42,57000,3200001
2026-07-31 00:37:47,57000,3200001
2026-07-31 00:37:52,56000,3200000
2026-07-31 00:37:57,56000,3200001
2026-07-31 00:38:02,56000,3200000
2026-07-31 00:38:07,56000,3200003
2026-07-31 00:38:12,57000,3200000
2026-07-31 00:38:18,56000,3200000
2026-07-31 00:38:23,58000,3200000
2026-07-31 00:38:28,54000,3200001
2026-07-31 00:38:33,56000,3200000
2026-07-31 00:38:38,56000,3200020
2026-07-31 00:38:43,57000,3199998
2026-07-31 00:38:48,56000,3200007
2026-07-31 00:38:53,59000,3200000
2026-07-31 00:38:58,56000,3199995
2026-07-31 00:39:03,56000,3200005
2026-07-31 00:39:08,58000,3200000
2026-07-31 00:39:13,57000,3200000
2026-07-31 00:39:18,56000,3200000
2026-07-31 00:39:24,58000,3199999
2026-07-31 00:39:29,55000,3199998
2026-07-31 00:39:34,56000,3200000
2026-07-31 00:39:39,56000,3200000
2026-07-31 00:39:44,56000,3200000
2026-07-31 00:39:49,56000,3200005
2026-07-31 00:39:54,56000,3199998
2026-07-31 00:39:59,56000,3200015
2026-07-31 00:40:04,56000,3200000
2026-07-31 00:40:09,56000,3200001
2026-07-31 00:40:14,57000,3199973
2026-07-31 00:40:20,56000,3200001
2026-07-31 00:40:25,56000,3200008
2026-07-31 00:40:30,57000,3200000
2026-07-31 00:40:35,56000,3200000
2026-07-31 00:40:40,58000,3200000
2026-07-31 00:40:45,56000,3200000
2026-07-31 00:40:50,58000,3200001
2026-07-31 00:40:55,57000,3200000
2026-07-31 00:41:00,57000,3199998
2026-07-31 00:41:06,56000,3200004
2026-07-31 00:41:11,58000,3200001
2026-07-31 00:41:16,56000,3200000
2026-07-31 00:41:21,56000,3200008
2026-07-31 00:41:26,56000,3200001
2026-07-31 00:41:31,56000,3199983
2026-07-31 00:41:36,56000,3200000
2026-07-31 00:41:41,56000,3162578
2026-07-31 00:41:46,57000,3200023
2026-07-31 00:41:52,57000,3199978
2026-07-31 00:41:57,56000,3200015
2026-07-31 00:42:02,60000,3200009
2026-07-31 00:42:07,58000,3200000
2026-07-31 00:42:12,57000,3199739
2026-07-31 00:42:17,58000,3199998
2026-07-31 00:42:22,58000,3200001
2026-07-31 00:42:27,58000,3197419
2026-07-31 00:42:32,58000,3199998
2026-07-31 00:42:37,58000,3200001
2026-07-31 00:42:42,57000,3200000
2026-07-31 00:42:47,58000,3200000
2026-07-31 00:42:52,58000,3200001
2026-07-31 00:42:58,58000,3200001
2026-07-31 00:43:03,59000,3200000
2026-07-31 00:43:08,58000,3200001
2026-07-31 00:43:13,58000,3199997
2026-07-31 00:43:18,59000,3200000
2026-07-31 00:43:23,58000,3199998
2026-07-31 00:43:28,58000,3200000
2026-07-31 00:43:33,58000,3200008
2026-07-31 00:43:38,59000,3200000
2026-07-31 00:43:43,60000,3200000
2026-07-31 00:43:48,60000,3200001
2026-07-31 00:43:53,60000,3200000
2026-07-31 00:43:58,58000,3199998
2026-07-31 00:44:03,58000,3200009
2026-07-31 00:44:09,58000,3199171
2026-07-31 00:44:14,58000,3200003
2026-07-31 00:44:19,58000,3200001
2026-07-31 00:44:24,58000,3199553
2026-07-31 00:44:29,58000,3200000
2026-07-31 00:44:34,58000,3200000
2026-07-31 00:44:39,58000,3200012
2026-07-31 00:44:44,58000,3200000
2026-07-31 00:44:49,58000,3198272
2026-07-31 00:44:54,59000,3200024
2026-07-31 00:44:59,60000,3200011
2026-07-31 00:45:04,59000,3199998
2026-07-31 00:45:10,62000,3194745
2026-07-31 00:45:15,60000,3200001
2026-07-31 00:45:20,61000,3196514
2026-07-31 00:45:25,62000,3193802
2026-07-31 00:45:30,61000,3197369
2026-07-31 00:45:35,61000,3199998
2026-07-31 00:45:40,59000,3197529
2026-07-31 00:45:45,58000,3200001
2026-07-31 00:45:50,61000,3201368
2026-07-31 00:45:55,60000,3194387
2026-07-31 00:46:00,59000,3202004
2026-07-31 00:46:05,61000,3197120
2026-07-31 00:46:10,61000,3200000
2026-07-31 00:46:15,60000,3184711
2026-07-31 00:46:20,59000,3200000
2026-07-31 00:46:25,58000,3200001
2026-07-31 00:46:30,59000,3200000
2026-07-31 00:46:35,59000,3199995
2026-07-31 00:46:40,58000,3200000
2026-07-31 00:46:46,58000,3200000
2026-07-31 00:46:51,58000,3200001
2026-07-31 00:46:56,58000,3200007
2026-07-31 00:47:01,57000,3199998
2026-07-31 00:47:06,59000,3200026
2026-07-31 00:47:11,58000,3199994
2026-07-31 00:47:16,58000,3200013
2026-07-31 00:47:21,58000,3200010
2026-07-31 00:47:26,58000,3200266
2026-07-31 00:47:31,58000,3200000
2026-07-31 00:47:36,59000,3199995
2026-07-31 00:47:41,60000,3197090
2026-07-31 00:47:46,58000,3200001
2026-07-31 00:47:52,57000,3200012
2026-07-31 00:47:57,57000,3199888
2026-07-31 00:48:02,61000,3200007
2026-07-31 00:48:07,60000,3200000
2026-07-31 00:48:12,58000,3200016
2026-07-31 00:48:17,58000,3200000
2026-07-31 00:48:22,58000,3200000
2026-07-31 00:48:27,59000,3199994
2026-07-31 00:48:32,58000,3200001
2026-07-31 00:48:37,58000,3200001
2026-07-31 00:48:42,58000,3199994
2026-07-31 00:48:48,58000,3200001
2026-07-31 00:48:53,58000,3200001
2026-07-31 00:48:58,59000,3197746
2026-07-31 00:49:03,58000,3199998
2026-07-31 00:49:08,59000,3199750
2026-07-31 00:49:13,59000,3199997
2026-07-31 00:49:18,59000,3200000
2026-07-31 00:49:23,58000,3198035
2026-07-31 00:49:28,59000,3200014
2026-07-31 00:49:34,60000,3200000
2026-07-31 00:49:39,58000,3198440
2026-07-31 00:49:44,59000,3197218
2026-07-31 00:49:49,58000,3200001
2026-07-31 00:49:54,60000,3200000
2026-07-31 00:49:59,58000,3200001
2026-07-31 00:50:04,61000,3200001
2026-07-31 00:50:09,59000,3200016
2026-07-31 00:50:14,58000,3200001
2026-07-31 00:50:19,59000,3200000
2026-07-31 00:50:25,58000,3200000
2026-07-31 00:50:30,59000,3199991
2026-07-31 00:50:35,58000,3200001
2026-07-31 00:50:40,60000,3200013
2026-07-31 00:50:45,60000,3197166
2026-07-31 00:50:50,60000,3197513
2026-07-31 00:50:55,60000,3200000
2026-07-31 00:51:00,59000,3195174
2026-07-31 00:51:06,60000,3195312
2026-07-31 00:51:11,59000,3200007
2026-07-31 00:51:16,58000,3199998
2026-07-31 00:51:21,58000,3200001
2026-07-31 00:51:26,59000,3200000
2026-07-31 00:51:31,58000,3200000
2026-07-31 00:51:36,58000,3200000
2026-07-31 00:51:41,59000,3200007
2026-07-31 00:51:46,58000,3200000
2026-07-31 00:51:51,58000,3199998
2026-07-31 00:51:56,58000,3200025
2026-07-31 00:52:01,60000,3200019
2026-07-31 00:52:06,58000,3200000
2026-07-31 00:52:11,61000,3200001
2026-07-31 00:52:16,58000,3200001
2026-07-31 00:52:22,58000,3200003
2026-07-31 00:52:27,58000,3199895
2026-07-31 00:52:32,58000,3200003
2026-07-31 00:52:37,59000,3199997
2026-07-31 00:52:42,58000,3200004
2026-07-31 00:52:47,58000,3200000
2026-07-31 00:52:52,58000,3200000
2026-07-31 00:52:57,58000,3200001
2026-07-31 00:53:02,58000,3200000
2026-07-31 00:53:07,58000,3199970
2026-07-31 00:53:12,60000,3200001
2026-07-31 00:53:17,59000,3200001
2026-07-31 00:53:22,58000,3200001
2026-07-31 00:53:27,58000,3199993
2026-07-31 00:53:32,58000,3200001
2026-07-31 00:53:38,59000,3200001
2026-07-31 00:53:43,58000,3200002
2026-07-31 00:53:48,59000,3200003
2026-07-31 00:53:53,58000,3200008
2026-07-31 00:53:58,58000,3200000
2026-07-31 00:54:03,58000,3200000
2026-07-31 00:54:08,58000,3200867
2026-07-31 00:54:13,58000,3198679
2026-07-31 00:54:18,60000,3199998
2026-07-31 00:54:23,50000,3042754
2026-07-31 00:54:28,49000,3116141
2026-07-31 00:54:33,48000,3101958
2026-07-31 00:54:38,47000,3177671
2026-07-31 00:54:43,47000,3192336
2026-07-31 00:54:48,47000,3200000
2026-07-31 00:54:53,46000,3189164
2026-07-31 00:54:58,48000,3172756
2026-07-31 00:55:03,45000,3170193
2026-07-31 00:55:08,47000,3199442
2026-07-31 00:55:13,45000,3169567
2026-07-31 00:55:18,45000,3170760
2026-07-31 00:55:23,45000,3077592
2026-07-31 00:55:28,45000,3048609
2026-07-31 00:55:33,45000,3164012
2026-07-31 00:55:38,45000,3181624
2026-07-31 00:55:43,46000,3182060
2026-07-31 00:55:48,44000,3174066
2026-07-31 00:55:53,45000,3187726
2026-07-31 00:55:58,45000,3169421
2026-07-31 00:56:03,44000,3077457
2026-07-31 00:56:08,44000,3189134
2026-07-31 00:56:14,45000,3182597
2026-07-31 00:56:19,45000,3169246
2026-07-31 00:56:24,44000,3178886
2026-07-31 00:56:29,44000,3097062
2026-07-31 00:56:34,45000,3183980
2026-07-31 00:56:39,45000,3173946
2026-07-31 00:56:44,45000,3174676
2026-07-31 00:56:49,46000,3185388
2026-07-31 00:56:54,44000,3057645
2026-07-31 00:56:59,44000,3108151
2026-07-31 00:57:04,44000,3200001
2026-07-31 00:57:09,45000,3107483
2026-07-31 00:57:14,46000,3067589
2026-07-31 00:57:19,45000,3112612
2026-07-31 00:57:24,45000,3101352
2026-07-31 00:57:29,44000,3043937
2026-07-31 00:57:34,44000,3170607
2026-07-31 00:57:39,45000,3105687
2026-07-31 00:57:44,44000,3196363
2026-07-31 00:57:49,45000,3174107
2026-07-31 00:57:54,44000,3171330
2026-07-31 00:57:59,45000,3123084
2026-07-31 00:58:04,45000,3167295
2026-07-31 00:58:09,45000,3105828
2026-07-31 00:58:14,45000,3172856
2026-07-31 00:58:19,45000,3170514
2026-07-31 00:58:24,45000,3149684
2026-07-31 00:58:29,44000,3171622
2026-07-31 00:58:34,44000,3174152
2026-07-31 00:58:39,43000,3175795
2026-07-31 00:58:44,44000,3181898
2026-07-31 00:58:49,43000,3119590
2026-07-31 00:58:54,45000,3175367
2026-07-31 00:58:59,44000,3174615
2026-07-31 00:59:04,44000,3084520
2026-07-31 00:59:09,44000,3111490
2026-07-31 00:59:14,45000,3172353
2026-07-31 00:59:19,44000,3175742
2026-07-31 00:59:25,45000,3099639
2026-07-31 00:59:30,45000,3095829
2026-07-31 00:59:35,44000,3074703
2026-07-31 00:59:40,44000,3172016
2026-07-31 00:59:45,44000,3113716
2026-07-31 00:59:50,44000,3173764
2026-07-31 00:59:55,45000,3185025
2026-07-31 01:00:00,47000,3124854
2026-07-31 01:00:05,44000,3175460
2026-07-31 01:00:10,45000,3094745
2026-07-31 01:00:15,45000,3095641
2026-07-31 01:00:20,45000,3172854
2026-07-31 01:00:25,44000,3084872
2026-07-31 01:00:30,44000,3087442
2026-07-31 01:00:35,44000,3178619
2026-07-31 01:00:40,44000,3193580
2026-07-31 01:00:45,45000,3109668
2026-07-31 01:00:50,45000,3179096
2026-07-31 01:00:55,45000,3101698
2026-07-31 01:01:00,45000,3113314
2026-07-31 01:01:05,44000,3181592
2026-07-31 01:01:10,44000,3173762
2026-07-31 01:01:15,44000,3107171
2026-07-31 01:01:20,44000,3176198
2026-07-31 01:01:25,44000,3096407
2026-07-31 01:01:30,43000,3023556
2026-07-31 01:01:35,44000,3172116
2026-07-31 01:01:40,44000,3075012
2026-07-31 01:01:45,44000,3176943
2026-07-31 01:01:50,45000,3107346
2026-07-31 01:01:55,44000,3125117
2026-07-31 01:02:00,44000,3080419
2026-07-31 01:02:05,44000,3177027
2026-07-31 01:02:10,44000,3138580
2026-07-31 01:02:15,44000,3178395
2026-07-31 01:02:20,44000,3181758
2026-07-31 01:02:26,44000,3137620
2026-07-31 01:02:31,44000,3102541
2026-07-31 01:02:36,44000,3198772
2026-07-31 01:02:41,44000,3102908
2026-07-31 01:02:46,44000,3185129
2026-07-31 01:02:51,44000,3198864
2026-07-31 01:02:56,43000,3182058
2026-07-31 01:03:01,44000,3104687
2026-07-31 01:03:06,43000,3197608
2026-07-31 01:03:11,44000,3091595
2026-07-31 01:03:16,44000,3143347
2026-07-31 01:03:21,44000,3147127
2026-07-31 01:03:26,43000,3103431
2026-07-31 01:03:31,44000,3194412
2026-07-31 01:03:36,44000,3183474
2026-07-31 01:03:41,43000,3109316
2026-07-31 01:03:46,43000,3097814
2026-07-31 01:03:51,44000,3186087
2026-07-31 01:03:56,44000,3094177
2026-07-31 01:04:01,43000,3173422
2026-07-31 01:04:06,43000,3173991
2026-07-31 01:04:11,43000,3174958
2026-07-31 01:04:16,44000,3172279
2026-07-31 01:04:21,44000,3174723
2026-07-31 01:04:26,44000,3098545
2026-07-31 01:04:31,44000,3175784
2026-07-31 01:04:36,44000,3174345
2026-07-31 01:04:41,44000,3181646
2026-07-31 01:04:46,44000,3078009
2026-07-31 01:04:51,44000,3175873
2026-07-31 01:04:56,44000,3178690
2026-07-31 01:05:01,44000,3170229
2026-07-31 01:05:06,45000,3177344
2026-07-31 01:05:11,44000,3084589
2026-07-31 01:05:16,45000,3179674
2026-07-31 01:05:21,45000,3170661
2026-07-31 01:05:26,45000,3169921
2026-07-31 01:05:32,44000,3140648
2026-07-31 01:05:37,44000,3184838
2026-07-31 01:05:42,44000,3166417
2026-07-31 01:05:47,44000,3190490
2026-07-31 01:05:52,44000,3173591
2026-07-31 01:05:57,44000,3173628
2026-07-31 01:06:02,45000,3170693
2026-07-31 01:06:07,45000,3199749
2026-07-31 01:06:12,45000,3183460
2026-07-31 01:06:17,45000,3148057
2026-07-31 01:06:22,44000,3084810
2026-07-31 01:06:27,43000,3145500
2026-07-31 01:06:32,44000,3184122
2026-07-31 01:06:37,44000,3094525
2026-07-31 01:06:42,44000,3101128
2026-07-31 01:06:47,44000,3171735
2026-07-31 01:06:52,44000,3175198
2026-07-31 01:06:57,44000,3083336
2026-07-31 01:07:02,45000,3125600
2026-07-31 01:07:07,44000,3181408
2026-07-31 01:07:12,45000,3175999
2026-07-31 01:07:17,45000,3102830
2026-07-31 01:07:22,45000,3196466
2026-07-31 01:07:27,44000,3181131
2026-07-31 01:07:32,45000,3173287
2026-07-31 01:07:37,45000,3120765
2026-07-31 01:07:42,44000,3104341
2026-07-31 01:07:47,43000,3178482
2026-07-31 01:07:52,44000,3089685
2026-07-31 01:07:57,44000,3177319
2026-07-31 01:08:02,43000,3174130
2026-07-31 01:08:07,43000,3101505
2026-07-31 01:08:12,44000,3179492
2026-07-31 01:08:17,44000,3185728
2026-07-31 01:08:22,44000,3159404
2026-07-31 01:08:27,44000,3180758
2026-07-31 01:08:32,44000,3177156
2026-07-31 01:08:38,44000,3175561
2026-07-31 01:08:43,43000,3170553
2026-07-31 01:08:48,44000,3175952
2026-07-31 01:08:53,45000,3186786
2026-07-31 01:08:58,45000,3176668
2026-07-31 01:09:03,43000,3107074
2026-07-31 01:09:08,44000,3121931
2026-07-31 01:09:13,44000,3181266
2026-07-31 01:09:18,44000,3076033
2026-07-31 01:09:23,43000,3166768
2026-07-31 01:09:28,43000,3177474
2026-07-31 01:09:33,44000,3178206
2026-07-31 01:09:38,43000,3171167
2026-07-31 01:09:43,43000,3198372
2026-07-31 01:09:48,43000,3099248
2026-07-31 01:09:53,43000,3147680
2026-07-31 01:09:58,44000,3114730
2026-07-31 01:10:03,44000,3081618
2026-07-31 01:10:08,43000,3130446
2026-07-31 01:10:13,44000,3183130
2026-07-31 01:10:18,43000,3106810
2026-07-31 01:10:23,44000,3150151
2026-07-31 01:10:28,43000,3173623
2026-07-31 01:10:33,44000,3172490
2026-07-31 01:10:38,44000,3169708
2026-07-31 01:10:43,43000,3141434
2026-07-31 01:10:48,44000,3174383
2026-07-31 01:10:53,44000,3183740
2026-07-31 01:10:58,43000,3046744
2026-07-31 01:11:03,43000,3061500
2026-07-31 01:11:08,44000,3189985
2026-07-31 01:11:13,44000,3125020
2026-07-31 01:11:18,43000,3173937
2026-07-31 01:11:23,44000,3172075
2026-07-31 01:11:28,44000,3178758
2026-07-31 01:11:33,44000,3047401
2026-07-31 01:11:38,45000,3176205
2026-07-31 01:11:44,45000,3176547
2026-07-31 01:11:49,44000,3170517
2026-07-31 01:11:54,43000,3124624
2026-07-31 01:11:59,44000,3175410
2026-07-31 01:12:04,45000,3198368
2026-07-31 01:12:09,45000,3160501
2026-07-31 01:12:14,44000,3124946
2026-07-31 01:12:19,43000,3198420
2026-07-31 01:12:24,44000,3172164
2026-07-31 01:12:29,44000,3004648
2026-07-31 01:12:34,44000,3124837
2026-07-31 01:12:39,44000,3037042
2026-07-31 01:12:44,44000,3169493
2026-07-31 01:12:49,44000,3171982
2026-07-31 01:12:54,44000,3101896
2026-07-31 01:12:59,44000,3167398
2026-07-31 01:13:04,45000,3174908
2026-07-31 01:13:09,45000,3110948
2026-07-31 01:13:14,44000,3106676
2026-07-31 01:13:19,44000,3018409
2026-07-31 01:13:24,44000,3168560
2026-07-31 01:13:29,44000,3168002
2026-07-31 01:13:34,44000,3080993
2026-07-31 01:13:39,44000,3101462
2026-07-31 01:13:44,44000,3173692
2026-07-31 01:13:49,44000,3001319
2026-07-31 01:13:54,44000,3179656
2026-07-31 01:13:59,44000,3096735
2026-07-31 01:14:04,44000,3196545
2026-07-31 01:14:09,45000,3112761
2026-07-31 01:14:14,44000,3169130
2026-07-31 01:14:19,45000,3175399
2026-07-31 01:14:24,44000,3200007
2026-07-31 01:14:29,44000,3096901
2026-07-31 01:14:34,45000,3172366
2026-07-31 01:14:39,44000,3169101
2026-07-31 01:14:44,44000,3122696
2026-07-31 01:14:50,44000,3091896
2026-07-31 01:14:55,45000,3114051
2026-07-31 01:15:00,43000,3174310
2026-07-31 01:15:05,44000,3172203
2026-07-31 01:15:10,44000,3187434
2026-07-31 01:15:15,45000,3061422
2026-07-31 01:15:20,43000,3169664
2026-07-31 01:15:25,44000,3171876
2026-07-31 01:15:30,44000,3043132
2026-07-31 01:15:35,43000,3168637
2026-07-31 01:15:40,44000,3103856
2026-07-31 01:15:45,44000,3173082
2026-07-31 01:15:50,43000,3171111
2026-07-31 01:15:55,43000,3175495
2026-07-31 01:16:00,43000,3180738
2026-07-31 01:16:05,45000,3168596
2026-07-31 01:16:10,43000,3170558
2026-07-31 01:16:15,44000,3109770
2026-07-31 01:16:20,44000,2950317
2026-07-31 01:16:25,44000,3118078
2026-07-31 01:16:30,44000,3098995
2026-07-31 01:16:35,44000,3130105
2026-07-31 01:16:40,44000,3100137
2026-07-31 01:16:45,44000,3060171
2026-07-31 01:16:50,45000,3186643
2026-07-31 01:16:55,45000,3177046
2026-07-31 01:17:00,44000,3166640
2026-07-31 01:17:05,45000,3085251
2026-07-31 01:17:10,44000,3176678
2026-07-31 01:17:15,44000,3172781
2026-07-31 01:17:20,44000,3172934
2026-07-31 01:17:25,43000,3187579
2026-07-31 01:17:30,45000,3171639
2026-07-31 01:17:35,45000,3170042
2026-07-31 01:17:40,44000,3169405
2026-07-31 01:17:45,43000,3173364
2026-07-31 01:17:50,44000,3172146
2026-07-31 01:17:56,44000,3176262
2026-07-31 01:18:01,43000,3169986
2026-07-31 01:18:06,44000,3193061
2026-07-31 01:18:11,43000,3175944
2026-07-31 01:18:16,44000,3198703
2026-07-31 01:18:21,44000,3170454
2026-07-31 01:18:26,44000,3183505
2026-07-31 01:18:31,44000,3013160
2026-07-31 01:18:36,44000,3049745
2026-07-31 01:18:41,44000,3094161
2026-07-31 01:18:46,43000,3140859
2026-07-31 01:18:51,43000,3167584
2026-07-31 01:18:56,43000,3159640
2026-07-31 01:19:01,43000,3139580
2026-07-31 01:19:06,43000,3072811
2026-07-31 01:19:11,44000,3132296
2026-07-31 01:19:16,43000,3060789
2026-07-31 01:19:21,43000,3171598
2026-07-31 01:19:26,44000,3166624
2026-07-31 01:19:31,44000,3169933
2026-07-31 01:19:36,44000,3136082
2026-07-31 01:19:41,44000,3166918
2026-07-31 01:19:46,44000,3174031
2026-07-31 01:19:51,45000,3111366
2026-07-31 01:19:56,44000,3170315
2026-07-31 01:20:01,43000,3138292
2026-07-31 01:20:06,43000,3170906
2026-07-31 01:20:11,44000,3174836
2026-07-31 01:20:16,44000,3042595
2026-07-31 01:20:21,43000,3180988
2026-07-31 01:20:26,44000,3172208
2026-07-31 01:20:31,43000,3105137
2026-07-31 01:20:36,45000,3173921
2026-07-31 01:20:41,44000,3179274
2026-07-31 01:20:46,43000,3173300
2026-07-31 01:20:51,44000,3172240
2026-07-31 01:20:56,44000,3103603
2026-07-31 01:21:02,43000,3179349
2026-07-31 01:21:07,44000,3174906
2026-07-31 01:21:12,44000,3175543
2026-07-31 01:21:17,43000,3153172
2026-07-31 01:21:22,43000,3187104
2026-07-31 01:21:27,45000,3187002
2026-07-31 01:21:32,43000,3178144
2026-07-31 01:21:37,44000,3187948
2026-07-31 01:21:42,43000,3076813
2026-07-31 01:21:47,43000,3100849
2026-07-31 01:21:52,44000,3092281
2026-07-31 01:21:57,43000,3140320
2026-07-31 01:22:02,43000,3109226
2026-07-31 01:22:07,43000,3092470
2026-07-31 01:22:12,43000,3177171
2026-07-31 01:22:17,43000,3072547
2026-07-31 01:22:22,44000,3172397
2026-07-31 01:22:27,43000,3094324
2026-07-31 01:22:32,43000,3171798
2026-07-31 01:22:37,43000,3092977
2026-07-31 01:22:42,43000,3130907
2026-07-31 01:22:47,44000,3196765
2026-07-31 01:22:52,43000,3068307
2026-07-31 01:22:57,43000,3094126
2026-07-31 01:23:02,44000,3167984
2026-07-31 01:23:07,45000,3100429
2026-07-31 01:23:12,43000,3154954
2026-07-31 01:23:17,43000,3085649
2026-07-31 01:23:22,43000,3177391
2026-07-31 01:23:27,44000,3196286
2026-07-31 01:23:32,43000,3116807
2026-07-31 01:23:37,43000,3171211
2026-07-31 01:23:42,44000,3172697
2026-07-31 01:23:47,44000,3062257
2026-07-31 01:23:52,43000,3087477
2026-07-31 01:23:57,43000,3089879
2026-07-31 01:24:02,43000,3193015
2026-07-31 01:24:08,43000,3169937
2026-07-31 01:24:13,44000,3168722
2026-07-31 01:24:18,44000,3170591
2026-07-31 01:24:23,44000,3175030
2026-07-31 01:24:28,44000,3115340
2026-07-31 01:24:33,43000,3170756
2026-07-31 01:24:38,43000,3172427
2026-07-31 01:24:43,43000,3090295
2026-07-31 01:24:48,44000,3176809
2026-07-31 01:24:53,43000,3122850
2026-07-31 01:24:58,44000,3122519
2026-07-31 01:25:03,44000,3175510
2026-07-31 01:25:08,43000,3175862
2026-07-31 01:25:13,43000,3026926
2026-07-31 01:25:18,44000,3133972
2026-07-31 01:25:23,44000,3064718
2026-07-31 01:25:28,44000,3200000
2026-07-31 01:25:33,44000,3125344
2026-07-31 01:25:38,43000,3174730
2026-07-31 01:25:43,43000,3174734
2026-07-31 01:25:48,44000,3169426
2026-07-31 01:25:53,45000,3180632
2026-07-31 01:25:58,43000,3174741
2026-07-31 01:26:03,44000,3171338
2026-07-31 01:26:08,44000,3078860
2026-07-31 01:26:13,44000,3126009
2026-07-31 01:26:18,43000,3091220
2026-07-31 01:26:23,44000,3075712
2026-07-31 01:26:28,44000,3178948
2026-07-31 01:26:33,44000,3079199
2026-07-31 01:26:38,44000,3151138
2026-07-31 01:26:43,44000,3170319
2026-07-31 01:26:48,44000,3167022
2026-07-31 01:26:53,45000,3126390
2026-07-31 01:26:58,44000,3177903
2026-07-31 01:27:03,45000,3021026
2026-07-31 01:27:08,44000,3173414
2026-07-31 01:27:14,44000,3200288
2026-07-31 01:27:19,44000,3030265
2026-07-31 01:27:24,44000,3173340
2026-07-31 01:27:29,44000,3167651
2026-07-31 01:27:34,44000,3172324
2026-07-31 01:27:39,44000,3175732
2026-07-31 01:27:44,44000,3152712
2026-07-31 01:27:49,44000,3199433
2026-07-31 01:27:54,44000,3060071
2026-07-31 01:27:59,45000,3170635
2026-07-31 01:28:04,43000,3176959
2026-07-31 01:28:09,44000,3191423
2026-07-31 01:28:14,43000,3179317
2026-07-31 01:28:19,43000,3062895
2026-07-31 01:28:24,44000,3168348
2026-07-31 01:28:29,43000,3181459
2026-07-31 01:28:34,44000,3171417
2026-07-31 01:28:39,44000,3166653
2026-07-31 01:28:44,44000,3175212
2026-07-31 01:28:49,45000,3172303
2026-07-31 01:28:54,43000,3173803
2026-07-31 01:28:59,44000,3185798
2026-07-31 01:29:04,45000,3172184
2026-07-31 01:29:09,44000,3124683
2026-07-31 01:29:14,44000,3108116
2026-07-31 01:29:19,43000,3095903
2026-07-31 01:29:24,44000,3099659
2026-07-31 01:29:29,44000,3172256
2026-07-31 01:29:34,44000,3166852
2026-07-31 01:29:39,45000,3173960
2026-07-31 01:29:44,44000,3168509
2026-07-31 01:29:49,44000,3090830
2026-07-31 01:29:54,44000,3077228
2026-07-31 01:29:59,43000,3089234
2026-07-31 01:30:04,44000,3099012
2026-07-31 01:30:09,44000,3179536
2026-07-31 01:30:14,43000,3171938
2026-07-31 01:30:20,43000,3177121
2026-07-31 01:30:25,44000,3173564
2026-07-31 01:30:30,44000,3087889
2026-07-31 01:30:35,44000,3116189
2026-07-31 01:30:40,44000,3173637
2026-07-31 01:30:45,43000,3166153
2026-07-31 01:30:50,43000,3171327
2026-07-31 01:30:55,43000,3182901
2026-07-31 01:31:00,44000,3028631
2026-07-31 01:31:05,43000,3105639
2026-07-31 01:31:10,44000,3105917
2026-07-31 01:31:15,43000,3116081
2026-07-31 01:31:20,43000,3186307
2026-07-31 01:31:25,43000,3133954
2026-07-31 01:31:30,44000,3101512
2026-07-31 01:31:35,43000,3175228
2026-07-31 01:31:40,44000,3087328
2026-07-31 01:31:45,43000,3188906
2026-07-31 01:31:50,43000,3171120
2026-07-31 01:31:55,43000,3095731
2026-07-31 01:32:00,44000,3104593
2026-07-31 01:32:05,43000,3120366
2026-07-31 01:32:10,43000,3170735
2026-07-31 01:32:15,44000,3166779
2026-07-31 01:32:20,44000,3194702
2026-07-31 01:32:25,43000,3170839
2026-07-31 01:32:30,43000,3083242
2026-07-31 01:32:35,43000,3172831
2026-07-31 01:32:40,44000,3172601
2026-07-31 01:32:45,44000,3086894
2026-07-31 01:32:50,43000,3165425
2026-07-31 01:32:55,43000,3171032
2026-07-31 01:33:00,43000,3178281
2026-07-31 01:33:05,44000,3178660
2026-07-31 01:33:10,44000,3174592
2026-07-31 01:33:15,45000,3173082
2026-07-31 01:33:20,44000,3176902
2026-07-31 01:33:25,44000,3172429
2026-07-31 01:33:31,43000,3108187
2026-07-31 01:33:36,43000,3119520
2026-07-31 01:33:41,43000,3166357
2026-07-31 01:33:46,44000,3169687
2026-07-31 01:33:51,44000,3168304
2026-07-31 01:33:56,44000,3172394
2026-07-31 01:34:01,44000,3172545
2026-07-31 01:34:06,44000,3122616
2026-07-31 01:34:11,45000,3086002
2026-07-31 01:34:16,44000,3120041
2026-07-31 01:34:21,44000,3169535
2026-07-31 01:34:26,43000,3076863
2026-07-31 01:34:31,44000,3167276
2026-07-31 01:34:36,43000,3120444
2026-07-31 01:34:41,44000,3098232
2026-07-31 01:34:46,44000,3032291
2026-07-31 01:34:51,44000,3171383
2026-07-31 01:34:56,43000,3085628
2026-07-31 01:35:01,44000,3181047
2026-07-31 01:35:06,44000,3076152
2026-07-31 01:35:11,44000,3172742
2026-07-31 01:35:16,43000,3169285
2026-07-31 01:35:21,43000,3171527
2026-07-31 01:35:26,45000,3098537
2026-07-31 01:35:31,44000,3174469
2026-07-31 01:35:36,44000,3171621
2026-07-31 01:35:41,44000,3171002
2026-07-31 01:35:46,43000,3179139
2026-07-31 01:35:51,44000,3124424
2026-07-31 01:35:56,44000,3109143
2026-07-31 01:36:01,45000,3178483
2026-07-31 01:36:06,45000,3104080
2026-07-31 01:36:11,44000,3167367
2026-07-31 01:36:16,45000,3171337
2026-07-31 01:36:21,44000,3180291
2026-07-31 01:36:26,43000,3099647
2026-07-31 01:36:31,44000,3171842
2026-07-31 01:36:37,45000,3176389
2026-07-31 01:36:42,45000,3177902
2026-07-31 01:36:47,43000,3174812
2026-07-31 01:36:52,45000,3080612
2026-07-31 01:36:57,45000,3178526
2026-07-31 01:37:02,44000,3174254
2026-07-31 01:37:07,45000,3170570
2026-07-31 01:37:12,44000,3167802
2026-07-31 01:37:17,44000,3198695
2026-07-31 01:37:22,44000,3188191
2026-07-31 01:37:27,43000,3174970
2026-07-31 01:37:32,44000,3102905
2026-07-31 01:37:37,43000,3167504
2026-07-31 01:37:42,43000,3172405
2026-07-31 01:37:47,44000,3175753
2026-07-31 01:37:52,44000,3174365
2026-07-31 01:37:57,44000,3170919
2026-07-31 01:38:02,44000,3174639
2026-07-31 01:38:07,45000,3091471
2026-07-31 01:38:12,44000,3169708
2026-07-31 01:38:17,44000,3083223
2026-07-31 01:38:22,43000,3173777
2026-07-31 01:38:27,44000,3189886
2026-07-31 01:38:32,44000,3100494
2026-07-31 01:38:37,45000,3192933
2026-07-31 01:38:42,44000,3169548
2026-07-31 01:38:47,44000,3173512
2026-07-31 01:38:52,43000,3137162
2026-07-31 01:38:57,44000,3174593
2026-07-31 01:39:02,45000,3167153
2026-07-31 01:39:07,44000,3092692
2026-07-31 01:39:12,44000,3173534
2026-07-31 01:39:17,44000,3170489
2026-07-31 01:39:22,44000,3170912
2026-07-31 01:39:27,44000,3172408
2026-07-31 01:39:32,45000,3069272
2026-07-31 01:39:37,44000,3124016
2026-07-31 01:39:42,44000,3063517
2026-07-31 01:39:48,44000,3167894
2026-07-31 01:39:53,44000,3111323
2026-07-31 01:39:58,45000,3167844
2026-07-31 01:40:03,44000,3064044
2026-07-31 01:40:08,44000,3172367
2026-07-31 01:40:13,44000,3079304
2026-07-31 01:40:18,43000,3116010
2026-07-31 01:40:23,43000,3192542
2026-07-31 01:40:28,43000,3075847
2026-07-31 01:40:33,44000,3125650
2026-07-31 01:40:38,43000,3109427
2026-07-31 01:40:43,43000,3191621
2026-07-31 01:40:48,44000,3183551
2026-07-31 01:40:53,43000,3089297
2026-07-31 01:40:58,44000,3171834
2026-07-31 01:41:03,43000,3105557
2026-07-31 01:41:08,43000,3199009
2026-07-31 01:41:13,43000,3172680
2026-07-31 01:41:18,43000,3100882
2026-07-31 01:41:23,44000,3173390
2026-07-31 01:41:28,43000,3200000
2026-07-31 01:41:33,44000,3159735
2026-07-31 01:41:38,44000,3076021
2026-07-31 01:41:43,43000,3185186
2026-07-31 01:41:48,43000,3091528
2026-07-31 01:41:53,44000,3171248
2026-07-31 01:41:58,43000,3086731
2026-07-31 01:42:03,43000,3109829
2026-07-31 01:42:08,43000,3177271
2026-07-31 01:42:13,43000,3193246
2026-07-31 01:42:18,43000,3175120
2026-07-31 01:42:23,43000,3165572
2026-07-31 01:42:28,44000,3171981
2026-07-31 01:42:33,44000,3179116
2026-07-31 01:42:38,44000,3125054
2026-07-31 01:42:43,44000,3012572
2026-07-31 01:42:48,44000,3030047
2026-07-31 01:42:54,45000,3171029
2026-07-31 01:42:59,44000,3170691
2026-07-31 01:43:04,44000,3186745
2026-07-31 01:43:09,44000,3085757
2026-07-31 01:43:14,43000,3103345
2026-07-31 01:43:19,43000,3086130
2026-07-31 01:43:24,44000,3169925
2026-07-31 01:43:29,44000,3171434
2026-07-31 01:43:34,44000,3175497
2026-07-31 01:43:39,44000,3072502
2026-07-31 01:43:44,43000,3198727
2026-07-31 01:43:49,43000,3134955
2026-07-31 01:43:54,43000,3108456
2026-07-31 01:43:59,43000,3075557
2026-07-31 01:44:04,44000,3173985
2026-07-31 01:44:09,43000,3139022
2026-07-31 01:44:14,44000,3113009
2026-07-31 01:44:19,43000,3089845
2026-07-31 01:44:24,43000,3169072
2026-07-31 01:44:29,44000,3166769
2026-07-31 01:44:34,44000,3172905
2026-07-31 01:44:39,43000,3093242
2026-07-31 01:44:44,43000,3076848
2026-07-31 01:44:49,43000,3182422
2026-07-31 01:44:54,44000,3168862
2026-07-31 01:44:59,43000,3178558
2026-07-31 01:45:04,44000,3174595
2026-07-31 01:45:09,44000,3124129
2026-07-31 01:45:14,43000,3085894
2026-07-31 01:45:19,43000,3178291
2026-07-31 01:45:24,43000,3171618
2026-07-31 01:45:29,43000,3126193
2026-07-31 01:45:34,43000,3101663
2026-07-31 01:45:39,44000,3173790
2026-07-31 01:45:44,43000,3171240
2026-07-31 01:45:49,44000,3178796
2026-07-31 01:45:54,44000,3085337
2026-07-31 01:46:00,44000,3099256
2026-07-31 01:46:05,44000,3072716
2026-07-31 01:46:10,44000,3173125
2026-07-31 01:46:15,44000,3113545
2026-07-31 01:46:20,43000,3173778
2026-07-31 01:46:25,43000,3191417
2026-07-31 01:46:30,43000,3093879
2026-07-31 01:46:35,43000,3174496
2026-07-31 01:46:40,44000,3109592
2026-07-31 01:46:45,43000,3143180
2026-07-31 01:46:50,44000,3176225
2026-07-31 01:46:55,43000,3173443
2026-07-31 01:47:00,43000,3083586
2026-07-31 01:47:05,43000,3078679
2026-07-31 01:47:10,44000,3188563
2026-07-31 01:47:15,43000,3200000
2026-07-31 01:47:20,44000,3004233
2026-07-31 01:47:25,43000,3165848
2026-07-31 01:47:30,44000,3184375
2026-07-31 01:47:35,44000,3081601
2026-07-31 01:47:40,44000,3076624
2026-07-31 01:47:45,43000,3175244
2026-07-31 01:47:50,43000,3178545
2026-07-31 01:47:55,44000,3187029
2026-07-31 01:48:00,44000,3172901
2026-07-31 01:48:05,44000,3092963
2026-07-31 01:48:10,44000,3188315
2026-07-31 01:48:15,44000,3175204
2026-07-31 01:48:20,43000,3176815
2026-07-31 01:48:25,43000,3181812
2026-07-31 01:48:30,43000,3186323
2026-07-31 01:48:35,43000,3176688
2026-07-31 01:48:40,44000,3172401
2026-07-31 01:48:45,44000,3192669
2026-07-31 01:48:50,45000,3176341
2026-07-31 01:48:55,43000,3165698
2026-07-31 01:49:00,43000,3171755
2026-07-31 01:49:06,44000,3197231
2026-07-31 01:49:11,44000,3171924
2026-07-31 01:49:16,45000,3180412
2026-07-31 01:49:21,43000,3130395
2026-07-31 01:49:26,43000,3087135
2026-07-31 01:49:31,43000,3174229
2026-07-31 01:49:36,44000,3177674
2026-07-31 01:49:41,43000,3180410
2026-07-31 01:49:46,43000,3089183
2026-07-31 01:49:51,43000,3172448
2026-07-31 01:49:56,43000,3173291
2026-07-31 01:50:01,43000,3108561
2026-07-31 01:50:06,43000,3094880
2026-07-31 01:50:11,43000,3171195
2026-07-31 01:50:16,44000,3187618
2026-07-31 01:50:21,44000,3139871
2026-07-31 01:50:26,44000,3169877
2026-07-31 01:50:31,43000,3169406
2026-07-31 01:50:36,44000,3076037
2026-07-31 01:50:41,44000,3171336
2026-07-31 01:50:46,45000,3169803
2026-07-31 01:50:51,45000,3186184
2026-07-31 01:50:56,45000,3166963
2026-07-31 01:51:01,44000,3086534
2026-07-31 01:51:06,45000,3186793
2026-07-31 01:51:11,44000,3169696
2026-07-31 01:51:16,45000,3185403
2026-07-31 01:51:21,44000,3177891
2026-07-31 01:51:26,43000,3177299
2026-07-31 01:51:31,44000,3173863
2026-07-31 01:51:36,44000,3174607
2026-07-31 01:51:41,44000,3174020
2026-07-31 01:51:46,44000,3097080
2026-07-31 01:51:51,44000,3120138
2026-07-31 01:51:56,44000,3123282
2026-07-31 01:52:01,43000,3069499
2026-07-31 01:52:06,43000,3176730
2026-07-31 01:52:12,43000,3174059
2026-07-31 01:52:17,43000,3175124
2026-07-31 01:52:22,43000,3174051
2026-07-31 01:52:27,44000,3170136
2026-07-31 01:52:32,44000,3105149
2026-07-31 01:52:37,43000,3167617
2026-07-31 01:52:42,44000,3168233
2026-07-31 01:52:47,44000,3196601
2026-07-31 01:52:52,44000,3072897
2026-07-31 01:52:57,44000,3095679
2026-07-31 01:53:02,43000,3173610
2026-07-31 01:53:07,43000,3083098
2026-07-31 01:53:12,44000,3184664
2026-07-31 01:53:17,44000,3182515
2026-07-31 01:53:22,43000,3043442
2026-07-31 01:53:27,44000,3098814
2026-07-31 01:53:32,44000,3170108
2026-07-31 01:53:37,43000,3171505
2026-07-31 01:53:42,44000,3188516
2026-07-31 01:53:47,43000,3157598
2026-07-31 01:53:52,43000,3176564
2026-07-31 01:53:57,44000,3173802
2026-07-31 01:54:02,44000,3167556
2026-07-31 01:54:07,43000,3137809
2026-07-31 01:54:12,43000,3185113
2026-07-31 01:54:17,44000,3173620
2026-07-31 01:54:22,43000,3185199
2026-07-31 01:54:27,43000,3189780
2026-07-31 01:54:32,43000,3174392
2026-07-31 01:54:37,43000,3173345
2026-07-31 01:54:42,43000,3070765
2026-07-31 01:54:47,43000,3179026
2026-07-31 01:54:52,43000,3181674
2026-07-31 01:54:57,43000,3174358
2026-07-31 01:55:02,43000,3171319
2026-07-31 01:55:07,43000,3126228
2026-07-31 01:55:13,43000,3172563
2026-07-31 01:55:18,44000,3172917
2026-07-31 01:55:23,43000,3095869
2026-07-31 01:55:28,43000,3044636
2026-07-31 01:55:33,43000,3167993
2026-07-31 01:55:38,43000,3117830
2026-07-31 01:55:43,43000,3173127
2026-07-31 01:55:48,43000,3192807
2026-07-31 01:55:53,43000,3198356
2026-07-31 01:55:58,44000,3121590
2026-07-31 01:56:03,43000,3095581
2026-07-31 01:56:08,43000,3047948
2026-07-31 01:56:13,43000,3169478
2026-07-31 01:56:18,43000,3200000
2026-07-31 01:56:23,44000,3199489
2026-07-31 01:56:28,43000,3174722
2026-07-31 01:56:33,43000,3168727
2026-07-31 01:56:38,44000,3170121
2026-07-31 01:56:43,43000,3117189
2026-07-31 01:56:48,43000,3179558
2026-07-31 01:56:53,43000,3181471
2026-07-31 01:56:58,43000,3152194
2026-07-31 01:57:03,43000,3106711
2026-07-31 01:57:08,43000,3175583
2026-07-31 01:57:13,44000,3180065
2026-07-31 01:57:18,43000,3169431
2026-07-31 01:57:23,44000,3167443
2026-07-31 01:57:28,44000,3165762
2026-07-31 01:57:33,44000,3080878
2026-07-31 01:57:38,44000,3135086
2026-07-31 01:57:43,43000,3168912
2026-07-31 01:57:48,43000,3093445
2026-07-31 01:57:53,43000,3129338
2026-07-31 01:57:58,43000,3175248
2026-07-31 01:58:03,43000,3092000
2026-07-31 01:58:08,43000,3140660
2026-07-31 01:58:13,43000,3179881
2026-07-31 01:58:18,44000,3179952
2026-07-31 01:58:24,43000,3173491
2026-07-31 01:58:29,43000,3176327
2026-07-31 01:58:34,43000,3117204
2026-07-31 01:58:39,44000,3091303
2026-07-31 01:58:44,44000,3169570
2026-07-31 01:58:49,44000,3168451
2026-07-31 01:58:54,43000,3110713
2026-07-31 01:58:59,44000,3182599
2026-07-31 01:59:04,43000,3170525
2026-07-31 01:59:09,43000,3179620
2026-07-31 01:59:14,44000,3175213
2026-07-31 01:59:19,43000,3088888
2026-07-31 01:59:24,43000,3107219
2026-07-31 01:59:29,43000,3087886
2026-07-31 01:59:34,44000,3178806
2026-07-31 01:59:39,44000,3065251
2026-07-31 01:59:44,43000,3023921
2026-07-31 01:59:49,43000,3102670
2026-07-31 01:59:54,43000,3172813
2026-07-31 01:59:59,44000,3070903
2026-07-31 02:00:04,45000,3130403
2026-07-31 02:00:09,44000,3173724
2026-07-31 02:00:14,43000,3176700
2026-07-31 02:00:19,44000,3178871
2026-07-31 02:00:24,44000,3180603
2026-07-31 02:00:29,43000,3197459
2026-07-31 02:00:34,44000,3172574
2026-07-31 02:00:39,45000,3199051
2026-07-31 02:00:44,44000,3106239
2026-07-31 02:00:49,44000,3173805
2026-07-31 02:00:54,43000,3125402
2026-07-31 02:00:59,44000,3176768
2026-07-31 02:01:04,43000,3177808
2026-07-31 02:01:09,44000,3073694
2026-07-31 02:01:14,44000,3175234
2026-07-31 02:01:19,44000,3069226
2026-07-31 02:01:24,44000,3171047
2026-07-31 02:01:30,44000,3059328
2026-07-31 02:01:35,44000,3116908
2026-07-31 02:01:40,43000,3184775
2026-07-31 02:01:45,43000,3069847
2026-07-31 02:01:50,43000,3052294
2026-07-31 02:01:55,43000,3175784
2026-07-31 02:02:00,44000,3173242
2026-07-31 02:02:05,43000,3169464
2026-07-31 02:02:10,44000,3197414
2026-07-31 02:02:15,44000,3177719
2026-07-31 02:02:20,43000,3167497
2026-07-31 02:02:25,43000,3109840
2026-07-31 02:02:30,45000,3062789
2026-07-31 02:02:35,44000,3181546
2026-07-31 02:02:40,45000,3172653
2026-07-31 02:02:45,43000,3059931
2026-07-31 02:02:50,44000,3169392
2026-07-31 02:02:55,43000,3120402
2026-07-31 02:03:00,43000,3168634
2026-07-31 02:03:05,44000,3171780
2026-07-31 02:03:10,43000,3035886
2026-07-31 02:03:15,43000,3188417
2026-07-31 02:03:20,44000,3031032
2026-07-31 02:03:25,44000,3087809
2026-07-31 02:03:30,43000,3169773
2026-07-31 02:03:35,43000,3135448
2026-07-31 02:03:40,43000,3173231
2026-07-31 02:03:45,43000,3173819
2026-07-31 02:03:50,44000,3173983
2026-07-31 02:03:55,43000,3059830
2026-07-31 02:04:00,43000,3122475
2026-07-31 02:04:05,43000,3170730
2026-07-31 02:04:10,44000,3050459
2026-07-31 02:04:15,44000,3184229
2026-07-31 02:04:20,44000,3122516
2026-07-31 02:04:25,43000,3194795
2026-07-31 02:04:30,44000,3171052
2026-07-31 02:04:36,43000,3170525
2026-07-31 02:04:41,43000,3176225
2026-07-31 02:04:46,44000,3082728
2026-07-31 02:04:51,44000,3174403
2026-07-31 02:04:56,44000,3172999
2026-07-31 02:05:01,43000,3184889
2026-07-31 02:05:06,43000,3078196
2026-07-31 02:05:11,44000,3193975
2026-07-31 02:05:16,43000,3084598
2026-07-31 02:05:21,43000,3171025
2026-07-31 02:05:26,44000,3100218
2026-07-31 02:05:31,43000,3109796
2026-07-31 02:05:36,43000,3066310
2026-07-31 02:05:41,43000,3101962
2026-07-31 02:05:46,44000,3194273
2026-07-31 02:05:51,44000,3168535
2026-07-31 02:05:56,44000,3183973
2026-07-31 02:06:01,44000,3175580
2026-07-31 02:06:06,43000,3189867
2026-07-31 02:06:11,43000,3172811
2026-07-31 02:06:16,43000,3172401
2026-07-31 02:06:21,43000,3174313
2026-07-31 02:06:26,43000,3193651
2026-07-31 02:06:31,43000,3145606
2026-07-31 02:06:36,45000,3170919
2026-07-31 02:06:41,43000,3067140
2026-07-31 02:06:46,43000,3170039
2026-07-31 02:06:51,43000,3185085
2026-07-31 02:06:56,44000,3119378
2026-07-31 02:07:01,44000,3171028
2026-07-31 02:07:06,43000,3168028
2026-07-31 02:07:11,43000,3092072
2026-07-31 02:07:16,43000,3155373
2026-07-31 02:07:21,43000,3177099
2026-07-31 02:07:26,43000,3179421
2026-07-31 02:07:31,43000,3126996
2026-07-31 02:07:36,44000,3140595
2026-07-31 02:07:41,43000,3172627
2026-07-31 02:07:47,44000,3175495
2026-07-31 02:07:52,43000,3171183
2026-07-31 02:07:57,43000,3161051
2026-07-31 02:08:02,43000,3073502
2026-07-31 02:08:07,43000,3181390
2026-07-31 02:08:12,43000,3102513
2026-07-31 02:08:17,43000,3177903
2026-07-31 02:08:22,43000,3184373
2026-07-31 02:08:27,43000,3169110
2026-07-31 02:08:32,44000,3172227
2026-07-31 02:08:37,43000,3100997
2026-07-31 02:08:42,43000,3074675
2026-07-31 02:08:47,43000,3171707
2026-07-31 02:08:52,44000,3097035
2026-07-31 02:08:57,43000,3080235
2026-07-31 02:09:02,43000,3084688
2026-07-31 02:09:07,44000,3174710
2026-07-31 02:09:12,44000,3102875
2026-07-31 02:09:17,43000,3087264
2026-07-31 02:09:22,44000,3170300
2026-07-31 02:09:27,44000,3198199
2026-07-31 02:09:32,44000,3095862
2026-07-31 02:09:37,44000,3087619
2026-07-31 02:09:42,43000,3180727
2026-07-31 02:09:47,43000,3174096
2026-07-31 02:09:52,44000,3192852
2026-07-31 02:09:57,45000,3092448
2026-07-31 02:10:02,43000,3169928
2026-07-31 02:10:07,45000,3090236
2026-07-31 02:10:12,43000,3085810
2026-07-31 02:10:17,43000,3126469
2026-07-31 02:10:22,44000,3103561
2026-07-31 02:10:27,44000,3176625
2026-07-31 02:10:32,44000,2920064
2026-07-31 02:10:37,44000,3128770
2026-07-31 02:10:42,43000,3172821
2026-07-31 02:10:48,44000,3172637
2026-07-31 02:10:53,44000,3174405
2026-07-31 02:10:58,44000,3065891
2026-07-31 02:11:03,43000,3172231
2026-07-31 02:11:08,43000,3177795
2026-07-31 02:11:13,44000,3169888
2026-07-31 02:11:18,43000,3199589
2026-07-31 02:11:23,44000,3189808
2026-07-31 02:11:28,44000,3170563
2026-07-31 02:11:33,49000,3199503
2026-07-31 02:11:38,52000,3199902
2026-07-31 02:11:43,53000,3198587
2026-07-31 02:11:48,54000,3199890
2026-07-31 02:11:53,54000,3200010
2026-07-31 02:11:58,55000,3199800
2026-07-31 02:12:03,56000,3200000
2026-07-31 02:12:08,56000,3200001
2026-07-31 02:12:13,57000,3200019
2026-07-31 02:12:18,57000,3199998
2026-07-31 02:12:23,56000,3200000
2026-07-31 02:12:28,56000,3200000
2026-07-31 02:12:33,56000,3200001
2026-07-31 02:12:38,57000,3200000
2026-07-31 02:12:43,57000,3199837
2026-07-31 02:12:48,57000,3113366
2026-07-31 02:12:53,56000,3205114
2026-07-31 02:12:58,57000,3199998
2026-07-31 02:13:03,57000,3200002
2026-07-31 02:13:08,58000,3200000
2026-07-31 02:13:13,58000,3200000
2026-07-31 02:13:19,57000,3199997
2026-07-31 02:13:24,56000,3200118
2026-07-31 02:13:29,58000,3200001
2026-07-31 02:13:34,59000,3200000
2026-07-31 02:13:39,58000,3198642
2026-07-31 02:13:44,57000,3200000
2026-07-31 02:13:49,57000,3200001
2026-07-31 02:13:54,58000,3668793
2026-07-31 02:13:59,57000,3200001
2026-07-31 02:14:04,58000,3199711
2026-07-31 02:14:09,58000,3199943
2026-07-31 02:14:14,58000,3197136
2026-07-31 02:14:19,58000,3200000
2026-07-31 02:14:24,55000,3199887
2026-07-31 02:14:29,58000,3199901
2026-07-31 02:14:34,57000,3200004
2026-07-31 02:14:39,58000,3200000
2026-07-31 02:14:44,58000,3200009
2026-07-31 02:14:49,57000,3200002
2026-07-31 02:14:54,58000,3200001
2026-07-31 02:15:00,58000,3199995
2026-07-31 02:15:05,57000,3200000
2026-07-31 02:15:10,59000,3200000
2026-07-31 02:15:15,57000,3200014
2026-07-31 02:15:20,57000,3200000
2026-07-31 02:15:25,57000,3198838
2026-07-31 02:15:30,58000,3200000
2026-07-31 02:15:35,58000,3200005
2026-07-31 02:15:40,58000,3200000
2026-07-31 02:15:45,57000,3200005
2026-07-31 02:15:50,57000,3200018
2026-07-31 02:15:56,59000,3200003
2026-07-31 02:16:01,58000,3200000
2026-07-31 02:16:06,58000,3199998
2026-07-31 02:16:11,58000,3199998
2026-07-31 02:16:16,57000,3201168
2026-07-31 02:16:21,58000,3200001
2026-07-31 02:16:26,58000,3200024
2026-07-31 02:16:31,58000,3200000
2026-07-31 02:16:36,58000,3200002
2026-07-31 02:16:42,58000,3199998
2026-07-31 02:16:47,58000,3200000
2026-07-31 02:16:52,58000,3200001
2026-07-31 02:16:57,58000,3200001
2026-07-31 02:17:02,58000,3199993
2026-07-31 02:17:07,58000,3200000
2026-07-31 02:17:12,58000,3199998
2026-07-31 02:17:17,58000,3200000
2026-07-31 02:17:22,58000,3200001
2026-07-31 02:17:27,59000,3199994
2026-07-31 02:17:33,60000,3199998
2026-07-31 02:17:38,60000,3200000
2026-07-31 02:17:43,59000,3121364
2026-07-31 02:17:48,60000,3200006
2026-07-31 02:17:53,59000,3199994
2026-07-31 02:17:58,59000,3200000
2026-07-31 02:18:03,60000,3200000
2026-07-31 02:18:08,59000,3200088
2026-07-31 02:18:13,60000,3200000
2026-07-31 02:18:18,60000,3200000
2026-07-31 02:18:23,59000,3200000
2026-07-31 02:18:29,60000,3200004
2026-07-31 02:18:34,60000,3200002
2026-07-31 02:18:39,60000,3198938
2026-07-31 02:18:44,60000,3256191
2026-07-31 02:18:49,60000,3200011
2026-07-31 02:18:54,59000,3199765
2026-07-31 02:18:59,60000,3204496
2026-07-31 02:19:04,61000,3196253
2026-07-31 02:19:09,60000,3199202
2026-07-31 02:19:14,60000,3136031
2026-07-31 02:19:19,60000,3200002
2026-07-31 02:19:24,59000,3484339
2026-07-31 02:19:29,60000,3199995
2026-07-31 02:19:35,59000,3200005
2026-07-31 02:19:40,59000,3199997
2026-07-31 02:19:45,58000,3200000
2026-07-31 02:19:50,59000,3201660
2026-07-31 02:19:55,60000,3199995
2026-07-31 02:20:00,60000,3199998
2026-07-31 02:20:05,60000,3199995
2026-07-31 02:20:10,59000,3199993
2026-07-31 02:20:15,59000,3200001
2026-07-31 02:20:21,59000,3199997
2026-07-31 02:20:26,60000,3199993
2026-07-31 02:20:31,63000,3199994
2026-07-31 02:20:36,60000,3199995
2026-07-31 02:20:41,54000,3200000
2026-07-31 02:20:46,54000,3200000
2026-07-31 02:20:51,52000,3199998
2026-07-31 02:20:56,52000,3198353
2026-07-31 02:21:01,52000,3200001
2026-07-31 02:21:06,51000,3200001
2026-07-31 02:21:11,51000,3199998
2026-07-31 02:21:16,51000,3200000
2026-07-31 02:21:21,51000,3200000
2026-07-31 02:21:27,51000,3199998
2026-07-31 02:21:32,51000,3200000
2026-07-31 02:21:37,51000,3200000
2026-07-31 02:21:42,51000,3200000
2026-07-31 02:21:47,51000,3200000
2026-07-31 02:21:52,51000,3200000
2026-07-31 02:21:57,52000,3200000
2026-07-31 02:22:02,51000,3200001
2026-07-31 02:22:07,51000,3200001
2026-07-31 02:22:13,52000,3199994
2026-07-31 02:22:18,51000,3200000
2026-07-31 02:22:23,51000,3200001
2026-07-31 02:22:28,51000,3199998
2026-07-31 02:22:33,51000,3200000
2026-07-31 02:22:38,51000,3200001
2026-07-31 02:22:43,51000,3199998
2026-07-31 02:22:48,51000,3200000
2026-07-31 02:22:53,51000,3200001
2026-07-31 02:22:58,51000,3200000
2026-07-31 02:23:03,51000,3200001
2026-07-31 02:23:09,51000,3200000
2026-07-31 02:23:14,51000,3199998
2026-07-31 02:23:19,51000,3200001
2026-07-31 02:23:24,51000,3199999
2026-07-31 02:23:29,51000,3200001
2026-07-31 02:23:34,51000,3200000
2026-07-31 02:23:39,51000,3198945
2026-07-31 02:23:44,51000,3200001
2026-07-31 02:23:49,51000,3200195
2026-07-31 02:23:54,51000,3200000
2026-07-31 02:23:59,51000,3200000
2026-07-31 02:24:04,53000,3200000
2026-07-31 02:24:09,51000,3200000
2026-07-31 02:24:14,51000,3200000
2026-07-31 02:24:20,52000,3200000
2026-07-31 02:24:25,52000,3200001
2026-07-31 02:24:30,51000,3200000
2026-07-31 02:24:35,52000,3200000
2026-07-31 02:24:40,51000,3200164
2026-07-31 02:24:45,51000,3200001
2026-07-31 02:24:50,52000,3200000
2026-07-31 02:24:55,52000,3200003
2026-07-31 02:25:00,51000,3200000
2026-07-31 02:25:05,51000,3199998
2026-07-31 02:25:10,51000,3200001
2026-07-31 02:25:15,51000,3200001
2026-07-31 02:25:20,51000,3200014
2026-07-31 02:25:26,51000,3200000
2026-07-31 02:25:31,51000,3200001
2026-07-31 02:25:36,51000,3200000
2026-07-31 02:25:41,51000,3200000
2026-07-31 02:25:46,51000,3199998
2026-07-31 02:25:51,51000,3199994
2026-07-31 02:25:56,51000,3199995
2026-07-31 02:26:01,51000,3200000
2026-07-31 02:26:06,51000,3200001
2026-07-31 02:26:11,52000,3200001
2026-07-31 02:26:16,51000,3200023
2026-07-31 02:26:21,51000,3200001
2026-07-31 02:26:27,51000,3200000
2026-07-31 02:26:32,51000,3200000
2026-07-31 02:26:37,51000,3200000
2026-07-31 02:26:42,51000,3200000
2026-07-31 02:26:47,51000,3200772
2026-07-31 02:26:52,51000,3199998
2026-07-31 02:26:57,51000,3183265
2026-07-31 02:27:02,51000,3200000
2026-07-31 02:27:07,51000,3200000
2026-07-31 02:27:12,51000,3200001
2026-07-31 02:27:17,51000,3200000
2026-07-31 02:27:22,52000,3200001
2026-07-31 02:27:28,51000,3200001
2026-07-31 02:27:33,51000,3200000
2026-07-31 02:27:38,51000,3200001
2026-07-31 02:27:43,51000,3200001
2026-07-31 02:27:48,51000,3199998
2026-07-31 02:27:53,51000,3200000
2026-07-31 02:27:58,51000,3200001
2026-07-31 02:28:03,51000,3200001
2026-07-31 02:28:09,51000,3200000
2026-07-31 02:28:14,51000,3200000
2026-07-31 02:28:19,51000,3200000
2026-07-31 02:28:24,51000,3200000
2026-07-31 02:28:29,51000,3200001
2026-07-31 02:28:34,53000,3200001
2026-07-31 02:28:39,51000,3200000
2026-07-31 02:28:44,51000,3199288
2026-07-31 02:28:49,51000,3200000
2026-07-31 02:28:54,51000,3200000
2026-07-31 02:28:59,53000,3200000
2026-07-31 02:29:05,51000,3200000
2026-07-31 02:29:10,51000,3200001
2026-07-31 02:29:15,51000,3200011
2026-07-31 02:29:20,52000,3200000
2026-07-31 02:29:25,53000,3200001
2026-07-31 02:29:30,53000,3200021
2026-07-31 02:29:35,52000,3200000
2026-07-31 02:29:40,52000,3200010
2026-07-31 02:29:45,56000,3200000
2026-07-31 02:29:50,56000,3199988
2026-07-31 02:29:55,58000,3179685
2026-07-31 02:30:01,59000,3110256
2026-07-31 02:30:06,59000,3178205
2026-07-31 02:30:11,58000,3199998
2026-07-31 02:30:16,59000,3182655
2026-07-31 02:30:21,60000,3197638
2026-07-31 02:30:26,58000,3200001
2026-07-31 02:30:31,59000,3180062
2026-07-31 02:30:36,59000,3198165
2026-07-31 02:30:41,61000,3200006
2026-07-31 02:30:46,60000,3199993
2026-07-31 02:30:51,59000,3022141
2026-07-31 02:30:57,60000,3180718
2026-07-31 02:31:02,59000,3200000
2026-07-31 02:31:07,58000,3145070
2026-07-31 02:31:12,59000,3100001
2026-07-31 02:31:17,60000,3182786
2026-07-31 02:31:22,60000,3200000
2026-07-31 02:31:27,59000,3200000
2026-07-31 02:31:32,58000,3200001
2026-07-31 02:31:37,58000,3099998
2026-07-31 02:31:42,61000,3197690
2026-07-31 02:31:47,58000,3200009
2026-07-31 02:31:52,61000,3197066
2026-07-31 02:31:57,60000,3200003
2026-07-31 02:32:03,58000,3197088
2026-07-31 02:32:08,58000,3197044
2026-07-31 02:32:13,58000,3199791
2026-07-31 02:32:18,60000,3090477
2026-07-31 02:32:23,59000,3180095
2026-07-31 02:32:28,59000,3200002
2026-07-31 02:32:33,60000,3029720
2026-07-31 02:32:38,60000,3201917
2026-07-31 02:32:43,60000,3124277
2026-07-31 02:32:48,60000,3168555
2026-07-31 02:32:53,61000,3180976
2026-07-31 02:32:58,60000,3196298
2026-07-31 02:33:03,60000,3199990
2026-07-31 02:33:08,61000,3200000
2026-07-31 02:33:13,61000,3199994
2026-07-31 02:33:18,61000,3157268
2026-07-31 02:33:23,60000,3194886
2026-07-31 02:33:29,61000,3200003
2026-07-31 02:33:34,60000,3177208
2026-07-31 02:33:39,61000,3174293
2026-07-31 02:33:44,61000,3177772
2026-07-31 02:33:49,61000,3176758
2026-07-31 02:33:54,55000,3197279
2026-07-31 02:33:59,60000,3176402
2026-07-31 02:34:04,60000,3198311
2026-07-31 02:34:09,60000,3183320
2026-07-31 02:34:14,61000,3149922
2026-07-31 02:34:19,60000,3142371
2026-07-31 02:34:24,61000,3184674
2026-07-31 02:34:29,60000,2827109
2026-07-31 02:34:34,60000,3200004
2026-07-31 02:34:39,61000,3184941
2026-07-31 02:34:44,60000,3199201
2026-07-31 02:34:49,61000,3200000
2026-07-31 02:34:54,61000,3186011
2026-07-31 02:34:59,60000,3175116
2026-07-31 02:35:04,60000,3149342
2026-07-31 02:35:09,60000,3167577
2026-07-31 02:35:14,60000,3200000
2026-07-31 02:35:19,59000,2858948
2026-07-31 02:35:24,59000,3134471
2026-07-31 02:35:29,57000,3181992
2026-07-31 02:35:35,59000,3194065
2026-07-31 02:35:40,59000,3182385
2026-07-31 02:35:45,60000,3191479
2026-07-31 02:35:50,60000,3000001
2026-07-31 02:35:55,58000,2854256
2026-07-31 02:36:00,58000,2807888
2026-07-31 02:36:05,60000,3162564
2026-07-31 02:36:10,60000,3197438
2026-07-31 02:36:15,61000,3180221
2026-07-31 02:36:20,60000,3192021
2026-07-31 02:36:25,60000,3196689
2026-07-31 02:36:30,61000,3193981
2026-07-31 02:36:36,61000,3182387
2026-07-31 02:36:41,60000,3160367
2026-07-31 02:36:46,60000,3197942
2026-07-31 02:36:51,60000,3188958
2026-07-31 02:36:56,61000,3177541
2026-07-31 02:37:01,60000,3186929
2026-07-31 02:37:06,59000,2884762
2026-07-31 02:37:11,61000,3165417
2026-07-31 02:37:16,60000,3195226
2026-07-31 02:37:21,61000,3197214
2026-07-31 02:37:26,60000,3194643
2026-07-31 02:37:31,61000,3142617
2026-07-31 02:37:36,61000,3197697
2026-07-31 02:37:42,60000,3200479
2026-07-31 02:37:47,60000,3177991
2026-07-31 02:37:52,60000,3174073
2026-07-31 02:37:57,60000,3183192
2026-07-31 02:38:02,60000,3198472
2026-07-31 02:38:07,59000,3200019
2026-07-31 02:38:12,59000,3178858
2026-07-31 02:38:17,59000,3200000
2026-07-31 02:38:22,59000,3200019
2026-07-31 02:38:27,59000,3120467
2026-07-31 02:38:32,60000,3195088
2026-07-31 02:38:37,60000,3196529
2026-07-31 02:38:42,60000,3180483
2026-07-31 02:38:48,60000,3133482
2026-07-31 02:38:53,60000,3141705
2026-07-31 02:38:58,58000,2896197
2026-07-31 02:39:03,55000,3200032
2026-07-31 02:39:08,58000,3190340
2026-07-31 02:39:13,57000,3200000
2026-07-31 02:39:18,58000,3200000
2026-07-31 02:39:23,57000,3200001
2026-07-31 02:39:28,57000,3200001
2026-07-31 02:39:33,55000,3200029
2026-07-31 02:39:39,57000,3200000
2026-07-31 02:39:44,57000,3200001
2026-07-31 02:39:49,58000,3200001
2026-07-31 02:39:54,57000,3200000
2026-07-31 02:39:59,58000,3200000
2026-07-31 02:40:04,56000,3199998
2026-07-31 02:40:09,57000,3199266
2026-07-31 02:40:14,56000,3200003
2026-07-31 02:40:19,57000,3200000
2026-07-31 02:40:24,57000,3199997
2026-07-31 02:40:29,56000,3200004
2026-07-31 02:40:34,56000,3200009
2026-07-31 02:40:39,56000,3199761
2026-07-31 02:40:44,56000,3200000
2026-07-31 02:40:50,57000,3200000
2026-07-31 02:40:55,57000,3199996
2026-07-31 02:41:00,56000,3200000
2026-07-31 02:41:05,55000,3200003
2026-07-31 02:41:10,56000,3200000
2026-07-31 02:41:15,56000,3200000
2026-07-31 02:41:20,56000,3200000
2026-07-31 02:41:25,58000,3200003
2026-07-31 02:41:30,57000,3200004
2026-07-31 02:41:35,58000,3199996
2026-07-31 02:41:40,56000,3200007
2026-07-31 02:41:45,56000,3200000
2026-07-31 02:41:51,56000,3200000
2026-07-31 02:41:56,56000,3200001
2026-07-31 02:42:01,56000,3199998
2026-07-31 02:42:06,53000,3417688
2026-07-31 02:42:11,58000,3200000
2026-07-31 02:42:16,56000,3200000
2026-07-31 02:42:21,56000,3200000
2026-07-31 02:42:26,56000,3200018
2026-07-31 02:42:31,56000,3200000
2026-07-31 02:42:36,56000,3200035
2026-07-31 02:42:41,56000,3200001
2026-07-31 02:42:46,56000,3200000
2026-07-31 02:42:51,57000,3200000
2026-07-31 02:42:56,57000,3200018
2026-07-31 02:43:01,57000,3200000
2026-07-31 02:43:06,56000,3200000
2026-07-31 02:43:11,55000,3200000
2026-07-31 02:43:16,56000,3200004
2026-07-31 02:43:22,56000,3200000
2026-07-31 02:43:27,56000,3200001
2026-07-31 02:43:32,56000,3200001
2026-07-31 02:43:37,56000,3200008
2026-07-31 02:43:42,56000,3199997
2026-07-31 02:43:47,57000,3200000
2026-07-31 02:43:52,56000,3199978
2026-07-31 02:43:57,57000,3200000
2026-07-31 02:44:02,57000,3199998
2026-07-31 02:44:07,57000,3197953
2026-07-31 02:44:12,55000,3200001
2026-07-31 02:44:17,57000,3200008
2026-07-31 02:44:22,56000,3200000
2026-07-31 02:44:27,56000,3200005
2026-07-31 02:44:33,56000,3200000
2026-07-31 02:44:38,57000,3200000
2026-07-31 02:44:43,55000,3200000
2026-07-31 02:44:48,56000,3199998
2026-07-31 02:44:53,56000,3200000
2026-07-31 02:44:58,56000,3200000
2026-07-31 02:45:03,59000,3201909
2026-07-31 02:45:08,56000,3199998
2026-07-31 02:45:13,56000,3200001
2026-07-31 02:45:18,56000,3200000
2026-07-31 02:45:23,56000,3200032
2026-07-31 02:45:28,56000,3199972
2026-07-31 02:45:33,57000,3200000
2026-07-31 02:45:39,56000,3200000
2026-07-31 02:45:44,56000,3200000
2026-07-31 02:45:49,56000,3200000
2026-07-31 02:45:54,56000,3200000
2026-07-31 02:45:59,56000,3200001
2026-07-31 02:46:04,56000,3199998
2026-07-31 02:46:09,57000,3200000
2026-07-31 02:46:14,56000,3200008
2026-07-31 02:46:19,56000,3199998
2026-07-31 02:46:24,56000,3192638
2026-07-31 02:46:29,57000,3200000
2026-07-31 02:46:35,56000,3200003
2026-07-31 02:46:40,56000,3200000
2026-07-31 02:46:45,57000,3200000
2026-07-31 02:46:50,56000,3199998
2026-07-31 02:46:55,56000,3200000
2026-07-31 02:47:00,56000,3200000
2026-07-31 02:47:05,56000,3200000
2026-07-31 02:47:10,56000,3200000
2026-07-31 02:47:15,57000,3200000
2026-07-31 02:47:20,56000,3200000
2026-07-31 02:47:25,56000,3200001
2026-07-31 02:47:31,56000,3200006
2026-07-31 02:47:36,56000,3200000
2026-07-31 02:47:41,57000,3200009
2026-07-31 02:47:46,55000,3200001
2026-07-31 02:47:51,56000,3182088
2026-07-31 02:47:56,58000,3199998
2026-07-31 02:48:01,56000,3200001
2026-07-31 02:48:06,56000,3200000
2026-07-31 02:48:11,56000,3200076
2026-07-31 02:48:17,56000,3199878
2026-07-31 02:48:22,57000,3200002
2026-07-31 02:48:27,57000,3199998
2026-07-31 02:48:32,57000,3200022
2026-07-31 02:48:37,57000,3200022
2026-07-31 02:48:42,57000,3200000
2026-07-31 02:48:47,57000,3199998
2026-07-31 02:48:52,57000,3200000
2026-07-31 02:48:57,57000,3200023
2026-07-31 02:49:02,57000,3200000
2026-07-31 02:49:07,59000,3200022
2026-07-31 02:49:12,59000,3200005
2026-07-31 02:49:17,57000,3200000
2026-07-31 02:49:22,57000,3199998
2026-07-31 02:49:28,57000,3200000
2026-07-31 02:49:33,60000,3200001
2026-07-31 02:49:38,58000,3200000
2026-07-31 02:49:43,57000,3199998
2026-07-31 02:49:48,58000,3200000
2026-07-31 02:49:53,57000,3200000
2026-07-31 02:49:58,57000,3200000
2026-07-31 02:50:03,58000,3200000
2026-07-31 02:50:08,58000,3200000
2026-07-31 02:50:13,58000,3200001
2026-07-31 02:50:19,57000,3200000
2026-07-31 02:50:24,59000,3200000
2026-07-31 02:50:29,57000,3200000
2026-07-31 02:50:34,57000,3200000
2026-07-31 02:50:39,58000,3200000
2026-07-31 02:50:44,58000,3199778
2026-07-31 02:50:49,58000,3200002
2026-07-31 02:50:54,57000,3200000
2026-07-31 02:50:59,59000,3200011
2026-07-31 02:51:04,57000,3200008
2026-07-31 02:51:09,57000,3199749
2026-07-31 02:51:14,60000,3200000
2026-07-31 02:51:19,59000,3199889
2026-07-31 02:51:24,59000,3197699
2026-07-31 02:51:29,60000,3193938
2026-07-31 02:51:34,60000,3200001
2026-07-31 02:51:39,59000,3197868
2026-07-31 02:51:44,61000,3199886
2026-07-31 02:51:49,59000,3200022
2026-07-31 02:51:55,59000,3197489
2026-07-31 02:52:00,59000,3197268
2026-07-31 02:52:05,60000,3199996
2026-07-31 02:52:10,58000,3200000
2026-07-31 02:52:15,58000,3200000
2026-07-31 02:52:20,59000,3199998
2026-07-31 02:52:25,60000,3200000
2026-07-31 02:52:30,58000,3200004
2026-07-31 02:52:35,59000,3200001
2026-07-31 02:52:40,58000,3200000
2026-07-31 02:52:45,58000,3200000
2026-07-31 02:52:50,57000,3200000
2026-07-31 02:52:55,58000,3199998
2026-07-31 02:53:00,57000,3200000
2026-07-31 02:53:05,58000,3200000
2026-07-31 02:53:10,57000,3200000
2026-07-31 02:53:16,58000,3200000
2026-07-31 02:53:21,56000,3199874
2026-07-31 02:53:26,57000,3200000
2026-07-31 02:53:31,58000,3200002
2026-07-31 02:53:36,57000,3200000
2026-07-31 02:53:41,57000,3199925
2026-07-31 02:53:46,57000,3200006
2026-07-31 02:53:51,56000,3978747
2026-07-31 02:53:56,57000,3200000
2026-07-31 02:54:01,59000,3200001
2026-07-31 02:54:06,57000,3200008
2026-07-31 02:54:11,58000,3200001
2026-07-31 02:54:17,58000,3200000
2026-07-31 02:54:22,59000,3200001
2026-07-31 02:54:27,58000,3200000
2026-07-31 02:54:32,57000,3200000
2026-07-31 02:54:37,58000,3200000
2026-07-31 02:54:42,57000,3200000
2026-07-31 02:54:47,57000,3200001
2026-07-31 02:54:52,58000,3200000
2026-07-31 02:54:57,57000,3200018
2026-07-31 02:55:02,57000,3200010
2026-07-31 02:55:08,57000,3200009
2026-07-31 02:55:13,57000,3200001
2026-07-31 02:55:18,57000,3200000
2026-07-31 02:55:23,57000,3200031
2026-07-31 02:55:28,57000,3199998
2026-07-31 02:55:33,58000,3200001
2026-07-31 02:55:38,57000,3200000
2026-07-31 02:55:43,57000,3200000
2026-07-31 02:55:48,58000,3200000
2026-07-31 02:55:54,59000,3200002
2026-07-31 02:55:59,57000,3200000
2026-07-31 02:56:04,57000,3200000
2026-07-31 02:56:09,57000,3200000
2026-07-31 02:56:14,57000,3199998
2026-07-31 02:56:19,58000,3200000
2026-07-31 02:56:24,58000,3200000
2026-07-31 02:56:29,58000,3200000
2026-07-31 02:56:34,58000,3200001
2026-07-31 02:56:39,58000,3200000
2026-07-31 02:56:45,57000,3200000
2026-07-31 02:56:50,58000,3200000
2026-07-31 02:56:55,57000,3200000
2026-07-31 02:57:00,58000,3200001
2026-07-31 02:57:05,58000,3200000
2026-07-31 02:57:10,58000,3200000
2026-07-31 02:57:15,58000,3196102
2026-07-31 02:57:20,58000,3200000
2026-07-31 02:57:25,58000,3200000
2026-07-31 02:57:30,59000,3200001
2026-07-31 02:57:35,60000,3193010
2026-07-31 02:57:40,59000,3193679
2026-07-31 02:57:45,59000,3193564
2026-07-31 02:57:51,59000,3200000
2026-07-31 02:57:56,59000,3195413
2026-07-31 02:58:01,59000,3199996
2026-07-31 02:58:06,59000,3197030
2026-07-31 02:58:11,59000,3196759
2026-07-31 02:58:16,60000,3197663
2026-07-31 02:58:21,60000,3194334
2026-07-31 02:58:26,60000,3197738
2026-07-31 02:58:31,59000,3197281
2026-07-31 02:58:36,60000,3195338
2026-07-31 02:58:42,60000,3197682
2026-07-31 02:58:47,60000,3197135
2026-07-31 02:58:52,59000,3197296
2026-07-31 02:58:57,59000,3199998
2026-07-31 02:59:02,59000,3197719
2026-07-31 02:59:07,59000,3200003
2026-07-31 02:59:12,58000,3195369
2026-07-31 02:59:17,60000,3195254
2026-07-31 02:59:22,59000,3196854
2026-07-31 02:59:28,59000,3197674
2026-07-31 02:59:33,58000,3200000
2026-07-31 02:59:38,59000,3197693
2026-07-31 02:59:43,59000,3200000
2026-07-31 02:59:48,58000,3199998
2026-07-31 02:59:53,59000,3197103
2026-07-31 02:59:58,59000,2856565
2026-07-31 03:00:03,59000,3195424
2026-07-31 03:00:08,59000,3197697
2026-07-31 03:00:13,59000,3203657
2026-07-31 03:00:19,59000,3194477
2026-07-31 03:00:24,59000,3196167
2026-07-31 03:00:29,58000,3200034
2026-07-31 03:00:34,58000,3197256
2026-07-31 03:00:39,59000,3197253
2026-07-31 03:00:44,59000,3199680
2026-07-31 03:00:49,59000,3199909
2026-07-31 03:00:54,59000,3199485
2026-07-31 03:00:59,59000,3971969
2026-07-31 03:01:04,58000,3199993
2026-07-31 03:01:09,58000,3198985
2026-07-31 03:01:14,58000,3199963
2026-07-31 03:01:19,59000,3195905
2026-07-31 03:01:24,59000,3201628
2026-07-31 03:01:29,59000,3196767
2026-07-31 03:01:34,60000,3200003
2026-07-31 03:01:39,59000,3197286
2026-07-31 03:01:44,59000,3139605
2026-07-31 03:01:49,59000,3197120
2026-07-31 03:01:54,59000,3119808
2026-07-31 03:01:59,59000,3097526
2026-07-31 03:02:04,59000,3192789
2026-07-31 03:02:09,59000,3198162
2026-07-31 03:02:14,59000,3200000
2026-07-31 03:02:19,59000,3197303
2026-07-31 03:02:24,59000,3183522
2026-07-31 03:02:29,58000,3196141
2026-07-31 03:02:35,58000,3200001
2026-07-31 03:02:40,59000,3194449
2026-07-31 03:02:45,59000,3194322
2026-07-31 03:02:50,58000,3194188
2026-07-31 03:02:55,59000,3200001
2026-07-31 03:03:00,59000,3194062
2026-07-31 03:03:05,59000,3200006
2026-07-31 03:03:10,60000,3194426
2026-07-31 03:03:15,59000,3196777
2026-07-31 03:03:20,58000,3199981
2026-07-31 03:03:25,59000,3196808
2026-07-31 03:03:30,59000,3200000
2026-07-31 03:03:36,58000,3189271
2026-07-31 03:03:41,58000,2994277
2026-07-31 03:03:46,59000,2966625
2026-07-31 03:03:51,59000,3000000
2026-07-31 03:03:56,58000,3200001
2026-07-31 03:04:01,60000,3197602
2026-07-31 03:04:06,59000,3200000
2026-07-31 03:04:11,59000,3200001
2026-07-31 03:04:16,60000,3200001
2026-07-31 03:04:21,59000,3200000
2026-07-31 03:04:27,59000,3097284
2026-07-31 03:04:32,58000,3200001
2026-07-31 03:04:37,59000,3200000
2026-07-31 03:04:42,58000,3197629
2026-07-31 03:04:47,58000,3200012
2026-07-31 03:04:52,59000,3200001
2026-07-31 03:04:57,59000,3200000
2026-07-31 03:05:02,58000,3005987
2026-07-31 03:05:07,59000,3200017
2026-07-31 03:05:13,58000,2977576
2026-07-31 03:05:18,59000,3200001
2026-07-31 03:05:23,58000,3197215
2026-07-31 03:05:28,59000,3200001
2026-07-31 03:05:33,59000,3200001
2026-07-31 03:05:38,59000,2800002
2026-07-31 03:05:43,59000,3200002
2026-07-31 03:05:48,59000,3200000
2026-07-31 03:05:53,59000,3200001
2026-07-31 03:05:59,59000,3200000
2026-07-31 03:06:04,59000,3200003
2026-07-31 03:06:09,58000,3140432
2026-07-31 03:06:14,57000,3147252
2026-07-31 03:06:19,60000,3197634
2026-07-31 03:06:24,59000,3105669
2026-07-31 03:06:29,58000,2917124
2026-07-31 03:06:34,58000,3200005
2026-07-31 03:06:39,61000,3197262
2026-07-31 03:06:45,61000,3199998
2026-07-31 03:06:50,59000,3200000
2026-07-31 03:06:55,61000,3197405
2026-07-31 03:07:00,62000,3194480
2026-07-31 03:07:05,60000,3200015
2026-07-31 03:07:10,61000,3200011
2026-07-31 03:07:15,59000,3200001
2026-07-31 03:07:20,60000,3197204
2026-07-31 03:07:25,61000,3197295
2026-07-31 03:07:30,60000,3200023
2026-07-31 03:07:35,59000,3197326
2026-07-31 03:07:41,60000,3177757
2026-07-31 03:07:46,62000,3197133
2026-07-31 03:07:51,58000,3197659
2026-07-31 03:07:56,60000,3200020
2026-07-31 03:08:01,61000,3196245
2026-07-31 03:08:06,59000,3200031
2026-07-31 03:08:11,62000,3200019
2026-07-31 03:08:16,59000,3200001
2026-07-31 03:08:21,61000,3200048
2026-07-31 03:08:26,59000,3200013
2026-07-31 03:08:32,61000,3197556
2026-07-31 03:08:37,59000,3200014
2026-07-31 03:08:42,58000,3200000
2026-07-31 03:08:47,61000,3197766
2026-07-31 03:08:52,61000,3199998
2026-07-31 03:08:57,58000,3197660
2026-07-31 03:09:02,59000,3200020
2026-07-31 03:09:07,60000,3195281
2026-07-31 03:09:12,58000,3200000
2026-07-31 03:09:17,58000,3197616
2026-07-31 03:09:22,61000,3197243
2026-07-31 03:09:27,58000,3200023
2026-07-31 03:09:33,59000,3200000
2026-07-31 03:09:38,58000,3200000
2026-07-31 03:09:43,60000,3196429
2026-07-31 03:09:48,60000,3200020
2026-07-31 03:09:53,61000,3197694
2026-07-31 03:09:58,61000,3195035
2026-07-31 03:10:03,60000,3195424
2026-07-31 03:10:08,62000,3198108
2026-07-31 03:10:13,60000,3976539
2026-07-31 03:10:18,61000,3195420
2026-07-31 03:10:23,61000,3197635
2026-07-31 03:10:28,60000,3196756
2026-07-31 03:10:33,61000,3199220
2026-07-31 03:10:38,61000,3195068
2026-07-31 03:10:43,61000,3196651
2026-07-31 03:10:48,60000,3195479
2026-07-31 03:10:53,61000,3197646
2026-07-31 03:10:58,60000,3197508
2026-07-31 03:11:03,60000,3197281
2026-07-31 03:11:08,60000,3200015
2026-07-31 03:11:14,60000,3194139
2026-07-31 03:11:19,60000,3200000
2026-07-31 03:11:24,59000,3020475
2026-07-31 03:11:29,59000,3194304
2026-07-31 03:11:34,58000,3197615
2026-07-31 03:11:39,59000,3196713
2026-07-31 03:11:44,58000,3200006
2026-07-31 03:11:49,59000,3200001
2026-07-31 03:11:54,62000,3197219
2026-07-31 03:11:59,59000,3200000
2026-07-31 03:12:04,61000,3197454
2026-07-31 03:12:09,60000,3197112
2026-07-31 03:12:14,59000,3199993
2026-07-31 03:12:19,61000,3200000
2026-07-31 03:12:24,62000,3197067
2026-07-31 03:12:29,60000,3195351
2026-07-31 03:12:35,60000,3200000
2026-07-31 03:12:40,59000,3199998
2026-07-31 03:12:45,58000,3200000
2026-07-31 03:12:50,58000,3200000
2026-07-31 03:12:55,58000,3197899
2026-07-31 03:13:00,60000,3197738
2026-07-31 03:13:05,60000,3195707
2026-07-31 03:13:10,59000,3200000
2026-07-31 03:13:15,61000,3197769
2026-07-31 03:13:21,62000,3195364
2026-07-31 03:13:26,59000,3200019
2026-07-31 03:13:31,59000,3197674
2026-07-31 03:13:36,59000,3200003
2026-07-31 03:13:41,59000,3197652
2026-07-31 03:13:46,59000,3197539
2026-07-31 03:13:51,61000,3194170
2026-07-31 03:13:56,60000,3195263
2026-07-31 03:14:01,60000,3200001
2026-07-31 03:14:07,61000,3196681
2026-07-31 03:14:12,61000,3197060
2026-07-31 03:14:17,59000,3200000
2026-07-31 03:14:22,60000,3198118
2026-07-31 03:14:27,60000,3200000
2026-07-31 03:14:32,60000,3195331
2026-07-31 03:14:37,61000,3197698
2026-07-31 03:14:42,60000,3193901
2026-07-31 03:14:47,60000,3200000
2026-07-31 03:14:52,60000,3199993
2026-07-31 03:14:58,60000,3197765
2026-07-31 03:15:03,60000,3197599
2026-07-31 03:15:08,60000,3196594
2026-07-31 03:15:13,60000,3200000
2026-07-31 03:15:18,60000,3200000
2026-07-31 03:15:23,60000,3197654
2026-07-31 03:15:28,60000,3200024
2026-07-31 03:15:33,60000,3196979
2026-07-31 03:15:38,61000,3198104
2026-07-31 03:15:43,60000,3197430
2026-07-31 03:15:48,60000,3197595
2026-07-31 03:15:54,62000,3197019
2026-07-31 03:15:59,55000,3200000
2026-07-31 03:16:04,55000,3200000
2026-07-31 03:16:09,54000,3200000
2026-07-31 03:16:14,54000,3200000
2026-07-31 03:16:19,55000,3200000
2026-07-31 03:16:24,52000,3199999
2026-07-31 03:16:29,52000,3200000
2026-07-31 03:16:34,52000,3200001
2026-07-31 03:16:39,52000,3200000
2026-07-31 03:16:44,52000,3200000
2026-07-31 03:16:49,52000,3200000
2026-07-31 03:16:55,52000,3200001
2026-07-31 03:17:00,52000,3199998
2026-07-31 03:17:05,52000,3200001
2026-07-31 03:17:10,52000,3200001
2026-07-31 03:17:15,52000,3200000
2026-07-31 03:17:20,53000,3200000
2026-07-31 03:17:25,53000,3200000
2026-07-31 03:17:30,52000,3200000
2026-07-31 03:17:35,52000,3200000
2026-07-31 03:17:41,52000,3200000
2026-07-31 03:17:46,52000,3199998
2026-07-31 03:17:51,52000,3200000
2026-07-31 03:17:56,52000,3200001
2026-07-31 03:18:01,52000,3200000
2026-07-31 03:18:06,52000,3200000
2026-07-31 03:18:11,53000,3200000
2026-07-31 03:18:16,53000,3200005
2026-07-31 03:18:21,52000,3200000
2026-07-31 03:18:26,52000,3200001
2026-07-31 03:18:31,53000,3200001
2026-07-31 03:18:37,52000,3200000
2026-07-31 03:18:42,54000,3200000
2026-07-31 03:18:47,52000,3200001
2026-07-31 03:18:52,52000,3200000
2026-07-31 03:18:57,52000,2933684
2026-07-31 03:19:02,52000,3200000
2026-07-31 03:19:07,54000,3199998
2026-07-31 03:19:12,52000,3200000
2026-07-31 03:19:17,52000,3200000
2026-07-31 03:19:22,53000,3200572
2026-07-31 03:19:27,52000,3200000
2026-07-31 03:19:33,52000,3200000
2026-07-31 03:19:38,53000,3200000
2026-07-31 03:19:43,53000,3200000
2026-07-31 03:19:48,53000,3200001
2026-07-31 03:19:53,53000,3200000
2026-07-31 03:19:58,54000,3200001
2026-07-31 03:20:03,53000,3200001
2026-07-31 03:20:08,52000,3200001
2026-07-31 03:20:13,52000,3199284
2026-07-31 03:20:18,52000,3184369
2026-07-31 03:20:23,52000,3200001
2026-07-31 03:20:28,52000,3200000
2026-07-31 03:20:33,52000,3200000
2026-07-31 03:20:39,52000,3200002
2026-07-31 03:20:44,52000,3200001
2026-07-31 03:20:49,52000,3200001
2026-07-31 03:20:54,52000,3199999
2026-07-31 03:20:59,53000,3200001
2026-07-31 03:21:04,52000,3200000
2026-07-31 03:21:09,52000,3200315
2026-07-31 03:21:14,52000,3200000
2026-07-31 03:21:19,53000,3200001
2026-07-31 03:21:24,53000,3200000
2026-07-31 03:21:29,52000,3199998
2026-07-31 03:21:35,52000,3200000
2026-07-31 03:21:40,55000,3200000
2026-07-31 03:21:45,55000,3200000
2026-07-31 03:21:50,52000,3200000
2026-07-31 03:21:55,52000,3200000
2026-07-31 03:22:00,52000,3200000
2026-07-31 03:22:05,52000,3200000
2026-07-31 03:22:10,54000,3200001
2026-07-31 03:22:15,52000,3200000
2026-07-31 03:22:20,52000,3200000
2026-07-31 03:22:25,52000,3200001
2026-07-31 03:22:30,52000,3200001
2026-07-31 03:22:36,52000,3199867
2026-07-31 03:22:41,54000,3200000
2026-07-31 03:22:46,52000,3200001
2026-07-31 03:22:51,52000,3199998
2026-07-31 03:22:56,52000,3200000
2026-07-31 03:23:01,52000,3200001
2026-07-31 03:23:06,52000,3199998
2026-07-31 03:23:11,52000,3200001
2026-07-31 03:23:16,52000,3200001
2026-07-31 03:23:21,52000,3200000
2026-07-31 03:23:27,52000,3200001
2026-07-31 03:23:32,52000,3200000
2026-07-31 03:23:37,52000,3200001
2026-07-31 03:23:42,52000,3200001
2026-07-31 03:23:47,52000,3200001
2026-07-31 03:23:52,52000,3200001
2026-07-31 03:23:57,52000,3199998
2026-07-31 03:24:02,52000,3200000
2026-07-31 03:24:07,52000,3200001
2026-07-31 03:24:12,53000,3200001
2026-07-31 03:24:18,53000,3200000
2026-07-31 03:24:23,52000,3200000
2026-07-31 03:24:28,52000,3199998
2026-07-31 03:24:33,52000,3200000
2026-07-31 03:24:38,52000,3200000
2026-07-31 03:24:43,53000,3200006
2026-07-31 03:24:48,53000,3200001
2026-07-31 03:24:53,52000,3200001
2026-07-31 03:24:58,52000,3200001
2026-07-31 03:25:03,55000,3200000
2026-07-31 03:25:08,57000,3200004
2026-07-31 03:25:13,57000,3199998
2026-07-31 03:25:19,56000,3199162
2026-07-31 03:25:24,56000,2774062
2026-07-31 03:25:29,60000,3196196
2026-07-31 03:25:34,57000,3119625
2026-07-31 03:25:39,58000,3132072
2026-07-31 03:25:44,57000,3194351
2026-07-31 03:25:49,57000,3199998
2026-07-31 03:25:54,60000,3181494
2026-07-31 03:25:59,57000,3200094
2026-07-31 03:26:04,59000,3200001
2026-07-31 03:26:09,59000,3187755
2026-07-31 03:26:14,58000,3200012
2026-07-31 03:26:19,58000,3200002
2026-07-31 03:26:24,59000,3196633
2026-07-31 03:26:29,58000,3183317
2026-07-31 03:26:34,57000,3196882
2026-07-31 03:26:39,60000,3152249
2026-07-31 03:26:44,58000,3170895
2026-07-31 03:26:49,58000,3127445
2026-07-31 03:26:54,57000,3153356
2026-07-31 03:27:00,58000,3194255
2026-07-31 03:27:05,58000,3181183
2026-07-31 03:27:10,59000,3199998
2026-07-31 03:27:15,60000,3147196
2026-07-31 03:27:20,59000,3200000
2026-07-31 03:27:25,61000,3197839
2026-07-31 03:27:30,58000,3200024
2026-07-31 03:27:35,57000,3961240
2026-07-31 03:27:40,57000,3100016
2026-07-31 03:27:45,58000,3199981
2026-07-31 03:27:50,58000,3200000
2026-07-31 03:27:55,57000,3198600
2026-07-31 03:28:00,58000,3196642
2026-07-31 03:28:05,59000,3196638
2026-07-31 03:28:10,58000,3200028
2026-07-31 03:28:15,56000,3132636
2026-07-31 03:28:20,57000,2999838
2026-07-31 03:28:26,59000,3200016
2026-07-31 03:28:31,58000,3197236
2026-07-31 03:28:36,56000,2932220
2026-07-31 03:28:41,58000,3121218
2026-07-31 03:28:46,58000,3199871
2026-07-31 03:28:51,58000,3198576
2026-07-31 03:28:56,58000,3199996
2026-07-31 03:29:01,54000,3179945
2026-07-31 03:29:06,58000,3199996
2026-07-31 03:29:11,58000,3200003
2026-07-31 03:29:16,56000,3199902
2026-07-31 03:29:21,58000,3200017
2026-07-31 03:29:26,59000,3196326
2026-07-31 03:29:31,57000,2971550
2026-07-31 03:29:36,58000,3200001
2026-07-31 03:29:41,59000,3200000
2026-07-31 03:29:46,59000,3100000
2026-07-31 03:29:51,59000,2994777
2026-07-31 03:29:56,53000,3958652
2026-07-31 03:30:01,57000,2899998
2026-07-31 03:30:06,60000,3197669
2026-07-31 03:30:11,60000,3200005
2026-07-31 03:30:16,60000,2694886
2026-07-31 03:30:21,60000,3200007
2026-07-31 03:30:27,58000,2999998
2026-07-31 03:30:32,59000,3197563
2026-07-31 03:30:37,53000,3383763
2026-07-31 03:30:42,58000,3100000
2026-07-31 03:30:47,57000,3150054
2026-07-31 03:30:52,59000,3143932
2026-07-31 03:30:57,59000,3200007
2026-07-31 03:31:02,57000,3195679
2026-07-31 03:31:07,60000,3200001
2026-07-31 03:31:12,61000,3199968
2026-07-31 03:31:17,57000,3199998
2026-07-31 03:31:22,58000,3102978
2026-07-31 03:31:27,60000,3197723
2026-07-31 03:31:33,60000,3099998
2026-07-31 03:31:38,58000,3199763
2026-07-31 03:31:43,60000,3199998
2026-07-31 03:31:48,58000,3199996
2026-07-31 03:31:53,58000,3192468
2026-07-31 03:31:58,58000,3200001
2026-07-31 03:32:03,58000,3200006
2026-07-31 03:32:08,58000,3200000
2026-07-31 03:32:13,58000,3200002
2026-07-31 03:32:18,58000,3200005
2026-07-31 03:32:23,58000,3199977
2026-07-31 03:32:29,61000,3058346
2026-07-31 03:32:34,58000,2906281
2026-07-31 03:32:39,58000,3199996
2026-07-31 03:32:44,58000,3200000
2026-07-31 03:32:49,58000,3200003
2026-07-31 03:32:54,58000,3149146
2026-07-31 03:32:59,58000,3200006
2026-07-31 03:33:04,60000,3174854
2026-07-31 03:33:09,58000,3131310
2026-07-31 03:33:14,58000,3128390
2026-07-31 03:33:19,58000,3200000
2026-07-31 03:33:24,58000,3068597
2026-07-31 03:33:29,58000,3162171
2026-07-31 03:33:35,58000,3200000
2026-07-31 03:33:40,58000,3146479
2026-07-31 03:33:45,58000,3088155
2026-07-31 03:33:50,58000,3199998
2026-07-31 03:33:55,60000,3197533
2026-07-31 03:34:00,59000,3137399
2026-07-31 03:34:05,58000,2661947
2026-07-31 03:34:10,58000,2909549
2026-07-31 03:34:15,56000,3163269
2026-07-31 03:34:20,58000,3127019
2026-07-31 03:34:25,59000,3161605
2026-07-31 03:34:31,60000,3148692
2026-07-31 03:34:36,58000,3197729
2026-07-31 03:34:41,58000,3121776
2026-07-31 03:34:46,58000,3066454
2026-07-31 03:34:51,56000,3200000
2026-07-31 03:34:56,58000,3199982
2026-07-31 03:35:01,57000,3200001
2026-07-31 03:35:06,56000,3200011
2026-07-31 03:35:11,56000,3200001
2026-07-31 03:35:16,56000,3199998
2026-07-31 03:35:21,59000,3980310
2026-07-31 03:35:26,55000,3199998
2026-07-31 03:35:32,56000,3200000
2026-07-31 03:35:37,58000,3200000
2026-07-31 03:35:42,57000,3199886
2026-07-31 03:35:47,56000,3200003
2026-07-31 03:35:52,58000,3199976
2026-07-31 03:35:57,54000,3200000
2026-07-31 03:36:02,56000,3200004
2026-07-31 03:36:07,56000,3200012
2026-07-31 03:36:12,56000,3200003
2026-07-31 03:36:17,56000,3200001
2026-07-31 03:36:22,56000,3200000
2026-07-31 03:36:27,56000,3955910
2026-07-31 03:36:32,55000,3200000
2026-07-31 03:36:38,57000,3199984
2026-07-31 03:36:43,55000,3200001
2026-07-31 03:36:48,56000,3200006
2026-07-31 03:36:53,56000,3200001
2026-07-31 03:36:58,56000,3200001
2026-07-31 03:37:03,55000,3200011
2026-07-31 03:37:08,55000,3199554
2026-07-31 03:37:13,55000,3200018
2026-07-31 03:37:18,56000,3199998
2026-07-31 03:37:23,55000,3200000
2026-07-31 03:37:28,56000,3199977
2026-07-31 03:37:33,58000,3945393
2026-07-31 03:37:38,55000,3200001
2026-07-31 03:37:44,55000,3199966
2026-07-31 03:37:49,56000,3200000
2026-07-31 03:37:54,56000,3200013
2026-07-31 03:37:59,56000,3199979
2026-07-31 03:38:04,56000,3199978
2026-07-31 03:38:09,55000,3199599
2026-07-31 03:38:14,55000,3199900
2026-07-31 03:38:19,56000,3199980
2026-07-31 03:38:24,55000,3198196
2026-07-31 03:38:29,56000,3199998
2026-07-31 03:38:34,56000,3194438
2026-07-31 03:38:39,56000,3199958
2026-07-31 03:38:44,55000,3199998
2026-07-31 03:38:49,56000,3199605
2026-07-31 03:38:54,56000,3199943
2026-07-31 03:38:59,56000,3199869
2026-07-31 03:39:04,56000,3200001
2026-07-31 03:39:09,56000,3199935
2026-07-31 03:39:14,55000,3964178
2026-07-31 03:39:19,58000,3200005
2026-07-31 03:39:24,56000,3199967
2026-07-31 03:39:29,57000,3200001
2026-07-31 03:39:34,56000,3200003
2026-07-31 03:39:39,57000,3199940
2026-07-31 03:39:44,59000,3200000
2026-07-31 03:39:50,53000,3190606
2026-07-31 03:39:55,57000,3199316
2026-07-31 03:40:00,55000,3197788
2026-07-31 03:40:05,56000,3200050
2026-07-31 03:40:10,56000,3199998
2026-07-31 03:40:15,56000,3200000
2026-07-31 03:40:20,56000,3200001
2026-07-31 03:40:25,56000,3200004
2026-07-31 03:40:30,56000,3198069
2026-07-31 03:40:35,56000,3200001
2026-07-31 03:40:40,55000,3200000
2026-07-31 03:40:45,56000,3200030
2026-07-31 03:40:50,56000,3200023
2026-07-31 03:40:55,56000,3972484
2026-07-31 03:41:00,56000,3200000
2026-07-31 03:41:05,55000,3200000
2026-07-31 03:41:11,58000,3200000
2026-07-31 03:41:16,56000,3200023
2026-07-31 03:41:21,56000,3200000
2026-07-31 03:41:26,56000,3200001
2026-07-31 03:41:31,56000,3200000
2026-07-31 03:41:36,55000,3200001
2026-07-31 03:41:41,55000,3200618
2026-07-31 03:41:46,55000,3199968
2026-07-31 03:41:51,55000,3200000
2026-07-31 03:41:56,56000,3200014
2026-07-31 03:42:01,54000,3200000
2026-07-31 03:42:07,54000,3199979
2026-07-31 03:42:12,55000,3200000
2026-07-31 03:42:17,55000,3200001
2026-07-31 03:42:22,56000,3200030
2026-07-31 03:42:27,56000,3199979
2026-07-31 03:42:32,58000,3954413
2026-07-31 03:42:37,56000,3200001
2026-07-31 03:42:42,57000,3199998
2026-07-31 03:42:47,56000,3200000
2026-07-31 03:42:52,56000,3200000
2026-07-31 03:42:57,56000,3200000
2026-07-31 03:43:02,56000,3200000
2026-07-31 03:43:07,56000,3199944
2026-07-31 03:43:13,58000,3200000
2026-07-31 03:43:18,58000,3200000
2026-07-31 03:43:23,56000,3199995
2026-07-31 03:43:28,58000,3200003
2026-07-31 03:43:33,56000,3200015
2026-07-31 03:43:38,56000,3200002
2026-07-31 03:43:43,56000,3200011
2026-07-31 03:43:48,55000,3200001
2026-07-31 03:43:53,56000,3200000
2026-07-31 03:43:58,56000,3200000
2026-07-31 03:44:03,56000,3200000
2026-07-31 03:44:08,54000,3198492
2026-07-31 03:44:14,55000,3199996
2026-07-31 03:44:19,56000,3200003
2026-07-31 03:44:24,56000,3200001
2026-07-31 03:44:29,55000,3200001
2026-07-31 03:44:34,56000,3200013
2026-07-31 03:44:39,54000,3242509
2026-07-31 03:44:44,55000,3199978
2026-07-31 03:44:49,56000,3200000
2026-07-31 03:44:54,55000,3199992
2026-07-31 03:44:59,55000,3200000
2026-07-31 03:45:04,56000,3199971
2026-07-31 03:45:09,56000,3200000
2026-07-31 03:45:14,55000,3956639
2026-07-31 03:45:19,55000,3200001
2026-07-31 03:45:24,57000,3199999
2026-07-31 03:45:29,56000,3199989
2026-07-31 03:45:35,56000,3200000
2026-07-31 03:45:40,56000,3200000
2026-07-31 03:45:45,56000,3200000
2026-07-31 03:45:50,54000,3200001
2026-07-31 03:45:55,56000,3200000
2026-07-31 03:46:00,56000,3195167
2026-07-31 03:46:05,56000,3200001
2026-07-31 03:46:10,56000,3200000
2026-07-31 03:46:15,56000,3199991
2026-07-31 03:46:20,56000,3199989
2026-07-31 03:46:25,57000,3200000
2026-07-31 03:46:30,56000,3199979
2026-07-31 03:46:36,56000,3200000
2026-07-31 03:46:41,56000,3199998
2026-07-31 03:46:46,56000,3200000
2026-07-31 03:46:51,57000,3200005
2026-07-31 03:46:56,54000,3199998
2026-07-31 03:47:01,56000,3199998
2026-07-31 03:47:06,56000,3199996
2026-07-31 03:47:11,56000,3200030
2026-07-31 03:47:16,56000,3199998
2026-07-31 03:47:21,56000,3199995
2026-07-31 03:47:27,57000,3199099
2026-07-31 03:47:32,56000,3200000
2026-07-31 03:47:37,56000,3200001
2026-07-31 03:47:42,56000,3200168
2026-07-31 03:47:47,56000,3200000
2026-07-31 03:47:52,56000,3199998
2026-07-31 03:47:57,56000,3199998
2026-07-31 03:48:02,59000,3199998
2026-07-31 03:48:07,56000,3199980
2026-07-31 03:48:12,57000,3200000
2026-07-31 03:48:17,56000,3199983
2026-07-31 03:48:22,58000,3199985
2026-07-31 03:48:27,57000,3200000
2026-07-31 03:48:32,56000,3200000
2026-07-31 03:48:37,52000,2974920
2026-07-31 03:48:42,55000,3200000
2026-07-31 03:48:47,56000,3200007
2026-07-31 03:48:52,56000,3199998
2026-07-31 03:48:57,56000,3200000
2026-07-31 03:49:02,57000,3199980
2026-07-31 03:49:07,56000,3200000
2026-07-31 03:49:13,57000,3199998
2026-07-31 03:49:18,56000,3200000
2026-07-31 03:49:23,56000,3199983
2026-07-31 03:49:28,56000,3200000
2026-07-31 03:49:33,56000,3200000
2026-07-31 03:49:38,56000,3200007
2026-07-31 03:49:43,56000,3199978
2026-07-31 03:49:48,55000,3200000
2026-07-31 03:49:53,55000,3200000
2026-07-31 03:49:58,56000,3199997
2026-07-31 03:50:03,57000,3200000
2026-07-31 03:50:08,56000,3200023
2026-07-31 03:50:13,58000,3200000
2026-07-31 03:50:18,56000,3199993
2026-07-31 03:50:23,56000,3200000
2026-07-31 03:50:29,56000,3200001
2026-07-31 03:50:34,56000,3199980
2026-07-31 03:50:39,56000,3202216
2026-07-31 03:50:44,56000,3200000
2026-07-31 03:50:49,56000,3200000
2026-07-31 03:50:54,53000,3195623
2026-07-31 03:50:59,55000,3199998
2026-07-31 03:51:04,56000,3199995
2026-07-31 03:51:09,56000,3200000
2026-07-31 03:51:14,56000,3200001
2026-07-31 03:51:19,56000,3200000
2026-07-31 03:51:24,56000,3199999
2026-07-31 03:51:29,55000,3200000
2026-07-31 03:51:34,56000,3200001
2026-07-31 03:51:40,56000,3200000
2026-07-31 03:51:45,56000,3200000
2026-07-31 03:51:50,56000,3200000
2026-07-31 03:51:55,56000,3200000
2026-07-31 03:52:00,56000,3200000
2026-07-31 03:52:05,56000,3200000
2026-07-31 03:52:10,56000,3199984
2026-07-31 03:52:15,57000,3200000
2026-07-31 03:52:20,57000,3200001
2026-07-31 03:52:26,57000,3199998
2026-07-31 03:52:31,56000,3199519
2026-07-31 03:52:36,56000,3200001
2026-07-31 03:52:41,56000,3200001
2026-07-31 03:52:46,57000,3200002
2026-07-31 03:52:51,58000,3200023
2026-07-31 03:52:56,57000,3200000
2026-07-31 03:53:01,59000,3200000
2026-07-31 03:53:06,56000,3200000
2026-07-31 03:53:11,56000,3200004
2026-07-31 03:53:17,56000,3200000
2026-07-31 03:53:22,56000,3199995
2026-07-31 03:53:27,58000,3199977
2026-07-31 03:53:32,59000,3200011
2026-07-31 03:53:37,56000,3200001
2026-07-31 03:53:42,56000,3199998
2026-07-31 03:53:47,56000,3199998
2026-07-31 03:53:52,57000,3200000
2026-07-31 03:53:58,56000,3199979
2026-07-31 03:54:03,58000,3200019
2026-07-31 03:54:08,54000,3239288
2026-07-31 03:54:13,56000,3200000
2026-07-31 03:54:18,56000,3200000
2026-07-31 03:54:23,56000,3200001
2026-07-31 03:54:28,56000,3200000
2026-07-31 03:54:33,56000,3200000
2026-07-31 03:54:38,56000,3200021
2026-07-31 03:54:43,56000,3200000
2026-07-31 03:54:48,58000,3185839
2026-07-31 03:54:53,58000,3200001
2026-07-31 03:54:58,58000,3197275
2026-07-31 03:55:03,58000,3199872
2026-07-31 03:55:08,58000,3179970
2026-07-31 03:55:14,57000,3100152
2026-07-31 03:55:19,58000,3199987
2026-07-31 03:55:24,58000,3196566
2026-07-31 03:55:29,58000,3100000
2026-07-31 03:55:34,58000,3123083
2026-07-31 03:55:39,58000,3162762
2026-07-31 03:55:44,58000,3160767
2026-07-31 03:55:49,57000,3200005
2026-07-31 03:55:54,60000,3199682
2026-07-31 03:55:59,58000,3199982
2026-07-31 03:56:04,59000,3196265
2026-07-31 03:56:09,58000,3139815
2026-07-31 03:56:14,59000,3200000
2026-07-31 03:56:19,58000,2807139
2026-07-31 03:56:24,58000,3108638
2026-07-31 03:56:30,58000,3107822
2026-07-31 03:56:35,60000,3200009
2026-07-31 03:56:40,58000,3200003
2026-07-31 03:56:45,58000,3200003
2026-07-31 03:56:50,58000,3200000
2026-07-31 03:56:55,56000,3200000
2026-07-31 03:57:00,60000,2992519
2026-07-31 03:57:05,57000,3200496
2026-07-31 03:57:10,59000,3197388
2026-07-31 03:57:15,59000,3016338
2026-07-31 03:57:20,58000,3200000
2026-07-31 03:57:25,59000,3196647
2026-07-31 03:57:30,59000,3200001
2026-07-31 03:57:35,58000,3200004
2026-07-31 03:57:40,58000,3181238
2026-07-31 03:57:46,60000,3200000
2026-07-31 03:57:51,59000,3197621
2026-07-31 03:57:56,58000,2900001
2026-07-31 03:58:01,53000,3199055
2026-07-31 03:58:06,58000,3200000
2026-07-31 03:58:11,57000,2949432
2026-07-31 03:58:16,58000,3200001
2026-07-31 03:58:21,58000,3199998
2026-07-31 03:58:26,58000,3199920
2026-07-31 03:58:31,58000,3196885
2026-07-31 03:58:36,55000,3199823
2026-07-31 03:58:41,58000,3199967
2026-07-31 03:58:46,59000,3197580
2026-07-31 03:58:51,58000,3196161
2026-07-31 03:58:56,59000,2899995
2026-07-31 03:59:01,58000,3199998
2026-07-31 03:59:06,60000,3200000
2026-07-31 03:59:11,57000,3200000
2026-07-31 03:59:17,58000,3200005
2026-07-31 03:59:22,60000,3200000
2026-07-31 03:59:27,60000,3099985
2026-07-31 03:59:32,60000,3200005
2026-07-31 03:59:37,57000,2987437
2026-07-31 03:59:42,58000,3200006
2026-07-31 03:59:47,58000,3199878
2026-07-31 03:59:52,57000,3199998
2026-07-31 03:59:57,57000,3153626
2026-07-31 04:00:02,59000,3178717
2026-07-31 04:00:07,59000,3199971
2026-07-31 04:00:12,59000,3146358
2026-07-31 04:00:17,56000,3239795
2026-07-31 04:00:22,58000,2899631
2026-07-31 04:00:28,58000,3101966
2026-07-31 04:00:33,61000,3200000
2026-07-31 04:00:38,59000,3197435
2026-07-31 04:00:43,58000,3179280
2026-07-31 04:00:48,59000,3097795
2026-07-31 04:00:53,57000,3200000
2026-07-31 04:00:58,58000,3199596
2026-07-31 04:01:03,59000,3200039
2026-07-31 04:01:08,59000,3195276
2026-07-31 04:01:13,58000,3199992
2026-07-31 04:01:18,58000,3200033
2026-07-31 04:01:24,54000,3185389
2026-07-31 04:01:29,58000,3048927
2026-07-31 04:01:34,59000,3200023
2026-07-31 04:01:39,59000,3136255
2026-07-31 04:01:44,59000,3197270
2026-07-31 04:01:49,58000,3200014
2026-07-31 04:01:54,59000,3199570
2026-07-31 04:01:59,60000,3106243
2026-07-31 04:02:04,58000,3200002
2026-07-31 04:02:09,59000,3176066
2026-07-31 04:02:14,59000,3085624
2026-07-31 04:02:19,59000,3200013
2026-07-31 04:02:24,58000,3155042
2026-07-31 04:02:30,60000,3200001
2026-07-31 04:02:35,58000,3197087
2026-07-31 04:02:40,58000,3109311
2026-07-31 04:02:45,58000,3200000
2026-07-31 04:02:50,58000,3200003
2026-07-31 04:02:55,58000,3200000
2026-07-31 04:03:00,60000,3200000
2026-07-31 04:03:05,58000,3200001
2026-07-31 04:03:10,59000,3200000
2026-07-31 04:03:16,59000,3200000
2026-07-31 04:03:21,59000,3116425
2026-07-31 04:03:26,59000,3197268
2026-07-31 04:03:31,59000,3196835
2026-07-31 04:03:36,59000,3200000
2026-07-31 04:03:41,58000,3200001
2026-07-31 04:03:46,59000,3200001
2026-07-31 04:03:51,58000,3200025
2026-07-31 04:03:56,57000,2913951
2026-07-31 04:04:01,59000,3000007
2026-07-31 04:04:06,59000,3189575
2026-07-31 04:04:12,59000,3100001
2026-07-31 04:04:17,58000,3200000
2026-07-31 04:04:22,58000,3200000
2026-07-31 04:04:27,59000,3200000
2026-07-31 04:04:32,58000,3199998
2026-07-31 04:04:37,55000,3230204
2026-07-31 04:04:42,57000,3199979
2026-07-31 04:04:47,57000,3194270
2026-07-31 04:04:52,58000,3200005
2026-07-31 04:04:57,60000,3200000
2026-07-31 04:05:03,58000,3200001
2026-07-31 04:05:08,60000,3200000
2026-07-31 04:05:13,53000,3960966
2026-07-31 04:05:18,56000,3200005
2026-07-31 04:05:23,58000,3200001
2026-07-31 04:05:28,56000,3199304
2026-07-31 04:05:33,58000,3199994
2026-07-31 04:05:38,58000,3199996
2026-07-31 04:05:43,60000,3192902
2026-07-31 04:05:48,58000,3200001
2026-07-31 04:05:53,56000,3199998
2026-07-31 04:05:58,57000,3200002
2026-07-31 04:06:03,57000,3199998
2026-07-31 04:06:08,57000,3200000
2026-07-31 04:06:13,57000,3200008
2026-07-31 04:06:19,61000,3166864
2026-07-31 04:06:24,59000,3200002
2026-07-31 04:06:29,56000,3200000
2026-07-31 04:06:34,59000,3199998
2026-07-31 04:06:39,58000,3199999
2026-07-31 04:06:44,60000,3196657
2026-07-31 04:06:49,57000,3199998
2026-07-31 04:06:54,60000,3199999
2026-07-31 04:06:59,58000,3200000
2026-07-31 04:07:04,56000,3200000
2026-07-31 04:07:09,59000,3195993
2026-07-31 04:07:14,57000,3199994
2026-07-31 04:07:19,58000,3200001
2026-07-31 04:07:24,58000,3199993
2026-07-31 04:07:29,57000,3200001
2026-07-31 04:07:35,57000,3200006
2026-07-31 04:07:40,57000,3195218
2026-07-31 04:07:45,60000,3154816
2026-07-31 04:07:50,57000,3199911
2026-07-31 04:07:55,57000,3200023
2026-07-31 04:08:00,57000,3200000
2026-07-31 04:08:05,58000,3200011
2026-07-31 04:08:10,57000,3200000
2026-07-31 04:08:15,57000,3969167
2026-07-31 04:08:20,57000,3199533
2026-07-31 04:08:25,60000,3196288
2026-07-31 04:08:30,59000,3199878
2026-07-31 04:08:35,59000,3194336
2026-07-31 04:08:40,59000,3199993
2026-07-31 04:08:45,61000,3197125
2026-07-31 04:08:50,60000,3194634
2026-07-31 04:08:55,60000,3196868
2026-07-31 04:09:00,59000,2923911
2026-07-31 04:09:05,59000,3197542
2026-07-31 04:09:10,57000,3200003
2026-07-31 04:09:15,59000,3197111
2026-07-31 04:09:21,60000,3196925
2026-07-31 04:09:26,61000,2795281
2026-07-31 04:09:31,60000,3199974
2026-07-31 04:09:36,59000,3200003
2026-07-31 04:09:41,61000,3199720
2026-07-31 04:09:46,58000,3189648
2026-07-31 04:09:51,59000,3100000
2026-07-31 04:09:56,58000,3117683
2026-07-31 04:10:01,61000,3193905
2026-07-31 04:10:06,60000,3200000
2026-07-31 04:10:11,62000,3199993
2026-07-31 04:10:16,59000,3197140
2026-07-31 04:10:21,61000,3200007
2026-07-31 04:10:26,59000,3200000
2026-07-31 04:10:31,59000,3200000
2026-07-31 04:10:36,57000,3200003
2026-07-31 04:10:41,57000,3199995
2026-07-31 04:10:46,57000,3200001
2026-07-31 04:10:51,59000,3008454
2026-07-31 04:10:56,57000,3199998
2026-07-31 04:11:01,59000,3200007
2026-07-31 04:11:06,60000,3199693
2026-07-31 04:11:12,57000,3192037
2026-07-31 04:11:17,57000,3199994
2026-07-31 04:11:22,57000,3199998
2026-07-31 04:11:27,57000,3199991
2026-07-31 04:11:32,57000,3200001
2026-07-31 04:11:37,59000,3197654
2026-07-31 04:11:42,58000,3200000
2026-07-31 04:11:47,57000,3199842
2026-07-31 04:11:52,57000,3199980
2026-07-31 04:11:57,57000,3200002
2026-07-31 04:12:02,58000,3200003
2026-07-31 04:12:08,57000,3200003
2026-07-31 04:12:13,57000,4000000
2026-07-31 04:12:18,56000,3190716
2026-07-31 04:12:23,57000,3200001
2026-07-31 04:12:28,58000,3200000
2026-07-31 04:12:33,57000,3199998
2026-07-31 04:12:38,60000,3197761
2026-07-31 04:12:43,59000,3199866
2026-07-31 04:12:48,56000,3200001
2026-07-31 04:12:53,56000,3180346
2026-07-31 04:12:58,58000,3200000
2026-07-31 04:13:03,61000,3197048
2026-07-31 04:13:08,56000,3200003
2026-07-31 04:13:14,57000,3200001
2026-07-31 04:13:19,59000,3200001
2026-07-31 04:13:24,60000,3197215
2026-07-31 04:13:29,56000,3195261
2026-07-31 04:13:34,59000,3199998
2026-07-31 04:13:39,57000,3200000
2026-07-31 04:13:44,57000,3200000
2026-07-31 04:13:49,60000,3200000
2026-07-31 04:13:54,62000,3196820
2026-07-31 04:13:59,57000,3200000
2026-07-31 04:14:04,57000,3200000
2026-07-31 04:14:10,58000,3199647
2026-07-31 04:14:15,58000,3200000
2026-07-31 04:14:20,57000,3200000
2026-07-31 04:14:25,60000,3197473
2026-07-31 04:14:30,57000,3199998
2026-07-31 04:14:35,56000,3200001
2026-07-31 04:14:40,57000,3200001
2026-07-31 04:14:45,57000,3196748
2026-07-31 04:14:50,57000,3200001
2026-07-31 04:14:55,61000,3197726
2026-07-31 04:15:00,60000,3200020
2026-07-31 04:15:05,59000,3200006
2026-07-31 04:15:10,57000,3199998
2026-07-31 04:15:16,62000,3197685
2026-07-31 04:15:21,58000,3200000
2026-07-31 04:15:26,57000,3198275
2026-07-31 04:15:31,58000,3200001
2026-07-31 04:15:36,58000,3200001
2026-07-31 04:15:41,61000,3197765
2026-07-31 04:15:46,58000,3200001
2026-07-31 04:15:51,58000,3199998
2026-07-31 04:15:56,62000,3200001
2026-07-31 04:16:01,60000,3199274
2026-07-31 04:16:06,55000,3200001
2026-07-31 04:16:12,55000,3200000
2026-07-31 04:16:17,55000,3200000
2026-07-31 04:16:22,54000,3200001
2026-07-31 04:16:27,56000,3200000
2026-07-31 04:16:32,54000,3200000
2026-07-31 04:16:37,56000,3200000
2026-07-31 04:16:42,54000,3200000
2026-07-31 04:16:47,54000,3199998
2026-07-31 04:16:52,54000,3200000
2026-07-31 04:16:57,54000,3200001
2026-07-31 04:17:03,54000,3200000
2026-07-31 04:17:08,55000,3199998
2026-07-31 04:17:13,54000,3200000
2026-07-31 04:17:18,54000,3200000
2026-07-31 04:17:23,54000,3200000
2026-07-31 04:17:28,54000,3199998
2026-07-31 04:17:33,54000,3200001
2026-07-31 04:17:38,54000,3200009
2026-07-31 04:17:43,54000,3199998
2026-07-31 04:17:48,54000,3190119
2026-07-31 04:17:53,54000,3200001
2026-07-31 04:17:58,54000,3200000
2026-07-31 04:18:04,53000,3199998
2026-07-31 04:18:09,54000,3200000
2026-07-31 04:18:14,54000,3200001
2026-07-31 04:18:19,56000,3200001
2026-07-31 04:18:24,54000,3199999
2026-07-31 04:18:29,54000,3200001
2026-07-31 04:18:34,53000,3200000
2026-07-31 04:18:39,54000,3200000
2026-07-31 04:18:44,54000,3200000
2026-07-31 04:18:49,54000,3200000
2026-07-31 04:18:54,54000,3200000
2026-07-31 04:18:59,54000,3200000
2026-07-31 04:19:04,54000,3579392
2026-07-31 04:19:10,54000,3199928
2026-07-31 04:19:15,54000,3200010
2026-07-31 04:19:20,54000,3200001
2026-07-31 04:19:25,54000,3200000
2026-07-31 04:19:30,54000,3188989
2026-07-31 04:19:35,52000,2950613
2026-07-31 04:19:40,54000,3199898
2026-07-31 04:19:45,54000,3200000
2026-07-31 04:19:50,54000,3200000
2026-07-31 04:19:55,54000,3200000
2026-07-31 04:20:00,54000,3199998
2026-07-31 04:20:05,54000,3199998
2026-07-31 04:20:10,53000,3200008
2026-07-31 04:20:15,54000,3200000
2026-07-31 04:20:20,54000,3200000
2026-07-31 04:20:25,54000,3200001
2026-07-31 04:20:30,54000,3200001
2026-07-31 04:20:36,54000,3200001
2026-07-31 04:20:41,54000,3200000
2026-07-31 04:20:46,54000,3200023
2026-07-31 04:20:51,54000,3200000
2026-07-31 04:20:56,54000,3200000
2026-07-31 04:21:01,54000,3200000
2026-07-31 04:21:06,54000,3200000
2026-07-31 04:21:11,53000,3199998
2026-07-31 04:21:16,54000,3200000
2026-07-31 04:21:21,54000,3200001
2026-07-31 04:21:26,54000,3200001
2026-07-31 04:21:32,54000,3199998
2026-07-31 04:21:37,56000,3200764
2026-07-31 04:21:42,54000,3200001
2026-07-31 04:21:47,54000,3200000
2026-07-31 04:21:52,55000,3200000
2026-07-31 04:21:57,54000,3200001
2026-07-31 04:22:02,54000,3200000
2026-07-31 04:22:07,54000,3199998
2026-07-31 04:22:12,54000,3200001
2026-07-31 04:22:17,54000,3200000
2026-07-31 04:22:22,54000,3199998
2026-07-31 04:22:27,54000,3199998
2026-07-31 04:22:32,54000,3200000
2026-07-31 04:22:38,54000,3200000
2026-07-31 04:22:43,54000,3200000
2026-07-31 04:22:48,54000,3200001
2026-07-31 04:22:53,54000,3200000
2026-07-31 04:22:58,54000,3199998
2026-07-31 04:23:03,54000,3200000
2026-07-31 04:23:08,54000,3200000
2026-07-31 04:23:13,54000,3200000
2026-07-31 04:23:18,54000,3200001
2026-07-31 04:23:23,54000,3200000
2026-07-31 04:23:29,54000,3200000
2026-07-31 04:23:34,54000,3200001
2026-07-31 04:23:39,54000,3200000
2026-07-31 04:23:44,54000,3199933
2026-07-31 04:23:49,54000,3200000
2026-07-31 04:23:54,54000,3199999
2026-07-31 04:23:59,55000,3200001
2026-07-31 04:24:04,54000,3200001
2026-07-31 04:24:09,54000,3199800
2026-07-31 04:24:14,54000,3200009
2026-07-31 04:24:19,54000,3200001
2026-07-31 04:24:24,54000,3200000
2026-07-31 04:24:30,55000,3200001
2026-07-31 04:24:35,54000,3200000
2026-07-31 04:24:40,54000,3199862
2026-07-31 04:24:45,54000,3200000
2026-07-31 04:24:50,54000,3200000
2026-07-31 04:24:55,54000,3200001
2026-07-31 04:25:00,54000,3200000
2026-07-31 04:25:05,55000,3199998
2026-07-31 04:25:10,57000,3219213
2026-07-31 04:25:15,56000,2955748
2026-07-31 04:25:20,57000,3200002
2026-07-31 04:25:26,56000,3199932
2026-07-31 04:25:31,58000,3200001
2026-07-31 04:25:36,56000,3200021
2026-07-31 04:25:41,58000,3200000
2026-07-31 04:25:46,57000,3200038
2026-07-31 04:25:51,59000,3170297
2026-07-31 04:25:56,58000,3197475
2026-07-31 04:26:01,61000,3162037
2026-07-31 04:26:06,57000,2999905
2026-07-31 04:26:11,59000,2999994
2026-07-31 04:26:16,58000,3197630
2026-07-31 04:26:21,56000,3200001
2026-07-31 04:26:26,55000,3200000
2026-07-31 04:26:31,59000,3199998
2026-07-31 04:26:36,59000,3200027
2026-07-31 04:26:42,57000,3130365
2026-07-31 04:26:47,56000,3200000
2026-07-31 04:26:52,59000,3197662
2026-07-31 04:26:57,54000,2918506
2026-07-31 04:27:02,56000,3192153
2026-07-31 04:27:07,58000,3199993
2026-07-31 04:27:12,58000,3199986
2026-07-31 04:27:17,60000,3200000
2026-07-31 04:27:22,58000,3199998
2026-07-31 04:27:27,61000,3197550
2026-07-31 04:27:32,57000,3100000
2026-07-31 04:27:38,58000,3194091
2026-07-31 04:27:43,57000,3199997
2026-07-31 04:27:48,58000,3194106
2026-07-31 04:27:53,58000,3100038
2026-07-31 04:27:58,56000,2943684
2026-07-31 04:28:03,59000,3200001
2026-07-31 04:28:08,57000,3100000
2026-07-31 04:28:13,60000,3200000
2026-07-31 04:28:18,57000,3100001
2026-07-31 04:28:24,60000,3197665
2026-07-31 04:28:29,59000,3100000
2026-07-31 04:28:34,58000,3200019
2026-07-31 04:28:39,58000,3199998
2026-07-31 04:28:44,58000,3197068
2026-07-31 04:28:49,56000,3392681
2026-07-31 04:28:54,58000,2696700
2026-07-31 04:28:59,57000,3100001
2026-07-31 04:29:04,57000,3200001
2026-07-31 04:29:09,58000,3189772
2026-07-31 04:29:14,59000,3159060
2026-07-31 04:29:19,58000,3041985
2026-07-31 04:29:24,58000,3184208
2026-07-31 04:29:29,57000,3197712
2026-07-31 04:29:35,60000,3194318
2026-07-31 04:29:40,58000,3134199
2026-07-31 04:29:45,54000,3200057
2026-07-31 04:29:50,57000,3100008
2026-07-31 04:29:55,60000,2703418
2026-07-31 04:30:00,58000,3073959
2026-07-31 04:30:05,58000,3200001
2026-07-31 04:30:10,58000,3062305
2026-07-31 04:30:15,58000,3183666
2026-07-31 04:30:20,58000,3099769
2026-07-31 04:30:25,58000,3200021
2026-07-31 04:30:30,58000,3191759
2026-07-31 04:30:35,56000,3524368
2026-07-31 04:30:40,60000,3200002
2026-07-31 04:30:45,57000,3119669
2026-07-31 04:30:51,54000,3199998
2026-07-31 04:30:56,59000,3109378
2026-07-31 04:31:01,57000,3195180
2026-07-31 04:31:06,60000,3197126
2026-07-31 04:31:11,57000,3199317
2026-07-31 04:31:16,57000,3095801
2026-07-31 04:31:21,58000,2799982
2026-07-31 04:31:26,57000,3196743
2026-07-31 04:31:31,58000,2900006
2026-07-31 04:31:36,58000,3199997
2026-07-31 04:31:41,60000,3085746
2026-07-31 04:31:46,59000,3199384
2026-07-31 04:31:51,59000,3196577
2026-07-31 04:31:56,58000,3200014
2026-07-31 04:32:01,58000,3205194
2026-07-31 04:32:06,59000,3200001
2026-07-31 04:32:11,59000,3200004
2026-07-31 04:32:16,58000,3200039
2026-07-31 04:32:21,57000,3143825
2026-07-31 04:32:26,57000,3199937
2026-07-31 04:32:31,60000,3199996
2026-07-31 04:32:36,58000,3196668
2026-07-31 04:32:41,57000,2706364
2026-07-31 04:32:46,57000,3177256
2026-07-31 04:32:51,57000,3100011
2026-07-31 04:32:56,57000,3200018
2026-07-31 04:33:01,58000,3200013
2026-07-31 04:33:06,59000,3197765
2026-07-31 04:33:12,57000,3200000
2026-07-31 04:33:17,56000,3935549
2026-07-31 04:33:22,57000,3200000
2026-07-31 04:33:27,58000,3189649
2026-07-31 04:33:32,58000,3200000
2026-07-31 04:33:37,60000,3200002
2026-07-31 04:33:42,58000,3200000
2026-07-31 04:33:47,58000,3200006
2026-07-31 04:33:52,59000,3197685
2026-07-31 04:33:57,58000,3200000
2026-07-31 04:34:02,58000,3199877
2026-07-31 04:34:07,60000,3200000
2026-07-31 04:34:12,55000,3999919
2026-07-31 04:34:17,58000,3199998
2026-07-31 04:34:22,58000,2500013
2026-07-31 04:34:27,57000,3200002
2026-07-31 04:34:33,58000,3197179
2026-07-31 04:34:38,58000,3200000
2026-07-31 04:34:43,58000,3200001
2026-07-31 04:34:48,60000,3200002
2026-07-31 04:34:53,58000,3196915
2026-07-31 04:34:58,60000,3185341
2026-07-31 04:35:03,58000,3184560
2026-07-31 04:35:08,59000,3157568
2026-07-31 04:35:13,57000,3163308
2026-07-31 04:35:18,58000,3192888
2026-07-31 04:35:23,58000,3199995
2026-07-31 04:35:28,58000,3197629
2026-07-31 04:35:34,58000,2711075
2026-07-31 04:35:39,58000,3099998
2026-07-31 04:35:44,57000,3086345
2026-07-31 04:35:49,57000,3197676
2026-07-31 04:35:54,59000,3194232
2026-07-31 04:35:59,56000,3968420
2026-07-31 04:36:04,57000,3200011
2026-07-31 04:36:09,60000,2965571
2026-07-31 04:36:14,58000,3199998
2026-07-31 04:36:19,58000,3200000
2026-07-31 04:36:24,60000,3192959
2026-07-31 04:36:30,59000,3200000
2026-07-31 04:36:35,61000,3197155
2026-07-31 04:36:40,58000,3195472
2026-07-31 04:36:45,58000,3200000
2026-07-31 04:36:50,57000,3200001
2026-07-31 04:36:55,58000,3200000
2026-07-31 04:37:00,59000,3176306
2026-07-31 04:37:05,58000,3200006
2026-07-31 04:37:10,58000,3200001
2026-07-31 04:37:15,58000,3197690
2026-07-31 04:37:20,57000,3196841
2026-07-31 04:37:26,59000,3071983
2026-07-31 04:37:31,58000,3200000
2026-07-31 04:37:36,58000,3200000
2026-07-31 04:37:41,57000,3199998
2026-07-31 04:37:46,58000,3200000
2026-07-31 04:37:51,59000,3166107
2026-07-31 04:37:56,57000,3100000
2026-07-31 04:38:01,60000,3200000
2026-07-31 04:38:06,58000,3197210
2026-07-31 04:38:12,58000,3195130
2026-07-31 04:38:17,61000,3099998
2026-07-31 04:38:22,58000,3200000
2026-07-31 04:38:27,58000,3200000
2026-07-31 04:38:32,55000,3169956
2026-07-31 04:38:37,57000,3200000
2026-07-31 04:38:42,60000,2697391
2026-07-31 04:38:47,58000,3121577
2026-07-31 04:38:52,58000,3100013
2026-07-31 04:38:57,60000,3200002
2026-07-31 04:39:02,57000,3200000
2026-07-31 04:39:08,58000,3200001
2026-07-31 04:39:13,58000,3199998
2026-07-31 04:39:18,58000,3199998
2026-07-31 04:39:23,54000,3815854
2026-07-31 04:39:28,54000,3200008
2026-07-31 04:39:33,53000,3966167
2026-07-31 04:39:38,55000,3200000
2026-07-31 04:39:43,55000,3200013
2026-07-31 04:39:48,55000,3200001
2026-07-31 04:39:53,56000,3200000
2026-07-31 04:39:58,55000,3200011
2026-07-31 04:40:03,57000,3200004
2026-07-31 04:40:09,52000,3200000
2026-07-31 04:40:14,54000,3200001
2026-07-31 04:40:19,56000,3199965
2026-07-31 04:40:24,54000,3199999
2026-07-31 04:40:29,55000,3200000
2026-07-31 04:40:34,55000,3200001
2026-07-31 04:40:39,54000,3200000
2026-07-31 04:40:44,55000,3200001
2026-07-31 04:40:49,60000,3873857
2026-07-31 04:40:54,53000,3199169
2026-07-31 04:40:59,58000,3609141
2026-07-31 04:41:04,57000,3200000
2026-07-31 04:41:09,55000,3200000
2026-07-31 04:41:15,58000,3200000
2026-07-31 04:41:20,53000,3489300
2026-07-31 04:41:25,55000,3199921
2026-07-31 04:41:30,55000,3200003
2026-07-31 04:41:35,51000,3554201
2026-07-31 04:41:40,54000,3199999
2026-07-31 04:41:45,54000,3200001
2026-07-31 04:41:50,54000,3200039
2026-07-31 04:41:55,54000,3200011
2026-07-31 04:42:00,55000,3200003
2026-07-31 04:42:05,58000,3300006
2026-07-31 04:42:10,54000,3200001
2026-07-31 04:42:15,53000,3976056
2026-07-31 04:42:20,53000,3198163
2026-07-31 04:42:25,55000,3940070
2026-07-31 04:42:30,56000,3200000
2026-07-31 04:42:36,56000,3141433
2026-07-31 04:42:41,56000,3200000
2026-07-31 04:42:46,54000,3199993
2026-07-31 04:42:51,55000,3199931
2026-07-31 04:42:56,56000,3199998
2026-07-31 04:43:01,56000,3197576
2026-07-31 04:43:06,54000,3200000
2026-07-31 04:43:11,54000,3200004
2026-07-31 04:43:16,54000,3200000
2026-07-31 04:43:21,53000,3200000
2026-07-31 04:43:26,54000,3200000
2026-07-31 04:43:31,55000,3200000
2026-07-31 04:43:36,54000,3200018
2026-07-31 04:43:41,51000,3979278
2026-07-31 04:43:46,57000,3199783
2026-07-31 04:43:51,56000,3199961
2026-07-31 04:43:56,56000,3199915
2026-07-31 04:44:01,58000,3199898
2026-07-31 04:44:07,57000,3200000
2026-07-31 04:44:12,55000,3965812
2026-07-31 04:44:17,55000,3200001
2026-07-31 04:44:22,55000,3200007
2026-07-31 04:44:27,53000,3194935
2026-07-31 04:44:32,55000,3200001
2026-07-31 04:44:37,55000,3200000
2026-07-31 04:44:42,55000,3199998
2026-07-31 04:44:47,53000,3200000
2026-07-31 04:44:52,54000,3200000
2026-07-31 04:44:57,50000,3325116
2026-07-31 04:45:02,54000,3200001
2026-07-31 04:45:07,55000,3200006
2026-07-31 04:45:12,54000,3199055
2026-07-31 04:45:17,59000,3961759
2026-07-31 04:45:22,55000,3200000
2026-07-31 04:45:27,55000,3200001
2026-07-31 04:45:32,54000,3200002
2026-07-31 04:45:37,52000,3105263
2026-07-31 04:45:43,54000,3200001
2026-07-31 04:45:48,54000,3198932
2026-07-31 04:45:53,55000,3200005
2026-07-31 04:45:58,54000,3200000
2026-07-31 04:46:03,55000,3199998
2026-07-31 04:46:08,56000,3200023
2026-07-31 04:46:13,52000,3977688
2026-07-31 04:46:18,54000,3200000
2026-07-31 04:46:23,54000,3199842
2026-07-31 04:46:28,54000,3200000
2026-07-31 04:46:33,55000,3200000
2026-07-31 04:46:38,54000,3199998
2026-07-31 04:46:43,55000,3199998
2026-07-31 04:46:48,55000,3199767
2026-07-31 04:46:54,54000,3200010
2026-07-31 04:46:59,56000,3200000
2026-07-31 04:47:04,51000,3967100
2026-07-31 04:47:09,54000,3200009
2026-07-31 04:47:14,54000,3200001
2026-07-31 04:47:19,54000,3200000
2026-07-31 04:47:24,55000,3200000
2026-07-31 04:47:29,55000,3200001
2026-07-31 04:47:34,57000,3199981
2026-07-31 04:47:39,55000,3199999
2026-07-31 04:47:44,54000,3972372
2026-07-31 04:47:49,54000,3200013
2026-07-31 04:47:54,55000,3192825
2026-07-31 04:47:59,54000,3200000
2026-07-31 04:48:05,54000,3200005
2026-07-31 04:48:10,55000,3199997
2026-07-31 04:48:15,55000,3200008
2026-07-31 04:48:20,55000,3199844
2026-07-31 04:48:25,54000,3217340
2026-07-31 04:48:30,55000,3200000
2026-07-31 04:48:35,55000,3200000
2026-07-31 04:48:40,55000,3200000
2026-07-31 04:48:45,55000,3200000
2026-07-31 04:48:50,55000,3200000
2026-07-31 04:48:55,55000,3200000
2026-07-31 04:49:01,55000,3199998
2026-07-31 04:49:06,54000,3200000
2026-07-31 04:49:11,55000,3466377
2026-07-31 04:49:16,54000,3200000
2026-07-31 04:49:21,55000,3199996
2026-07-31 04:49:26,54000,3200001
2026-07-31 04:49:31,54000,3199985
2026-07-31 04:49:36,54000,3681977
2026-07-31 04:49:41,55000,3182674
2026-07-31 04:49:46,54000,3199956
2026-07-31 04:49:51,55000,3199979
2026-07-31 04:49:56,55000,3200023
2026-07-31 04:50:02,55000,3200001
2026-07-31 04:50:07,55000,3200001
2026-07-31 04:50:12,56000,3199998
2026-07-31 04:50:17,55000,3200000
2026-07-31 04:50:22,56000,3200009
2026-07-31 04:50:27,55000,3200000
2026-07-31 04:50:32,55000,3200004
2026-07-31 04:50:37,57000,3200001
2026-07-31 04:50:42,55000,3199988
2026-07-31 04:50:47,55000,3200001
2026-07-31 04:50:52,55000,3200000
2026-07-31 04:50:57,54000,3199970
2026-07-31 04:51:03,52000,4000000
2026-07-31 04:51:08,57000,3200033
2026-07-31 04:51:13,54000,3200000
2026-07-31 04:51:18,57000,3200001
2026-07-31 04:51:23,54000,3198215
2026-07-31 04:51:28,56000,3199895
2026-07-31 04:51:33,54000,3200001
2026-07-31 04:51:38,55000,3200177
2026-07-31 04:51:43,54000,3199887
2026-07-31 04:51:48,55000,3200004
2026-07-31 04:51:53,55000,3200000
2026-07-31 04:51:58,55000,3200001
2026-07-31 04:52:03,54000,3200001
2026-07-31 04:52:09,57000,3199996
2026-07-31 04:52:14,54000,3200002
2026-07-31 04:52:19,54000,3200000
2026-07-31 04:52:24,54000,3200000
2026-07-31 04:52:29,55000,3200000
2026-07-31 04:52:34,54000,3200001
2026-07-31 04:52:39,54000,3200000
2026-07-31 04:52:44,54000,3199611
2026-07-31 04:52:49,54000,3200002
2026-07-31 04:52:54,56000,3199926
2026-07-31 04:52:59,54000,3200005
2026-07-31 04:53:04,55000,3200232
2026-07-31 04:53:09,54000,3197517
2026-07-31 04:53:14,54000,3201540
2026-07-31 04:53:19,55000,3200000
2026-07-31 04:53:25,57000,3199999
2026-07-31 04:53:30,54000,3200008
2026-07-31 04:53:35,58000,3200001
2026-07-31 04:53:40,54000,3198705
2026-07-31 04:53:45,56000,3199998
2026-07-31 04:53:50,54000,3200012
2026-07-31 04:53:55,55000,3200000
2026-07-31 04:54:00,56000,3200000
2026-07-31 04:54:05,58000,3200001
2026-07-31 04:54:10,54000,3200022
2026-07-31 04:54:15,54000,3200016
2026-07-31 04:54:21,54000,3200003
2026-07-31 04:54:26,54000,3200002
2026-07-31 04:54:31,54000,3200000
2026-07-31 04:54:36,54000,3200020
2026-07-31 04:54:41,55000,3200000
2026-07-31 04:54:46,56000,3200005
2026-07-31 04:54:51,56000,3199430
2026-07-31 04:54:56,55000,3200000
2026-07-31 04:55:01,52000,3958246
2026-07-31 04:55:06,54000,3200000
2026-07-31 04:55:12,54000,3200000
2026-07-31 04:55:17,55000,3200000
2026-07-31 04:55:22,56000,3200004
2026-07-31 04:55:27,54000,3199983
2026-07-31 04:55:32,56000,3199998
2026-07-31 04:55:37,54000,3200000
2026-07-31 04:55:42,56000,3200000
2026-07-31 04:55:47,54000,3200000
2026-07-31 04:55:52,55000,3200010
2026-07-31 04:55:57,55000,3200080
2026-07-31 04:56:02,55000,3199994
2026-07-31 04:56:07,54000,3199998
2026-07-31 04:56:12,55000,3200008
2026-07-31 04:56:18,55000,3200000
2026-07-31 04:56:23,55000,3200000
2026-07-31 04:56:28,54000,3160160
2026-07-31 04:56:33,54000,3199998
2026-07-31 04:56:38,54000,3199975
2026-07-31 04:56:43,55000,3200001
2026-07-31 04:56:48,54000,3168491
2026-07-31 04:56:53,54000,3190530
2026-07-31 04:56:58,56000,3195768
2026-07-31 04:57:03,56000,3199529
2026-07-31 04:57:08,59000,3196716
2026-07-31 04:57:13,60000,3199797
2026-07-31 04:57:18,56000,3200005
2026-07-31 04:57:23,57000,3569625
2026-07-31 04:57:28,59000,3099606
2026-07-31 04:57:33,56000,3200000
2026-07-31 04:57:38,57000,3205256
2026-07-31 04:57:43,61000,3200003
2026-07-31 04:57:48,55000,3200000
2026-07-31 04:57:53,56000,3200001
2026-07-31 04:57:59,55000,3200000
2026-07-31 04:58:04,57000,3200000
2026-07-31 04:58:09,56000,3199979
2026-07-31 04:58:14,56000,3199001
2026-07-31 04:58:19,55000,3200001
2026-07-31 04:58:24,55000,3200000
2026-07-31 04:58:29,55000,3200001
2026-07-31 04:58:34,56000,3200000
2026-07-31 04:58:39,55000,3200000
2026-07-31 04:58:44,55000,3200005
2026-07-31 04:58:49,55000,3200026
2026-07-31 04:58:54,59000,3200337
2026-07-31 04:58:59,54000,3199998
2026-07-31 04:59:05,55000,3200001
2026-07-31 04:59:10,55000,3199996
2026-07-31 04:59:15,55000,3199998
2026-07-31 04:59:20,56000,3200000
2026-07-31 04:59:25,55000,3200002
2026-07-31 04:59:30,55000,3199981
2026-07-31 04:59:35,55000,3200002
2026-07-31 04:59:40,55000,3199980
2026-07-31 04:59:45,55000,3199993
2026-07-31 04:59:50,55000,3126237
2026-07-31 04:59:55,54000,3200001
2026-07-31 05:00:00,55000,3200000
2026-07-31 05:00:05,54000,3200000
2026-07-31 05:00:10,54000,3200001
2026-07-31 05:00:16,55000,3199991
2026-07-31 05:00:21,57000,3199905
2026-07-31 05:00:26,54000,3199973
2026-07-31 05:00:31,58000,3200000
2026-07-31 05:00:36,56000,3200001
2026-07-31 05:00:41,55000,3200007
2026-07-31 05:00:46,55000,3199979
2026-07-31 05:00:51,56000,3200000
2026-07-31 05:00:56,54000,3200018
2026-07-31 05:01:01,55000,3200003
2026-07-31 05:01:06,54000,3200000
2026-07-31 05:01:11,55000,3200004
2026-07-31 05:01:16,54000,3200001
2026-07-31 05:01:22,56000,3200012
2026-07-31 05:01:27,55000,3200000
2026-07-31 05:01:32,55000,3200000
2026-07-31 05:01:37,58000,3199957
2026-07-31 05:01:42,54000,3200001
2026-07-31 05:01:47,58000,3199991
2026-07-31 05:01:52,57000,3200001
2026-07-31 05:01:57,55000,3198420
2026-07-31 05:02:02,55000,3200004
2026-07-31 05:02:07,55000,3200010
2026-07-31 05:02:13,55000,3200009
2026-07-31 05:02:18,54000,3200001
2026-07-31 05:02:23,58000,3200000
2026-07-31 05:02:28,54000,3199998
2026-07-31 05:02:33,55000,3200004
2026-07-31 05:02:38,55000,3200001
2026-07-31 05:02:43,55000,3200001
2026-07-31 05:02:48,55000,3200000
2026-07-31 05:02:53,55000,3200000
2026-07-31 05:02:58,57000,3200000
2026-07-31 05:03:03,55000,3199998
2026-07-31 05:03:09,56000,3200006
2026-07-31 05:03:14,55000,3200001
2026-07-31 05:03:19,55000,3200023
2026-07-31 05:03:24,55000,3200015
2026-07-31 05:03:29,55000,3200018
2026-07-31 05:03:34,53000,3234821
2026-07-31 05:03:39,54000,3200000
2026-07-31 05:03:44,57000,3199989
2026-07-31 05:03:49,54000,3200000
2026-07-31 05:03:54,55000,3199999
2026-07-31 05:03:59,55000,3200000
2026-07-31 05:04:04,55000,3200000
2026-07-31 05:04:09,55000,3199999
2026-07-31 05:04:15,55000,3200000
2026-07-31 05:04:20,58000,3200001
2026-07-31 05:04:25,55000,3199999
2026-07-31 05:04:30,56000,3200000
2026-07-31 05:04:35,55000,3199997
2026-07-31 05:04:40,56000,3200008
2026-07-31 05:04:45,55000,3200000
2026-07-31 05:04:50,55000,3200000
2026-07-31 05:04:55,55000,3200000
2026-07-31 05:05:01,54000,3199998
2026-07-31 05:05:06,58000,3200000
2026-07-31 05:05:11,55000,3200000
2026-07-31 05:05:16,55000,3200013
2026-07-31 05:05:21,54000,3200000
2026-07-31 05:05:26,54000,3201232
2026-07-31 05:05:31,54000,3200000
2026-07-31 05:05:36,55000,3200000
2026-07-31 05:05:41,55000,3200004
2026-07-31 05:05:46,55000,3200005
2026-07-31 05:05:52,59000,3199998
2026-07-31 05:05:57,54000,3199998
2026-07-31 05:06:02,55000,3200003
2026-07-31 05:06:07,55000,3200000
2026-07-31 05:06:12,55000,3199973
2026-07-31 05:06:17,55000,3200001
2026-07-31 05:06:22,54000,3200001
2026-07-31 05:06:27,56000,3202872
2026-07-31 05:06:32,57000,3018220
2026-07-31 05:06:37,56000,3200000
2026-07-31 05:06:42,58000,3199971
2026-07-31 05:06:47,57000,3200000
2026-07-31 05:06:53,59000,3199742
2026-07-31 05:06:58,58000,3199998
2026-07-31 05:07:03,59000,3199988
2026-07-31 05:07:08,57000,3198215
2026-07-31 05:07:13,60000,3100000
2026-07-31 05:07:18,57000,3199894
2026-07-31 05:07:23,54000,3572477
2026-07-31 05:07:28,56000,3199417
2026-07-31 05:07:33,57000,3200000
2026-07-31 05:07:38,56000,3200000
2026-07-31 05:07:43,57000,3199970
2026-07-31 05:07:48,57000,3200009
2026-07-31 05:07:53,57000,3199976
2026-07-31 05:07:58,57000,3200013
2026-07-31 05:08:03,60000,3200031
2026-07-31 05:08:08,57000,3199998
2026-07-31 05:08:13,59000,3199993
2026-07-31 05:08:19,57000,3199819
2026-07-31 05:08:24,54000,3967203
2026-07-31 05:08:29,57000,3201963
2026-07-31 05:08:34,57000,3200008
2026-07-31 05:08:39,57000,3199998
2026-07-31 05:08:44,56000,3200012
2026-07-31 05:08:49,58000,3200000
2026-07-31 05:08:54,58000,3200000
2026-07-31 05:08:59,59000,3200001
2026-07-31 05:09:04,60000,3197741
2026-07-31 05:09:09,57000,3199992
2026-07-31 05:09:14,59000,3200001
2026-07-31 05:09:19,57000,3200019
2026-07-31 05:09:24,53000,3264189
2026-07-31 05:09:29,57000,3194793
2026-07-31 05:09:35,57000,3200001
2026-07-31 05:09:40,59000,3200000
2026-07-31 05:09:45,57000,3200000
2026-07-31 05:09:50,57000,3200006
2026-07-31 05:09:55,57000,3211342
2026-07-31 05:10:00,57000,3199998
2026-07-31 05:10:05,59000,3200000
2026-07-31 05:10:10,57000,3199056
2026-07-31 05:10:15,59000,3197539
2026-07-31 05:10:20,59000,3200000
2026-07-31 05:10:25,53000,3543978
2026-07-31 05:10:30,57000,3185969
2026-07-31 05:10:36,57000,3197551
2026-07-31 05:10:41,57000,3200000
2026-07-31 05:10:46,57000,3199998
2026-07-31 05:10:51,57000,3200001
2026-07-31 05:10:56,59000,3197710
2026-07-31 05:11:01,57000,3200000
2026-07-31 05:11:06,62000,3197223
2026-07-31 05:11:11,58000,3200000
2026-07-31 05:11:16,60000,3200000
2026-07-31 05:11:21,57000,3200000
2026-07-31 05:11:27,52000,3451658
2026-07-31 05:11:32,56000,3200000
2026-07-31 05:11:37,58000,3000000
2026-07-31 05:11:42,57000,3199975
2026-07-31 05:11:47,59000,3200030
2026-07-31 05:11:52,56000,3205022
2026-07-31 05:11:57,60000,3200001
2026-07-31 05:12:02,57000,3200026
2026-07-31 05:12:07,59000,3200000
2026-07-31 05:12:12,57000,3200000
2026-07-31 05:12:17,61000,3196784
2026-07-31 05:12:22,57000,3200000
2026-07-31 05:12:28,55000,3200000
2026-07-31 05:12:33,59000,3199670
2026-07-31 05:12:38,60000,3139223
2026-07-31 05:12:43,60000,3199877
2026-07-31 05:12:48,57000,3199968
2026-07-31 05:12:53,58000,3200000
2026-07-31 05:12:58,57000,3200000
2026-07-31 05:13:03,57000,3215398
2026-07-31 05:13:08,58000,2952270
2026-07-31 05:13:13,60000,3098444
2026-07-31 05:13:18,57000,3200015
2026-07-31 05:13:23,60000,3195208
2026-07-31 05:13:28,56000,3200000
2026-07-31 05:13:33,55000,3199537
2026-07-31 05:13:38,56000,3200000
2026-07-31 05:13:43,58000,3199993
2026-07-31 05:13:48,57000,3199998
2026-07-31 05:13:53,59000,3199765
2026-07-31 05:13:58,59000,3199751
2026-07-31 05:14:03,58000,3200001
2026-07-31 05:14:09,61000,2993543
2026-07-31 05:14:14,58000,3200000
2026-07-31 05:14:19,60000,3199998
2026-07-31 05:14:24,57000,3199998
2026-07-31 05:14:29,60000,3197703
2026-07-31 05:14:34,58000,3199998
2026-07-31 05:14:39,57000,3200000
2026-07-31 05:14:44,57000,3200020
2026-07-31 05:14:49,57000,3200000
2026-07-31 05:14:54,57000,3200000
2026-07-31 05:14:59,58000,3200000
2026-07-31 05:15:04,57000,3200000
2026-07-31 05:15:09,59000,3145733
2026-07-31 05:15:14,57000,3200000
2026-07-31 05:15:19,60000,3195351
2026-07-31 05:15:25,57000,3200000
2026-07-31 05:15:30,61000,3197575
2026-07-31 05:15:35,57000,3198000
2026-07-31 05:15:40,56000,3198099
2026-07-31 05:15:45,57000,3199998
2026-07-31 05:15:50,57000,3200001
2026-07-31 05:15:55,57000,3199985
2026-07-31 05:16:00,55000,3199993
2026-07-31 05:16:05,56000,3200000
2026-07-31 05:16:10,59000,3200001
2026-07-31 05:16:15,57000,3200000
2026-07-31 05:16:20,58000,3165000
2026-07-31 05:16:26,57000,3199998
2026-07-31 05:16:31,60000,3195408
2026-07-31 05:16:36,59000,3200006
2026-07-31 05:16:41,60000,3197360
2026-07-31 05:16:46,57000,3198007
2026-07-31 05:16:51,56000,3200000
2026-07-31 05:16:56,56000,3200001
2026-07-31 05:17:01,62000,3200001
2026-07-31 05:17:06,57000,3200000
2026-07-31 05:17:11,60000,3199983
2026-07-31 05:17:16,57000,3200000
2026-07-31 05:17:21,61000,3198062
2026-07-31 05:17:26,57000,3199991
2026-07-31 05:17:32,57000,3200000
2026-07-31 05:17:37,57000,3200000
2026-07-31 05:17:42,57000,3200004
2026-07-31 05:17:47,57000,3200000
2026-07-31 05:17:52,57000,3200286
2026-07-31 05:17:57,58000,3200001
2026-07-31 05:18:02,56000,3200001
2026-07-31 05:18:07,57000,3200000
2026-07-31 05:18:12,57000,3199992
2026-07-31 05:18:17,57000,3199998
2026-07-31 05:18:22,57000,3200000
2026-07-31 05:18:27,57000,3200000
2026-07-31 05:18:33,57000,3200003
2026-07-31 05:18:38,57000,3199997
2026-07-31 05:18:43,59000,3200012
2026-07-31 05:18:48,58000,3200005
2026-07-31 05:18:53,57000,3200000
2026-07-31 05:18:58,58000,3200000
2026-07-31 05:19:03,57000,3199998
2026-07-31 05:19:08,58000,3200000
2026-07-31 05:19:13,57000,3190661
2026-07-31 05:19:18,57000,3200001
2026-07-31 05:19:24,57000,3200000
2026-07-31 05:19:29,57000,3200000
2026-07-31 05:19:34,57000,3200001
2026-07-31 05:19:39,58000,3200001
2026-07-31 05:19:44,57000,3200000
2026-07-31 05:19:49,60000,3200000
2026-07-31 05:19:54,57000,3199996
2026-07-31 05:19:59,57000,3222090
2026-07-31 05:20:04,57000,3199973
2026-07-31 05:20:09,58000,3200000
2026-07-31 05:20:14,58000,3200001
2026-07-31 05:20:19,59000,3200012
2026-07-31 05:20:25,57000,3200000
2026-07-31 05:20:30,59000,3198023
2026-07-31 05:20:35,57000,3200000
2026-07-31 05:20:40,59000,3170434
2026-07-31 05:20:45,58000,3200023
2026-07-31 05:20:50,59000,3200000
2026-07-31 05:20:55,57000,3200000
2026-07-31 05:21:00,60000,3199070
2026-07-31 05:21:05,57000,3200001
2026-07-31 05:21:10,60000,3200010
2026-07-31 05:21:15,57000,3199980
2026-07-31 05:21:20,60000,3194376
2026-07-31 05:21:26,57000,3199984
2026-07-31 05:21:31,57000,3200000
2026-07-31 05:21:36,58000,3200001
2026-07-31 05:21:41,58000,3200016
2026-07-31 05:21:46,57000,3199992
2026-07-31 05:21:51,57000,3199980
2026-07-31 05:21:56,57000,3199998
2026-07-31 05:22:01,56000,3199982
2026-07-31 05:22:06,57000,3200001
2026-07-31 05:22:11,57000,3199978
2026-07-31 05:22:16,57000,3199996
2026-07-31 05:22:22,57000,3200001
2026-07-31 05:22:27,57000,3200000
2026-07-31 05:22:32,57000,3199980
2026-07-31 05:22:37,57000,3200001
2026-07-31 05:22:42,58000,3199998
2026-07-31 05:22:47,58000,3200008
2026-07-31 05:22:52,57000,3199980
2026-07-31 05:22:57,57000,3200001
2026-07-31 05:23:02,58000,3200476
2026-07-31 05:23:07,59000,3199998
2026-07-31 05:23:12,60000,3201131
2026-07-31 05:23:17,62000,3197011
2026-07-31 05:23:22,58000,3200012
2026-07-31 05:23:28,58000,2899877
2026-07-31 05:23:33,62000,3197219
2026-07-31 05:23:38,58000,3199997
2026-07-31 05:23:43,62000,3198507
2026-07-31 05:23:48,58000,3200000
2026-07-31 05:23:53,61000,3199998
2026-07-31 05:23:58,59000,3165413
2026-07-31 05:24:03,62000,3200003
2026-07-31 05:24:08,62000,3197053
2026-07-31 05:24:13,62000,3194867
2026-07-31 05:24:18,62000,3200000
2026-07-31 05:24:24,58000,3200011
2026-07-31 05:24:29,53000,3389274
2026-07-31 05:24:34,57000,3202451
2026-07-31 05:24:39,58000,3199998
2026-07-31 05:24:44,59000,3200000
2026-07-31 05:24:49,62000,3197698
2026-07-31 05:24:54,57000,3200001
2026-07-31 05:24:59,59000,3200019
2026-07-31 05:25:04,58000,3200000
2026-07-31 05:25:09,62000,3196431
2026-07-31 05:25:14,60000,3197653
2026-07-31 05:25:19,62000,3195294
2026-07-31 05:25:24,58000,3200000
2026-07-31 05:25:29,61000,3197498
2026-07-31 05:25:34,57000,3200004
2026-07-31 05:25:40,55000,3205370
2026-07-31 05:25:45,58000,3200001
2026-07-31 05:25:50,59000,3100001
2026-07-31 05:25:55,60000,3199254
2026-07-31 05:26:00,60000,3197106
2026-07-31 05:26:05,63000,3194481
2026-07-31 05:26:10,58000,3194048
2026-07-31 05:26:15,62000,3196694
2026-07-31 05:26:20,57000,3199998
2026-07-31 05:26:25,58000,3200000
2026-07-31 05:26:30,60000,3199995
2026-07-31 05:26:35,57000,3200000
2026-07-31 05:26:41,59000,3959943
2026-07-31 05:26:46,52000,3583899
2026-07-31 05:26:51,59000,3195119
2026-07-31 05:26:56,56000,3201910
2026-07-31 05:27:01,56000,3200018
2026-07-31 05:27:06,59000,3200000
2026-07-31 05:27:11,58000,3199967
2026-07-31 05:27:16,60000,3177997
2026-07-31 05:27:21,61000,3196946
2026-07-31 05:27:26,60000,3195462
2026-07-31 05:27:31,58000,3200000
2026-07-31 05:27:36,58000,3200000
2026-07-31 05:27:41,58000,3971949
2026-07-31 05:27:46,60000,3197335
2026-07-31 05:27:51,57000,3200001
2026-07-31 05:27:57,57000,3200000
2026-07-31 05:28:02,59000,3200000
2026-07-31 05:28:07,59000,3200027
2026-07-31 05:28:12,60000,3199996
2026-07-31 05:28:17,57000,3200001
2026-07-31 05:28:22,57000,3200000
2026-07-31 05:28:27,60000,3200000
2026-07-31 05:28:32,57000,2952159
2026-07-31 05:28:37,60000,3197086
2026-07-31 05:28:42,56000,3199816
2026-07-31 05:28:47,57000,3199994
2026-07-31 05:28:52,60000,3199998
2026-07-31 05:28:57,57000,3200001
2026-07-31 05:29:02,60000,3197318
2026-07-31 05:29:08,56000,3200000
2026-07-31 05:29:13,57000,3200001
2026-07-31 05:29:18,60000,3197568
2026-07-31 05:29:23,59000,3200008
2026-07-31 05:29:28,50000,3915203
2026-07-31 05:29:33,56000,3199440
2026-07-31 05:29:38,60000,3199709
2026-07-31 05:29:43,56000,3199998
2026-07-31 05:29:48,58000,3200013
2026-07-31 05:29:53,56000,3199579
2026-07-31 05:29:58,60000,3195432
2026-07-31 05:30:03,61000,3145762
2026-07-31 05:30:08,58000,3199493
2026-07-31 05:30:13,60000,3199996
2026-07-31 05:30:18,60000,3199513
2026-07-31 05:30:23,59000,3200001
2026-07-31 05:30:28,60000,3200014
2026-07-31 05:30:33,58000,3199834
2026-07-31 05:30:38,59000,3200000
2026-07-31 05:30:43,58000,2827475
2026-07-31 05:30:48,59000,3200007
2026-07-31 05:30:53,62000,3198113
2026-07-31 05:30:58,59000,3200007
2026-07-31 05:31:04,62000,3197646
2026-07-31 05:31:09,60000,3197190
2026-07-31 05:31:14,59000,3197724
2026-07-31 05:31:19,62000,3198202
2026-07-31 05:31:24,60000,3196146
2026-07-31 05:31:29,61000,3195230
2026-07-31 05:31:34,61000,3197208
2026-07-31 05:31:39,60000,3196308
2026-07-31 05:31:44,61000,2829703
2026-07-31 05:31:49,60000,3198520
2026-07-31 05:31:54,62000,3199145
2026-07-31 05:31:59,61000,3148100
2026-07-31 05:32:04,57000,3199998
2026-07-31 05:32:09,58000,3084776
2026-07-31 05:32:14,59000,3016620
2026-07-31 05:32:20,53000,3199732
2026-07-31 05:32:25,56000,3199989
2026-07-31 05:32:30,61000,3198070
2026-07-31 05:32:35,60000,3197734
2026-07-31 05:32:40,60000,3125153
2026-07-31 05:32:45,62000,3198221
2026-07-31 05:32:50,61000,3197287
2026-07-31 05:32:55,60000,3199983
2026-07-31 05:33:00,61000,3197513
2026-07-31 05:33:05,61000,3199998
2026-07-31 05:33:10,60000,3024306
2026-07-31 05:33:16,61000,3197540
2026-07-31 05:33:21,62000,3197191
2026-07-31 05:33:26,62000,3198077
2026-07-31 05:33:31,61000,3195382
2026-07-31 05:33:36,61000,3197688
2026-07-31 05:33:41,57000,3200001
2026-07-31 05:33:46,54000,3168506
2026-07-31 05:33:51,58000,3200000
2026-07-31 05:33:56,62000,3195233
2026-07-31 05:34:01,60000,2776378
2026-07-31 05:34:06,61000,3198013
2026-07-31 05:34:12,62000,3200004
2026-07-31 05:34:17,57000,3200000
2026-07-31 05:34:22,61000,3199993
2026-07-31 05:34:27,62000,3200000
2026-07-31 05:34:32,58000,3028101
2026-07-31 05:34:37,61000,3199996
2026-07-31 05:34:42,63000,3198126
2026-07-31 05:34:47,58000,3200000
2026-07-31 05:34:52,62000,3194374
2026-07-31 05:34:57,57000,3200028
2026-07-31 05:35:02,59000,3199998
2026-07-31 05:35:08,58000,3200001
2026-07-31 05:35:13,60000,3196768
2026-07-31 05:35:18,58000,3199990
2026-07-31 05:35:23,58000,3200000
2026-07-31 05:35:28,62000,3197738
2026-07-31 05:35:33,57000,3199998
2026-07-31 05:35:38,61000,3197687
2026-07-31 05:35:43,60000,3200006
2026-07-31 05:35:48,57000,3200001
2026-07-31 05:35:53,60000,3200000
2026-07-31 05:35:58,57000,3199998
2026-07-31 05:36:04,57000,3200000
2026-07-31 05:36:09,61000,3197587
2026-07-31 05:36:14,57000,3199997
2026-07-31 05:36:19,63000,3197673
2026-07-31 05:36:24,57000,3200001
2026-07-31 05:36:29,59000,2874294
2026-07-31 05:36:34,57000,3200000
2026-07-31 05:36:39,58000,3199999
2026-07-31 05:36:44,57000,3200000
2026-07-31 05:36:49,59000,3200004
2026-07-31 05:36:54,54000,3182738
2026-07-31 05:37:00,56000,3200000
2026-07-31 05:37:05,59000,3197852
2026-07-31 05:37:10,57000,3199923
2026-07-31 05:37:15,57000,3200001
2026-07-31 05:37:20,62000,3200011
2026-07-31 05:37:25,57000,3200000
2026-07-31 05:37:30,62000,3197753
2026-07-31 05:37:35,57000,3200000
2026-07-31 05:37:40,57000,3200015
2026-07-31 05:37:45,57000,3200000
2026-07-31 05:37:50,56000,3200005
2026-07-31 05:37:56,62000,3198120
2026-07-31 05:38:01,57000,3200026
2026-07-31 05:38:06,57000,3199998
2026-07-31 05:38:11,58000,3199998
2026-07-31 05:38:16,57000,3199998
2026-07-31 05:38:21,62000,3200005
2026-07-31 05:38:26,57000,3200000
2026-07-31 05:38:31,62000,3197737
2026-07-31 05:38:36,57000,3200003
